Product_ID,Product_Key,Product_Description,Product_Category,Record_Type,Source_Status,Source_Count,In_Sales,In_Stock,In_SOA,Sales_Stock_Code,Sales_Description,Sales_Category,Stock_Model,Stock_Description,Stock_Category,SOA_Model,SOA_Description
1,010-02384-10,Garmin Lily Cream Gold & White,FITNESS,PRODUCT,SALES_ONLY,1,True,False,False,010-02384-10,Garmin Lily Cream Gold & White,FITNESS,,,,,
2,010-02784-00,Garmin Venu 3 Smartwatch - Silver,FITNESS,PRODUCT,SALES_ONLY,1,True,False,False,010-02784-00,Garmin Venu 3 Smartwatch - Silver,FITNESS,,,,,
3,010-02784-01,Garmin Venu 3 Smartwatch - Slate,FITNESS,PRODUCT,SALES_ONLY,1,True,False,False,010-02784-01,Garmin Venu 3 Smartwatch - Slate,FITNESS,,,,,
4,010-02839-00,"Garmin Lily 2, Cream Gold w/",FITNESS,PRODUCT,SALES_ONLY,1,True,False,False,010-02839-00,"Garmin Lily 2, Cream Gold w/",FITNESS,,,,,
5,01950,NUTRIBULLET PRO 4pc Starter Kit,BLENDERS,PRODUCT,SALES_ONLY,1,True,False,False,01950,NUTRIBULLET PRO 4pc Starter Kit,BLENDERS,,,,,
6,10009310,Miele GGRP Gourmet Griddle Plate,WHITES ACCESSORIES,PRODUCT,SALES_ONLY,1,True,False,False,10009310,Miele GGRP Gourmet Griddle Plate,WHITES ACCESSORIES,,,,,
7,10107860,Miele SF-AP 50 Air Clean Plus Filter,VACUUM ACCESSORIES,PRODUCT,SALES_ONLY,1,True,False,False,10107860,Miele SF-AP 50 Air Clean Plus Filter,VACUUM ACCESSORIES,,,,,
8,10234470,Miele Nature Flacon,WHITES ACCESSORIES,PRODUCT,SALES_ONLY,1,True,False,False,10234470,Miele Nature Flacon,WHITES ACCESSORIES,,,,,
9,102785,"MR Equip Metallic Red, 1.5 litre, 3kw",KETTLES,PRODUCT,SALES_ONLY,1,True,False,False,102785,"MR Equip Metallic Red, 1.5 litre, 3kw",KETTLES,,,,,
10,103414675,ZAGG Pro Keys 2-Apple iPad Pro 13,IT ACCESSORIES,PRODUCT,SALES_ONLY,1,True,False,False,103414675,ZAGG Pro Keys 2-Apple iPad Pro 13,IT ACCESSORIES,,,,,
11,107833-01,Dyson Supersonic Hair Dryer,,PRODUCT,SOA_ONLY,1,False,False,True,,,,,,,107833-01,Dyson Supersonic Hair Dryer
12,10795780,Sensitive Ultra Phase 2,WHITES ACCESSORIES,PRODUCT,SALES_ONLY,1,True,False,False,10795780,Sensitive Ultra Phase 2,WHITES ACCESSORIES,,,,,
13,110200,Port Designs Belize Satchel Bag 15.6,BAGS,PRODUCT,SALES_ONLY,1,True,False,False,110200,Port Designs Belize Satchel Bag 15.6,BAGS,,,,,
14,1107129,Berghoff Coffee /Tea Plunger .60L,HOUSEHOLD,PRODUCT,SALES_ONLY,1,True,False,False,1107129,Berghoff Coffee /Tea Plunger .60L,HOUSEHOLD,,,,,
15,1107130,Berghoff Coffee /Tea Plunger .80L,HOUSEHOLD,PRODUCT,SALES_ONLY,1,True,False,False,1107130,Berghoff Coffee /Tea Plunger .80L,HOUSEHOLD,,,,,
16,112.000,AV Link 2.0M Coaxial Plug to Coaxial,ACCESSORIES,PRODUCT,SALES_ONLY,1,True,False,False,112.000,AV Link 2.0M Coaxial Plug to Coaxial,ACCESSORIES,,,,,
17,112.204,TV Arial Lead 4.0m,ACCESSORIES,PRODUCT,SALES_ONLY,1,True,False,False,112.204,TV Arial Lead 4.0m,ACCESSORIES,,,,,
18,112030,Flylead F Male - F Male 2.0m,CABLES,PRODUCT,SALES_ONLY,1,True,False,False,112030,Flylead F Male - F Male 2.0m,CABLES,,,,,
19,112032,Flylead F Male - F Male 4.0m,CABLES,PRODUCT,SALES_ONLY,1,True,False,False,112032,Flylead F Male - F Male 4.0m,CABLES,,,,,
20,112072,3xRCA M - 3xRCA M Lead 1.5m,CABLES,PRODUCT,SALES_ONLY,1,True,False,False,112072,3xRCA M - 3xRCA M Lead 1.5m,CABLES,,,,,
21,113.004,USB Lead 2.0 Plug A to Plug B 1.5m,ACCESSORIES,PRODUCT,SALES_ONLY,1,True,False,False,113.004,USB Lead 2.0 Plug A to Plug B 1.5m,ACCESSORIES,,,,,
22,11666850,Miele CX1 Boost Black & Red,CYLINDER VACS,PRODUCT,SALES_ONLY,1,True,False,False,11666850,Miele CX1 Boost Black & Red,CYLINDER VACS,,,,,
23,11891600,Miele Ultra Phase 1 WA UP1 1402 L,WHITES ACCESSORIES,PRODUCT,SALES_ONLY,1,True,False,False,11891600,Miele Ultra Phase 1 WA UP1 1402 L,WHITES ACCESSORIES,,,,,
24,11891800,Miele Ultra Phase 2 WA UP2 1402,WHITES ACCESSORIES,PRODUCT,SALES_ONLY,1,True,False,False,11891800,Miele Ultra Phase 2 WA UP2 1402,WHITES ACCESSORIES,,,,,
25,12022180,Miele Flacon Rose Up to 50 cycles,WHITES ACCESSORIES,PRODUCT,SALES_ONLY,1,True,False,False,12022180,Miele Flacon Rose Up to 50 cycles,WHITES ACCESSORIES,,,,,
26,12031840,(New) Miele Complete C3 Autumn,CYLINDER VACS,PRODUCT,SALES_ONLY,1,True,False,False,12031840,(New) Miele Complete C3 Autumn,CYLINDER VACS,,,,,
27,12034070,Miele Red Blizzard CX1 Cat & Dog,CYLINDER VACS,PRODUCT,SALES_ONLY,1,True,False,False,12034070,Miele Red Blizzard CX1 Cat & Dog,CYLINDER VACS,,,,,
28,12377910,Miele Duoflex HX1 Nordic Blue,STICK VACS,PRODUCT,SALES_ONLY,1,True,False,False,12377910,Miele Duoflex HX1 Nordic Blue,STICK VACS,,,,,
29,12377940,Miele Duoflex HX1 Cat&Dog,STICK VACS,PRODUCT,SALES_ONLY,1,True,False,False,12377940,Miele Duoflex HX1 Cat&Dog,STICK VACS,,,,,
30,12557060,Miele Pure TU Hyclean Vac Bags,VACUUM BAGS,PRODUCT,SALES_ONLY,1,True,False,False,12557060,Miele Pure TU Hyclean Vac Bags,VACUUM BAGS,,,,,
31,12557080,Miele Pure CO Hyclean Dustbags,VACUUM BAGS,PRODUCT,SALES_ONLY,1,True,False,False,12557080,Miele Pure CO Hyclean Dustbags,VACUUM BAGS,,,,,
32,12652280,Miele Guard L1 ALL FLOOR Obs Blk,CYLINDER VACS,PRODUCT,SALES_ONLY,1,True,False,False,12652280,Miele Guard L1 ALL FLOOR Obs Blk,CYLINDER VACS,,,,,
33,12652540,Miele Guard M1 CAT & DOG,CYLINDER VACS,PRODUCT,SALES_ONLY,1,True,False,False,12652540,Miele Guard M1 CAT & DOG,CYLINDER VACS,,,,,
34,1315080,Berghoff Covered stockpot Helix,HOUSEHOLD,PRODUCT,SALES_ONLY,1,True,False,False,1315080,Berghoff Covered stockpot Helix,HOUSEHOLD,,,,,
35,15199,Russell Hobbs 2 Plate Portable Hob,FOOD PREP,PRODUCT,SALES_ONLY,1,True,False,False,15199,Russell Hobbs 2 Plate Portable Hob,FOOD PREP,,,,,
36,161818-01,Dyson Supersonic Ceramic,,PRODUCT,SOA_ONLY,1,False,False,True,,,,,,,161818-01,Dyson Supersonic Ceramic
37,16733,Imetec Double Mattress Cover Dual,ELECTRIC BLANKETS,PRODUCT,SALES_ONLY,1,True,False,False,16733,Imetec Double Mattress Cover Dual,ELECTRIC BLANKETS,,,,,
38,16734,"Imetec King, Dual Ctrl Mattress",ELECTRIC BLANKETS,PRODUCT,SALES_ONLY,1,True,False,False,16734,"Imetec King, Dual Ctrl Mattress",ELECTRIC BLANKETS,,,,,
39,19750,Russell Hobbs Rice Cooker 1.8Ltr,FOOD PREP,PRODUCT,SALES_SOA,2,True,False,True,19750,Russell Hobbs Rice Cooker 1.8Ltr,FOOD PREP,,,,19750,Russell Hobbs Rice Cooker 1.8Ltr
40,20415,RUSSELL HOBBS KETTLE CREAM,KETTLES,PRODUCT,SALES_ONLY,1,True,False,False,20415,RUSSELL HOBBS KETTLE CREAM,KETTLES,,,,,
41,20460,RUSSELLHOBBS QUIET BOIL,KETTLES,PRODUCT,SALES_ONLY,1,True,False,False,20460,RUSSELLHOBBS QUIET BOIL,KETTLES,,,,,
42,20462,Russell Hobbs Black Quiet Boil Kettle,KETTLES,PRODUCT,SALES_ONLY,1,True,False,False,20462,Russell Hobbs Black Quiet Boil Kettle,KETTLES,,,,,
43,20630,RUSSELLHOBBS 3100W STEAM,IRONS,PRODUCT,SALES_ONLY,1,True,False,False,20630,RUSSELLHOBBS 3100W STEAM,IRONS,,,,,
44,20680,RUSSELL HOBBS COFFEE MAKER,COFFEE MAKERS,PRODUCT,SALES_ONLY,1,True,False,False,20680,RUSSELL HOBBS COFFEE MAKER,COFFEE MAKERS,,,,,
45,20920,Russell Hobbs Pancake & Crepe,FOOD PREP,PRODUCT,SALES_ONLY,1,True,False,False,20920,Russell Hobbs Pancake & Crepe,FOOD PREP,,,,,
46,210003,Morphy Richards St/St Milk Frother,COFFEE ACCESSORIES,PRODUCT,SALES_ONLY,1,True,False,False,210003,Morphy Richards St/St Milk Frother,COFFEE ACCESSORIES,,,,,
47,21140,Russell Hobbs Food Steamer,FOOD PREP,PRODUCT,SALES_ONLY,1,True,False,False,21140,Russell Hobbs Food Steamer,FOOD PREP,,,,,
48,21270,Russell Hobbs White Textures Jug,,PRODUCT,SOA_ONLY,1,False,False,True,,,,,,,21270,Russell Hobbs White Textures Jug
49,21271,Russell Hobbs Black Textures Jug,KETTLES,PRODUCT,SALES_SOA,2,True,False,True,21271,Russell Hobbs Black Textures Jug,KETTLES,,,,21271,Russell Hobbs Black Textures Jug
50,21274,Russell Hobbs Texture Kettle,,PRODUCT,SOA_ONLY,1,False,False,True,,,,,,,21274,Russell Hobbs Texture Kettle
51,21600-10,RUSSELL HOBBS GLASS KETTLE,KETTLES,PRODUCT,SALES_ONLY,1,True,False,False,21600-10,RUSSELL HOBBS GLASS KETTLE,KETTLES,,,,,
52,21640,Russell Hobbs White Textures 2,,PRODUCT,SOA_ONLY,1,False,False,True,,,,,,,21640,Russell Hobbs White Textures 2
53,21641,RUSSELL HOBBS BLACK,,PRODUCT,SOA_ONLY,1,False,False,True,,,,,,,21641,RUSSELL HOBBS BLACK
54,21644,Russell Hobbs Textures Toaster,,PRODUCT,SOA_ONLY,1,False,False,True,,,,,,,21644,Russell Hobbs Textures Toaster
55,21651,Russell Hobbs Black Textures 4SL,TOASTERS,PRODUCT,SALES_ONLY,1,True,False,False,21651,Russell Hobbs Black Textures 4SL,TOASTERS,,,,,
56,222066,MR Equip 2 slice toaster Red,TOASTERS,PRODUCT,SALES_ONLY,1,True,False,False,222066,MR Equip 2 slice toaster Red,TOASTERS,,,,,
57,23211,Luna Moonlight Grey Quiet Boil Kettle,KETTLES,PRODUCT,SALES_SOA,2,True,False,True,23211,Luna Moonlight Grey Quiet Boil Kettle,KETTLES,,,,23211,Luna Moonlight Grey Quiet Boil
58,23221,Luna Moonlight Grey 2 Slice Toaster,TOASTERS,PRODUCT,SALES_SOA,2,True,False,True,23221,Luna Moonlight Grey 2 Slice Toaster,TOASTERS,,,,23221,Luna Moonlight Grey 2 Slice
59,232573-01,Dyson Bally Multifloor 2,,PRODUCT,SOA_ONLY,1,False,False,True,,,,,,,232573-01,Dyson Bally Multifloor 2
60,237836-01,Dyson RB 360 Vis Nav Robot Vac,,PRODUCT,SOA_ONLY,1,False,False,True,,,,,,,237836-01,Dyson RB 360 Vis Nav Robot Vac
61,23840,Russell Hobbs Travel Kettle,,PRODUCT,SOA_ONLY,1,False,False,True,,,,,,,23840,Russell Hobbs Travel Kettle
62,23990,Russell Hobbs 2600W Iron,IRONS,PRODUCT,SALES_ONLY,1,True,False,False,23990,Russell Hobbs 2600W Iron,IRONS,,,,,
63,24180,Russell Hobbs Chalkboard Slow,SLOW COOKERS,PRODUCT,SALES_ONLY,1,True,False,False,24180,Russell Hobbs Chalkboard Slow,SLOW COOKERS,,,,,
64,24360,Inspire White Kettle,KETTLES,PRODUCT,SALES_ONLY,1,True,False,False,24360,Inspire White Kettle,KETTLES,,,,,
65,24363,Russell Hobbs Grey Inspire Kettle,KETTLES,PRODUCT,SALES_ONLY,1,True,False,False,24363,Russell Hobbs Grey Inspire Kettle,KETTLES,,,,,
66,24373,Russell Hobbs 2SL Black Inspire,TOASTERS,PRODUCT,SALES_ONLY,1,True,False,False,24373,Russell Hobbs 2SL Black Inspire,TOASTERS,,,,,
67,24380,Russell Hobbs White 4 Slice Toaster,TOASTERS,PRODUCT,SALES_ONLY,1,True,False,False,24380,Russell Hobbs White 4 Slice Toaster,TOASTERS,,,,,
68,24381,RUSSELL HOBBS INSPIRE,TOASTERS,PRODUCT,SALES_ONLY,1,True,False,False,24381,RUSSELL HOBBS INSPIRE,TOASTERS,,,,,
69,24550,Russell Hobbs 4 Portion Sandwich,SANDWICH TOASTERS,PRODUCT,SALES_SOA,2,True,False,True,24550,Russell Hobbs 4 Portion Sandwich,SANDWICH TOASTERS,,,,24550,Russell Hobbs 4 Portion Sandwich
70,24570,DEEP FAT FRYER,FRYERS,PRODUCT,SALES_SOA,2,True,False,True,24570,DEEP FAT FRYER,FRYERS,,,,24570,DEEP FAT FRYER
71,24580,Russell Hobbs Digital Deep Fryer,FRYERS,PRODUCT,SALES_ONLY,1,True,False,False,24580,Russell Hobbs Digital Deep Fryer,FRYERS,,,,,
72,24610,Russell Hobbs Jug Blender,,PRODUCT,SOA_ONLY,1,False,False,True,,,,,,,24610,Russell Hobbs Jug Blender
73,24662,Russell Hobbs Desire Matte Blk Mini,FOOD PREP,PRODUCT,SALES_ONLY,1,True,False,False,24662,Russell Hobbs Desire Matte Blk Mini,FOOD PREP,,,,,
74,25041,George Foreman 5 Portion Slate,FOOD PREP,PRODUCT,SALES_ONLY,1,True,False,False,25041,George Foreman 5 Portion Slate,FOOD PREP,,,,,
75,25051,George Foreman SLATE GREY 7,FOOD PREP,PRODUCT,SALES_ONLY,1,True,False,False,25051,George Foreman SLATE GREY 7,FOOD PREP,,,,,
76,25111,Eclipse Kettle - Midnight Blue,KETTLES,PRODUCT,SALES_ONLY,1,True,False,False,25111,Eclipse Kettle - Midnight Blue,KETTLES,,,,,
77,25113,Eclipse Kettle - Copper Sunset,KETTLES,PRODUCT,SALES_ONLY,1,True,False,False,25113,Eclipse Kettle - Copper Sunset,KETTLES,,,,,
78,25141,Eclipse Midnight Blue 4 Slice Toaster,TOASTERS,PRODUCT,SALES_ONLY,1,True,False,False,25141,Eclipse Midnight Blue 4 Slice Toaster,TOASTERS,,,,,
79,25800,George Foreman Fit Grill Small,SANDWICH TOASTERS,PRODUCT,SALES_ONLY,1,True,False,False,25800,George Foreman Fit Grill Small,SANDWICH TOASTERS,,,,,
80,25810,George Foreman Fit Grill Medium,SANDWICH TOASTERS,PRODUCT,SALES_SOA,2,True,False,True,25810,George Foreman Fit Grill Medium,SANDWICH TOASTERS,,,,25810,George Foreman Fit Grill Medium
81,25820,George Foreman Large Grill,FOOD PREP,PRODUCT,SALES_ONLY,1,True,False,False,25820,George Foreman Large Grill,FOOD PREP,,,,,
82,26051,Russell Hobbs Black Honeycomb,KETTLES,PRODUCT,SALES_ONLY,1,True,False,False,26051,Russell Hobbs Black Honeycomb,KETTLES,,,,,
83,26080,RH CLASSIC GLASS KETTLE,KETTLES,PRODUCT,SALES_SOA,2,True,False,True,26080,RH CLASSIC GLASS KETTLE,KETTLES,,,,26080,RH CLASSIC GLASS KETTLE
84,26420,Russell Hobbs Distinctions Kettle,KETTLES,PRODUCT,SALES_ONLY,1,True,False,False,26420,Russell Hobbs Distinctions Kettle,KETTLES,,,,,
85,26551,Russell Hobbs Cream 2 Slice Toaster,TOASTERS,PRODUCT,SALES_ONLY,1,True,False,False,26551,Russell Hobbs Cream 2 Slice Toaster,TOASTERS,,,,,
86,26750,Russell Hobbs Bronte Kettle Black,KETTLES,PRODUCT,SALES_SOA,2,True,False,True,26750,Russell Hobbs Bronte Kettle Black,KETTLES,,,,26750,Russell Hobbs Bronte Kettle Black
87,26751,Russell Hobbs Bronte Kettle,,PRODUCT,SOA_ONLY,1,False,False,True,,,,,,,26751,Russell Hobbs Bronte Kettle
88,26770,Russell Hobbs Bronte Toaster Black,TOASTERS,PRODUCT,SALES_SOA,2,True,False,True,26770,Russell Hobbs Bronte Toaster Black,TOASTERS,,,,26770,Russell Hobbs Bronte Toaster
89,26771,Russell Hobbs Bronte Toaster Stone,TOASTERS,PRODUCT,SALES_SOA,2,True,False,True,26771,Russell Hobbs Bronte Toaster Stone,TOASTERS,,,,26771,Russell Hobbs Bronte Toaster
90,26800,Rusell Hobbs Sandwich Maker,,PRODUCT,SOA_ONLY,1,False,False,True,,,,,,,26800,Rusell Hobbs Sandwich Maker
91,26810,Russell Hobbs 3 in 1 Deep Fill,,PRODUCT,SOA_ONLY,1,False,False,True,,,,,,,26810,Russell Hobbs 3 in 1 Deep Fill
92,27000,Russell Hobbs Diamond Iron 3100W,IRONS,PRODUCT,SALES_ONLY,1,True,False,False,27000,Russell Hobbs Diamond Iron 3100W,IRONS,,,,,
93,27111,Russell Hobbs Desire Matte Charcoal,FOOD PREP,PRODUCT,SALES_ONLY,1,True,False,False,27111,Russell Hobbs Desire Matte Charcoal,FOOD PREP,,,,,
94,27121,Russell Hobbs Desire Matte Charcoal,BLENDERS,PRODUCT,SALES_ONLY,1,True,False,False,27121,Russell Hobbs Desire Matte Charcoal,BLENDERS,,,,,
95,27141,Russell Hobbs 3 in 1 Matt Charcoal,BLENDERS,PRODUCT,SALES_ONLY,1,True,False,False,27141,Russell Hobbs 3 in 1 Matt Charcoal,BLENDERS,,,,,
96,27600,Russell Blue Steam Genie,,PRODUCT,SOA_ONLY,1,False,False,True,,,,,,,27600,Russell Blue Steam Genie
97,28040,Russell Hobbs Steam Genie Hand,IRONS,PRODUCT,SALES_ONLY,1,True,False,False,28040,Russell Hobbs Steam Genie Hand,IRONS,,,,,
98,28086T,TV BRACKET 200 VESA SINGLE,TV BRACKETS,PRODUCT,SALES_ONLY,1,True,False,False,28086T,TV BRACKET 200 VESA SINGLE,TV BRACKETS,,,,,
99,28097T,TV BRACKET DOUBLE ARM 600 X,TV BRACKETS,PRODUCT,SALES_ONLY,1,True,False,False,28097T,TV BRACKET DOUBLE ARM 600 X,TV BRACKETS,,,,,
100,28630,Russell Hobbs Blue Iron,,PRODUCT,SOA_ONLY,1,False,False,True,,,,,,,28630,Russell Hobbs Blue Iron
101,300300,"MR Crystal Clear 2400watt, Precision",FOOD PREP,PRODUCT,SALES_ONLY,1,True,False,False,300300,"MR Crystal Clear 2400watt, Precision",FOOD PREP,,,,,
102,300302,"MR Crystal Clear 2400watt, Precision",FOOD PREP,PRODUCT,SALES_ONLY,1,True,False,False,300302,"MR Crystal Clear 2400watt, Precision",FOOD PREP,,,,,
103,32LQ63006LA.AEK,"LG 32"" Television",,PRODUCT,SOA_ONLY,1,False,False,True,,,,,,,32LQ63006LA.AEK,"LG 32"" Television"
104,32LQ63006LA.LG,"32"" Television",TV 32,PRODUCT,SALES_ONLY,1,True,False,False,32LQ63006LA.LG,"32"" Television",TV 32,,,,,
105,332102,MORPHY RICHARDS 7 BAR 3000W,IRONS,PRODUCT,SALES_ONLY,1,True,False,False,332102,MORPHY RICHARDS 7 BAR 3000W,IRONS,,,,,
106,333030,Morphy Richards 6 Bar Steam Iron,IRONS,PRODUCT,SALES_ONLY,1,True,False,False,333030,Morphy Richards 6 Bar Steam Iron,IRONS,,,,,
107,38-S700BK,Shokz OpenSwim Black,HEADPHONES,PRODUCT,SALES_ONLY,1,True,False,False,38-S700BK,Shokz OpenSwim Black,HEADPHONES,,,,,
108,38-S805-ST-B,Shokz OpenRun Blue- Type C,HEADPHONES,PRODUCT,SALES_ONLY,1,True,False,False,38-S805-ST-B,Shokz OpenRun Blue- Type C,HEADPHONES,,,,,
109,389923-01,Supersonic Nickel & Copper New,HAIRCARE,PRODUCT,SALES_ONLY,1,True,False,False,389923-01,Supersonic Nickel & Copper New,HAIRCARE,,,,,
110,394433-01,V10 Absolute (2022 New Code),STICK VACS,PRODUCT,SALES_SOA,2,True,False,True,394433-01,V10 Absolute (2022 New Code),STICK VACS,,,,394433-01,V10 Absolute (2022 New Code)
111,3950424,BERGHOFF Frying pan 32cm,WHITES ACCESSORIES,PRODUCT,SALES_ONLY,1,True,False,False,3950424,BERGHOFF Frying pan 32cm,WHITES ACCESSORIES,,,,,
112,3950434,Berghoff Omelette Pan 25cm,HOUSEHOLD,PRODUCT,SALES_ONLY,1,True,False,False,3950434,Berghoff Omelette Pan 25cm,HOUSEHOLD,,,,,
113,3950571,Berghoff 28cm Phantom Frying Pan,HOUSEHOLD,PRODUCT,SALES_ONLY,1,True,False,False,3950571,Berghoff 28cm Phantom Frying Pan,HOUSEHOLD,,,,,
114,3950572,Berghoff 32cm non stick Frying pan,HOUSEHOLD,PRODUCT,SALES_ONLY,1,True,False,False,3950572,Berghoff 32cm non stick Frying pan,HOUSEHOLD,,,,,
115,3950615,Berghoff 7 Pc Leo Glints Cookware,SAUCE PAN SETS,PRODUCT,SALES_ONLY,1,True,False,False,3950615,Berghoff 7 Pc Leo Glints Cookware,SAUCE PAN SETS,,,,,
116,42120,Novy Panorama 120 Pro 5 Zone,DOWNDRAFT HOBS,PRODUCT,SALES_ONLY,1,True,False,False,42120,Novy Panorama 120 Pro 5 Zone,DOWNDRAFT HOBS,,,,,
117,429776,6Gang/Surge/2m,CABLES,PRODUCT,SALES_ONLY,1,True,False,False,429776,6Gang/Surge/2m,CABLES,,,,,
118,429872,UK Gang Reel 10m 4 way,CABLES,PRODUCT,SALES_ONLY,1,True,False,False,429872,UK Gang Reel 10m 4 way,CABLES,,,,,
119,430007,Mercury UK Switch 4Gang 2.0m,CABLES,PRODUCT,SALES_ONLY,1,True,False,False,430007,Mercury UK Switch 4Gang 2.0m,CABLES,,,,,
120,430009,MERCURY 4 GANG SURGE 2M,ACCESSORIES,PRODUCT,SALES_ONLY,1,True,False,False,430009,MERCURY 4 GANG SURGE 2M,ACCESSORIES,,,,,
121,43LQ60006LA.LG,"43"" Smart TV",TV 33 - 43,PRODUCT,SALES_ONLY,1,True,False,False,43LQ60006LA.LG,"43"" Smart TV",TV 33 - 43,,,,,
122,43NANO81A6,LG 43in NANO TV,TV 33 - 43,PRODUCT,SALES_ONLY,1,True,False,False,43NANO81A6,LG 43in NANO TV,TV 33 - 43,,,,,
123,43NANO81A6A.AE,LG 43in,,PRODUCT,SOA_ONLY,1,False,False,True,,,,,,,43NANO81A6A.AE,LG 43in
124,43NANO81T6A.AE,"LG 43"" Nano 4K TV",,PRODUCT,SOA_ONLY,1,False,False,True,,,,,,,43NANO81T6A.AE,"LG 43"" Nano 4K TV"
125,43QNED70A6A.AE,LG 43in,,PRODUCT,SOA_ONLY,1,False,False,True,,,,,,,43QNED70A6A.AE,LG 43in
126,43QNED80T6A.AE,"LG 43"" QNED 4K Smart TV",,PRODUCT,SOA_ONLY,1,False,False,True,,,,,,,43QNED80T6A.AE,"LG 43"" QNED 4K Smart TV"
127,43QNED82A6,LG 43in QNED TV,TV 33 - 43,PRODUCT,SALES_ONLY,1,True,False,False,43QNED82A6,LG 43in QNED TV,TV 33 - 43,,,,,
128,43QNED82A6B.AE,LG 43in,,PRODUCT,SOA_ONLY,1,False,False,True,,,,,,,43QNED82A6B.AE,LG 43in
129,43QNED87A6,LG 43inch QNED Mini LED Evo AI,TV 33 - 43,PRODUCT,SALES_ONLY,1,True,False,False,43QNED87A6,LG 43inch QNED Mini LED Evo AI,TV 33 - 43,,,,,
130,43QNED87A6D.AE,LG 43inch QNED Mini LED Evo AI,,PRODUCT,SOA_ONLY,1,False,False,True,,,,,,,43QNED87A6D.AE,LG 43inch QNED Mini LED Evo AI
131,43QV2363DB,"Toshiba 43"" QLED Smart TV",TV 33 - 43,PRODUCT,SALES_ONLY,1,True,False,False,43QV2363DB,"Toshiba 43"" QLED Smart TV",TV 33 - 43,,,,,
132,43UA73006LA.AEK,LG 43in UA 43UA TV,,PRODUCT,SOA_ONLY,1,False,False,True,,,,,,,43UA73006LA.AEK,LG 43in UA 43UA TV
133,43UA75006LA.AEK,LG 43in UA 43UA TV,,PRODUCT,SOA_ONLY,1,False,False,True,,,,,,,43UA75006LA.AEK,LG 43in UA 43UA TV
134,43UT81006LA.AEK,"LG 43"" UHD 4K Smart TV",,PRODUCT,SOA_ONLY,1,False,False,True,,,,,,,43UT81006LA.AEK,"LG 43"" UHD 4K Smart TV"
135,443096-01,Dyson V10 Total Clean,STICK VACS,PRODUCT,SALES_ONLY,1,True,False,False,443096-01,Dyson V10 Total Clean,STICK VACS,,,,,
136,447033-01,Dyson V15 Detect Absolute,STICK VACS,PRODUCT,SALES_SOA,2,True,False,True,447033-01,Dyson V15 Detect Absolute,STICK VACS,,,,447033-01,Dyson V15 Detect Absolute
137,447038-01,Dyson Gen5 Detect,STICK VACS,PRODUCT,SALES_ONLY,1,True,False,False,447038-01,Dyson Gen5 Detect,STICK VACS,,,,,
138,454856-01,Dyson HP10 Hot & Cool Purifier StSt,HEATING,PRODUCT,SALES_SOA,2,True,False,True,454856-01,Dyson HP10 Hot & Cool Purifier StSt,HEATING,,,,454856-01,Dyson HP10 Hot & Cool Purifier
139,460017,MR Slow Cooker Ceramic 3.5 L,SLOW COOKERS,PRODUCT,SALES_ONLY,1,True,False,False,460017,MR Slow Cooker Ceramic 3.5 L,SLOW COOKERS,,,,,
140,461021,MR Easy Time 6.5L Sear & Stew,FOOD PREP,PRODUCT,SALES_ONLY,1,True,False,False,461021,MR Easy Time 6.5L Sear & Stew,FOOD PREP,,,,,
141,470521-01,Dyson V12 Absolute Detect Slim,STICK VACS,PRODUCT,SALES_ONLY,1,True,False,False,470521-01,Dyson V12 Absolute Detect Slim,STICK VACS,,,,,
142,476597-01,Dyson V11 Extra SV28,,PRODUCT,SOA_ONLY,1,False,False,True,,,,,,,476597-01,Dyson V11 Extra SV28
143,476622-01,Dyson V15 Detect Total Clean,STICK VACS,PRODUCT,SALES_ONLY,1,True,False,False,476622-01,Dyson V15 Detect Total Clean,STICK VACS,,,,,
144,48755,MORPHY RICHARDS STEAMER,FOOD PREP,PRODUCT,SALES_ONLY,1,True,False,False,48755,MORPHY RICHARDS STEAMER,FOOD PREP,,,,,
145,492637-01,New V8 Advanced,STICK VACS,PRODUCT,SALES_SOA,2,True,False,True,492637-01,New V8 Advanced,STICK VACS,,,,492637-01,New V8 Advanced
146,492666-01,Dyson Wash G1 Floor Cleaner,,PRODUCT,SOA_ONLY,1,False,False,True,,,,,,,492666-01,Dyson Wash G1 Floor Cleaner
147,499087-01,Dyson V16 Piston Animal Submarine,STICK VACS,PRODUCT,SALES_ONLY,1,True,False,False,499087-01,Dyson V16 Piston Animal Submarine,STICK VACS,,,,,
148,501022,Morphy Richards St/St Soup Maker,FOOD PREP,PRODUCT,SALES_ONLY,1,True,False,False,501022,Morphy Richards St/St Soup Maker,FOOD PREP,,,,,
149,509266,Sennheiser Momentum 4 Black,,PRODUCT,SOA_ONLY,1,False,False,True,,,,,,,509266,Sennheiser Momentum 4 Black
150,50NANO81A6,LG 50in NANO TV,TV 44 - 50,PRODUCT,SALES_ONLY,1,True,False,False,50NANO81A6,LG 50in NANO TV,TV 44 - 50,,,,,
151,50NANO81A6A.AE,LG 50in,,PRODUCT,SOA_ONLY,1,False,False,True,,,,,,,50NANO81A6A.AE,LG 50in
152,50NANO81T6A.AE,"LG 50"" Nano 4K Smart TV",,PRODUCT,SOA_ONLY,1,False,False,True,,,,,,,50NANO81T6A.AE,"LG 50"" Nano 4K Smart TV"
153,50QNED70A6,LG 50in QNED TV,TV 44 - 50,PRODUCT,SALES_ONLY,1,True,False,False,50QNED70A6,LG 50in QNED TV,TV 44 - 50,,,,,
154,50QNED70A6A.AE,LG 50in,,PRODUCT,SOA_ONLY,1,False,False,True,,,,,,,50QNED70A6A.AE,LG 50in
155,50QNED80T6A.AE,"LG 50"" QNED 4K Smart TV",,PRODUCT,SOA_ONLY,1,False,False,True,,,,,,,50QNED80T6A.AE,"LG 50"" QNED 4K Smart TV"
156,50QNED82A6B.AE,LG 50in,,PRODUCT,SOA_ONLY,1,False,False,True,,,,,,,50QNED82A6B.AE,LG 50in
157,50QNED87T6B.AE,"LG 50"" QNED TV",,PRODUCT,SOA_ONLY,1,False,False,True,,,,,,,50QNED87T6B.AE,"LG 50"" QNED TV"
158,50UA73006LA.AEK,LG 50in UA 50UA TV,,PRODUCT,SOA_ONLY,1,False,False,True,,,,,,,50UA73006LA.AEK,LG 50in UA 50UA TV
159,50UA73006LA.LG,50in UA 50UA TV,TV 44 - 50,PRODUCT,SALES_ONLY,1,True,False,False,50UA73006LA.LG,50in UA 50UA TV,TV 44 - 50,,,,,
160,50UA75006LA.AEK,LG 50in UA 50UA TV,,PRODUCT,SOA_ONLY,1,False,False,True,,,,,,,50UA75006LA.AEK,LG 50in UA 50UA TV
161,50UT81006LA.AEK,"LG 50"" UHD 4K Smart TV",,PRODUCT,SOA_ONLY,1,False,False,True,,,,,,,50UT81006LA.AEK,"LG 50"" UHD 4K Smart TV"
162,5109BFTR,Honor 200 Black 512GB,TELEPHONES,PRODUCT,SALES_ONLY,1,True,False,False,5109BFTR,Honor 200 Black 512GB,TELEPHONES,,,,,
163,5109BQBE,HONOR Magic7 Lite 8+512GB,,PRODUCT,SOA_ONLY,1,False,False,True,,,,,,,5109BQBE,HONOR Magic7 Lite 8+512GB
164,5109BUUP,HONOR 400 8GB+256GB,,PRODUCT,SOA_ONLY,1,False,False,True,,,,,,,5109BUUP,HONOR 400 8GB+256GB
165,5109CAHF,HONOR 400 Smart 6GB+128GB,,PRODUCT,SOA_ONLY,1,False,False,True,,,,,,,5109CAHF,HONOR 400 Smart 6GB+128GB
166,514298-01,Dyson Supersonic Nural,,PRODUCT,SOA_ONLY,1,False,False,True,,,,,,,514298-01,Dyson Supersonic Nural
167,5301ANVR,HONOR PAD X8A SD 630 4GB,TABLETS,PRODUCT,SALES_ONLY,1,True,False,False,5301ANVR,HONOR PAD X8A SD 630 4GB,TABLETS,,,,,
168,544587-01,Dyson Humidity+Cool Air Purifier,,PRODUCT,SOA_ONLY,1,False,False,True,,,,,,,544587-01,Dyson Humidity+Cool Air Purifier
169,5513292811,"Water Filter for ETAM, ECAM,",ACCESSORIES,PRODUCT,SALES_ONLY,1,True,False,False,5513292811,"Water Filter for ETAM, ECAM,",ACCESSORIES,,,,,
170,55NANO81A6,LG 55 NANO TV,TV 51 - 59,PRODUCT,SALES_ONLY,1,True,False,False,55NANO81A6,LG 55 NANO TV,TV 51 - 59,,,,,
171,55NANO81A6A.AE,LG 55,,PRODUCT,SOA_ONLY,1,False,False,True,,,,,,,55NANO81A6A.AE,LG 55
172,55NANO81T6A.AE,"LG 55"" Nano 4K Smart TV",,PRODUCT,SOA_ONLY,1,False,False,True,,,,,,,55NANO81T6A.AE,"LG 55"" Nano 4K Smart TV"
173,55QNED70A6A.AE,LG 55in,,PRODUCT,SOA_ONLY,1,False,False,True,,,,,,,55QNED70A6A.AE,LG 55in
174,55QNED80T6A.AE,"LG 55"" QNED 4K Smart TV",,PRODUCT,SOA_ONLY,1,False,False,True,,,,,,,55QNED80T6A.AE,"LG 55"" QNED 4K Smart TV"
175,55QNED82A6,LG 55in QNED TV,TV 51 - 59,PRODUCT,SALES_ONLY,1,True,False,False,55QNED82A6,LG 55in QNED TV,TV 51 - 59,,,,,
176,55QNED82A6B.AE,LG 55in,,PRODUCT,SOA_ONLY,1,False,False,True,,,,,,,55QNED82A6B.AE,LG 55in
177,55QNED87A6B.AE,LG 55in,,PRODUCT,SOA_ONLY,1,False,False,True,,,,,,,55QNED87A6B.AE,LG 55in
178,55QNED87T6B.AE,"LG 55"" QNED 4K Smart TV",,PRODUCT,SOA_ONLY,1,False,False,True,,,,,,,55QNED87T6B.AE,"LG 55"" QNED 4K Smart TV"
179,55UA73006LA.AEK,LG 55in UA 55UA TV,,PRODUCT,SOA_ONLY,1,False,False,True,,,,,,,55UA73006LA.AEK,LG 55in UA 55UA TV
180,55UT81006LA.AEK,"LG 55"" UHD 4K Smart TV",,PRODUCT,SOA_ONLY,1,False,False,True,,,,,,,55UT81006LA.AEK,"LG 55"" UHD 4K Smart TV"
181,561727-01,Dyson Supersonic Nural Strawberry,HAIRCARE,PRODUCT,SALES_ONLY,1,True,False,False,561727-01,Dyson Supersonic Nural Strawberry,HAIRCARE,,,,,
182,586121-01,Dyson Car & Boat Handheld Vac,,PRODUCT,SOA_ONLY,1,False,False,True,,,,,,,586121-01,Dyson Car & Boat Handheld Vac
183,586344-01,Dyson AM15 Hot & Cold Fan,HEATING,PRODUCT,SALES_SOA,2,True,False,True,586344-01,Dyson AM15 Hot & Cold Fan,HEATING,,,,586344-01,Dyson AM15 Hot & Cold Fan
184,588K9B,HP DESKJET 2820E AIO,,PRODUCT,SOA_ONLY,1,False,False,True,,,,,,,588K9B,HP DESKJET 2820E AIO
185,588Q0B,HP DeskJet 2810e,,PRODUCT,SOA_ONLY,1,False,False,True,,,,,,,588Q0B,HP DeskJet 2810e
186,598961-01,Dyson Airstrait Rose Gold & Pink,HAIRCARE,PRODUCT,SALES_SOA,2,True,False,True,598961-01,Dyson Airstrait Rose Gold & Pink,HAIRCARE,,,,598961-01,Dyson Airstrait Rose Gold & Pink
187,601857-01,Dyson Airwrap Ceramic Pink / Rose,HAIRCARE,PRODUCT,SALES_SOA,2,True,False,True,601857-01,Dyson Airwrap Ceramic Pink / Rose,HAIRCARE,,,,601857-01,Dyson Airwrap Ceramic Pink /
188,64-4K11SZ-0ERING,Alarm 5 Piece Kit (2nd Gen) -,SECURITY,PRODUCT,SALES_ONLY,1,True,False,False,64-4K11SZ-0ERing,Alarm 5 Piece Kit (2nd Gen) -,SECURITY,,,,,
189,65NANO81A6,LG 65in NANO TV,TV 60 - 70,PRODUCT,SALES_ONLY,1,True,False,False,65NANO81A6,LG 65in NANO TV,TV 60 - 70,,,,,
190,65NANO81A6A.AE,LG 65in,,PRODUCT,SOA_ONLY,1,False,False,True,,,,,,,65NANO81A6A.AE,LG 65in
191,65NANO81T6A.AE,"LG 60"" Nano Smart TV",,PRODUCT,SOA_ONLY,1,False,False,True,,,,,,,65NANO81T6A.AE,"LG 60"" Nano Smart TV"
192,65QNED70A6A.AE,LG 65in,,PRODUCT,SOA_ONLY,1,False,False,True,,,,,,,65QNED70A6A.AE,LG 65in
193,65QNED80T6A.AE,"LG 65"" QNED 4K Smart TV",,PRODUCT,SOA_ONLY,1,False,False,True,,,,,,,65QNED80T6A.AE,"LG 65"" QNED 4K Smart TV"
194,65QNED82A6B.AE,LG 65in,,PRODUCT,SOA_ONLY,1,False,False,True,,,,,,,65QNED82A6B.AE,LG 65in
195,65QNED87A6,LG 65in QNED TV,TV 60 - 70,PRODUCT,SALES_ONLY,1,True,False,False,65QNED87A6,LG 65in QNED TV,TV 60 - 70,,,,,
196,65QNED87A6B.AE,LG 65in,,PRODUCT,SOA_ONLY,1,False,False,True,,,,,,,65QNED87A6B.AE,LG 65in
197,65QNED87T6,"LG 65"" QNED 4K Smart TV",TV 60 - 70,PRODUCT,SALES_ONLY,1,True,False,False,65QNED87T6,"LG 65"" QNED 4K Smart TV",TV 60 - 70,,,,,
198,65QNED87T6B.AE,"LG 65"" QNED 4K Smart TV",,PRODUCT,SOA_ONLY,1,False,False,True,,,,,,,65QNED87T6B.AE,"LG 65"" QNED 4K Smart TV"
199,65QNED91T6A.AE,"LG 65"" QNED MiniLED TV",,PRODUCT,SOA_ONLY,1,False,False,True,,,,,,,65QNED91T6A.AE,"LG 65"" QNED MiniLED TV"
200,65UA73006LA.AEK,LG 65in UA 65UA TV,,PRODUCT,SOA_ONLY,1,False,False,True,,,,,,,65UA73006LA.AEK,LG 65in UA 65UA TV
201,65UA75006LA.AEK,LG 65in UA 65UA TV,,PRODUCT,SOA_ONLY,1,False,False,True,,,,,,,65UA75006LA.AEK,LG 65in UA 65UA TV
202,65UA75006LA.LG,65in UA 65UA TV,TV 60 - 70,PRODUCT,SALES_ONLY,1,True,False,False,65UA75006LA.LG,65in UA 65UA TV,TV 60 - 70,,,,,
203,65UT81006LA.AEK,"LG 65"" UHD 4K Smart TV",,PRODUCT,SOA_ONLY,1,False,False,True,,,,,,,65UT81006LA.AEK,"LG 65"" UHD 4K Smart TV"
204,65UT81006LA.LG,"65"" UHD 4K Smart TV",TV 60 - 70,PRODUCT,SALES_ONLY,1,True,False,False,65UT81006LA.LG,"65"" UHD 4K Smart TV",TV 60 - 70,,,,,
205,700174,Sennheiser ACCENTUM Black,,PRODUCT,SOA_ONLY,1,False,False,True,,,,,,,700174,Sennheiser ACCENTUM Black
206,700177,Sennheiser Accentum PLus White,,PRODUCT,SOA_ONLY,1,False,False,True,,,,,,,700177,Sennheiser Accentum PLus White
207,700262,Sennheiser Accentum True,,PRODUCT,SOA_ONLY,1,False,False,True,,,,,,,700262,Sennheiser Accentum True
208,700365,Sennheiser Momentum Tue Wireless,HEADPHONES,PRODUCT,SALES_SOA,2,True,False,True,700365,Sennheiser Momentum Tue Wireless,HEADPHONES,,,,700365,Sennheiser Momentum Tue
209,75NANO81A6A.AE,LG 75in,,PRODUCT,SOA_ONLY,1,False,False,True,,,,,,,75NANO81A6A.AE,LG 75in
210,75NANO81T6A.AE,"LG 75"" Nano Smart TV",,PRODUCT,SOA_ONLY,1,False,False,True,,,,,,,75NANO81T6A.AE,"LG 75"" Nano Smart TV"
211,75QNED80T6A.AE,"LG 75"" QNED80 AI 4K Smart TV",,PRODUCT,SOA_ONLY,1,False,False,True,,,,,,,75QNED80T6A.AE,"LG 75"" QNED80 AI 4K Smart TV"
212,75QNED87T6B.AE,"LG 75"" QNED 4K Smart",,PRODUCT,SOA_ONLY,1,False,False,True,,,,,,,75QNED87T6B.AE,"LG 75"" QNED 4K Smart"
213,75UA75006LA.AEK,LG 75in UA 75UA TV,,PRODUCT,SOA_ONLY,1,False,False,True,,,,,,,75UA75006LA.AEK,LG 75in UA 75UA TV
214,75UA75006LA.LG,75in UA 75UA TV,TV 75+,PRODUCT,SALES_ONLY,1,True,False,False,75UA75006LA.LG,75in UA 75UA TV,TV 75+,,,,,
215,75UT81006LA.AEK,"LG 75"" UT81 UHD 4K SMART TV",,PRODUCT,SOA_ONLY,1,False,False,True,,,,,,,75UT81006LA.AEK,"LG 75"" UT81 UHD 4K SMART TV"
216,8483A1-2ALC,TCL 10L GEN 4 4GB 64GB INC,TABLETS,PRODUCT,SALES_ONLY,1,True,False,False,8483A1-2ALC,TCL 10L GEN 4 4GB 64GB INC,TABLETS,,,,,
217,86NANO81A6A.AE,LG 86in,,PRODUCT,SOA_ONLY,1,False,False,True,,,,,,,86NANO81A6A.AE,LG 86in
218,86NANO81T6A.AE,"LG NANO Televion 86""",,PRODUCT,SOA_ONLY,1,False,False,True,,,,,,,86NANO81T6A.AE,"LG NANO Televion 86"""
219,86UT81006LA.AEK,"LG 86"" 4K HDR LED Television",,PRODUCT,SOA_ONLY,1,False,False,True,,,,,,,86UT81006LA.AEK,"LG 86"" 4K HDR LED Television"
220,9029865202,AEG Easy2Clean Plancha Grill,WHITES ACCESSORIES,PRODUCT,SALES_ONLY,1,True,False,False,9029865202,AEG Easy2Clean Plancha Grill,WHITES ACCESSORIES,,,,,
221,980531,DIMPLEX 20 LITRE  800 WATT WHITE MANUAL,MICROWAVE OVENS,PRODUCT,STOCK_ONLY,1,False,True,False,,,,980531,DIMPLEX 20 LITRE  800 WATT WHITE MANUAL,MICROWAVE OVENS,,
222,980532,DIMPLEX 20 LITRE  800 WATT SILVER MANUAL,MICROWAVE OVENS,PRODUCT,SALES_STOCK,2,True,True,False,980532,DIMPLEX 20 LITRE 800 WATT,MICROWAVE OVENS,980532,DIMPLEX 20 LITRE  800 WATT SILVER MANUAL,MICROWAVE OVENS,,
223,980533,DIMPLEX 20 LITRE  800 WATT BLACK MANUAL,MICROWAVE OVENS,PRODUCT,STOCK_ONLY,1,False,True,False,,,,980533,DIMPLEX 20 LITRE  800 WATT BLACK MANUAL,MICROWAVE OVENS,,
224,980535,DIMPLEX 20 LITRE 800 WATT SILVER,MICROWAVE OVENS,PRODUCT,SALES_STOCK,2,True,True,False,980535,DIMPLEX 20 LITRE 800 WATT,MICROWAVE OVENS,980535,DIMPLEX 20 LITRE 800 WATT SILVER,MICROWAVE OVENS,,
225,980536,DIMPLEX 20 LITRE 800 WATT BLACK,MICROWAVE OVENS,PRODUCT,STOCK_ONLY,1,False,True,False,,,,980536,DIMPLEX 20 LITRE 800 WATT BLACK,MICROWAVE OVENS,,
226,980538,DIMPLEX 23 LITRE 900 WATT SILVER,MICROWAVE OVENS,PRODUCT,SALES_STOCK,2,True,True,False,980538,DIMPLEX 23 LITRE 900 WATT,MICROWAVE OVENS,980538,DIMPLEX 23 LITRE 900 WATT SILVER,MICROWAVE OVENS,,
227,980539,Dimplex Black 23L 900 Watts Microwave,MICROWAVE OVENS,PRODUCT,SALES_STOCK,2,True,True,False,980539,Dimplex Black 23L 900 Watts,MICROWAVE OVENS,980539,Dimplex Black 23L 900 Watts Microwave,MICROWAVE OVENS,,
228,980543,Sona 20L 700W White Microwave,MICROWAVE OVENS,PRODUCT,STOCK_ONLY,1,False,True,False,,,,980543,Sona 20L 700W White Microwave,MICROWAVE OVENS,,
229,980565,MR Cylindar Vac (Metal Tubes),CYLINDER VACS,PRODUCT,SALES_ONLY,1,True,False,False,980565,MR Cylindar Vac (Metal Tubes),CYLINDER VACS,,,,,
230,980571,Morphy Richards 700W Bagless Vac,CYLINDER VACS,PRODUCT,SALES_ONLY,1,True,False,False,980571,Morphy Richards 700W Bagless Vac,CYLINDER VACS,,,,,
231,980575,Dimplex Black 20L 800W Microwave,MICROWAVE OVENS,PRODUCT,SALES_ONLY,1,True,False,False,980575,Dimplex Black 20L 800W Microwave,MICROWAVE OVENS,,,,,
232,980579,Morphy Richards Vacuum Cleaner,CYLINDER VACS,PRODUCT,SALES_ONLY,1,True,False,False,980579,Morphy Richards Vacuum Cleaner,CYLINDER VACS,,,,,
233,980581,Morphy Richards Bagless Pet 700w,CYLINDER VACS,PRODUCT,SALES_ONLY,1,True,False,False,980581,Morphy Richards Bagless Pet 700w,CYLINDER VACS,,,,,
234,980585,Dimplex 26L 900W Combi Microwave with Grill,MICROWAVE OVENS,PRODUCT,SALES_STOCK,2,True,True,False,980585,Dimplex 26L 900W Combi Microwave,MICROWAVE OVENS,980585,Dimplex 26L 900W Combi Microwave with Grill,MICROWAVE OVENS,,
235,980596,Morphy Richards Colour Boutique,KETTLES,PRODUCT,SALES_ONLY,1,True,False,False,980596,Morphy Richards Colour Boutique,KETTLES,,,,,
236,980598,Morphy Richards Colour Boutique,KETTLES,PRODUCT,SALES_ONLY,1,True,False,False,980598,Morphy Richards Colour Boutique,KETTLES,,,,,
237,980599,Morphy Richards Colour Boutique,KETTLES,PRODUCT,SALES_ONLY,1,True,False,False,980599,Morphy Richards Colour Boutique,KETTLES,,,,,
238,980600,Morphy Richards 2 Slice Colour,TOASTERS,PRODUCT,SALES_ONLY,1,True,False,False,980600,Morphy Richards 2 Slice Colour,TOASTERS,,,,,
239,980610,Sona 20L 700W White Microwave,MICROWAVE OVENS,PRODUCT,STOCK_ONLY,1,False,True,False,,,,980610,Sona 20L 700W White Microwave,MICROWAVE OVENS,,
240,980611,Sona Black 20L 700W Microwave,MICROWAVE OVENS,PRODUCT,STOCK_ONLY,1,False,True,False,,,,980611,Sona Black 20L 700W Microwave,MICROWAVE OVENS,,
241,980612,Sona Sliver 20L 700W Microwave,MICROWAVE OVENS,PRODUCT,STOCK_ONLY,1,False,True,False,,,,980612,Sona Sliver 20L 700W Microwave,MICROWAVE OVENS,,
242,ABK818E6NC,AEG Integrated Freezer,INT FREEZERS,PRODUCT,STOCK_ONLY,1,False,True,False,,,,ABK818E6NC,AEG Integrated Freezer,INT FREEZERS,,
243,AC9140,REMINGTON HAIRDRYER AC,HAIRCARE,PRODUCT,SALES_ONLY,1,True,False,False,AC9140,REMINGTON HAIRDRYER AC,HAIRCARE,,,,,
244,ADD4902BK/1PHILIPS,GoZero Soda Maker + 1 btl &,FOOD PREP,PRODUCT,SALES_ONLY,1,True,False,False,ADD4902BK/1Philips,GoZero Soda Maker + 1 btl &,FOOD PREP,,,,,
245,ADD915/10,Philips Sodamaker CO2 Cylinder,FOOD PREP,PRODUCT,SALES_ONLY,1,True,False,False,ADD915/10,Philips Sodamaker CO2 Cylinder,FOOD PREP,,,,,
246,AF01,VACUUM FRESHENERS AF101,ACCESSORIES,PRODUCT,SALES_ONLY,1,True,False,False,AF01,VACUUM FRESHENERS AF101,ACCESSORIES,,,,,
247,AF100UK,Ninja Air Fryer,,PRODUCT,SOA_ONLY,1,False,False,True,,,,,,,AF100UK,Ninja Air Fryer
248,AF140UK,Ninja Air Fryer PRO 4.7L,FOOD PREP,PRODUCT,SALES_ONLY,1,True,False,False,AF140UK,Ninja Air Fryer PRO 4.7L,FOOD PREP,,,,,
249,AF160UK,Ninja Air Fryer Max,FRYERS,PRODUCT,SALES_SOA,2,True,False,True,AF160UK,Ninja Air Fryer Max,FRYERS,,,,AF160UK,Ninja Air Fryer Max
250,AF180UK,Ninja Air Fryer MAX PRO 6.2L,FRYERS,PRODUCT,SALES_SOA,2,True,False,True,AF180UK,Ninja Air Fryer MAX PRO 6.2L,FRYERS,,,,AF180UK,Ninja Air Fryer MAX PRO 6.2L
251,AF300UK,Ninja Dual Zone Air Fryer,FRYERS,PRODUCT,SALES_SOA,2,True,False,True,AF300UK,Ninja Dual Zone Air Fryer,FRYERS,,,,AF300UK,Ninja Dual Zone Air Fryer
252,AF400UK,Ninja Foodi Max Dual Zon Fryer 9.5L,FRYERS,PRODUCT,SALES_SOA,2,True,False,True,AF400UK,Ninja Foodi Max Dual Zon Fryer 9.5L,FRYERS,,,,AF400UK,Ninja Foodi Max Dual Zon Fryer
253,AF451UK,Ninja Foodi MAX Dual Zone Air,,PRODUCT,SOA_ONLY,1,False,False,True,,,,,,,AF451UK,Ninja Foodi MAX Dual Zone Air
254,AF500UK,Ninja Foodi FlexDrawer 10.4L,FRYERS,PRODUCT,SALES_SOA,2,True,False,True,AF500UK,Ninja Foodi FlexDrawer 10.4L,FRYERS,,,,AF500UK,Ninja Foodi FlexDrawer 10.4L
255,AFB18432,Whirlpool Integrated Tall Freezer,INT FREEZERS,PRODUCT,SALES_STOCK,2,True,True,False,AFB18432,Whirlpool Integrated Tall Freezer,INT FREEZERS,AFB18432,Whirlpool Integrated Tall Freezer,INT FREEZERS,,
256,AG651UK,Ninja Foodi Max Pro Health Grill,,PRODUCT,SOA_ONLY,1,False,False,True,,,,,,,AG651UK,Ninja Foodi Max Pro Health Grill
257,AKL307IX,Whirlpool (F154245) Built Under,BUILT UNDER DBL OVEN,PRODUCT,SALES_ONLY,1,True,False,False,AKL307IX,Whirlpool (F154245) Built Under,BUILT UNDER DBL OVEN,,,,,
258,AMW423/IX,WHIRLPOOL ABSOLUTE 750W,INT MICROWAVES,PRODUCT,SALES_ONLY,1,True,False,False,AMW423/IX,WHIRLPOOL ABSOLUTE 750W,INT MICROWAVES,,,,,
259,ARCG2UK1BLSONOS,ARC 2 Black,SPEAKERS,PRODUCT,SALES_ONLY,1,True,False,False,ARCG2UK1BLSonos,ARC 2 Black,SPEAKERS,,,,,
260,ARCHERC50VAC1200,Wireless Dual Band Gigabit,IT ACCESSORIES,PRODUCT,SALES_ONLY,1,True,False,False,ARCHERC50VAC1200,Wireless Dual Band Gigabit,IT ACCESSORIES,,,,,
261,ARCHT60FL,NORDMENDE 60CM CERAMIC HOB,HOBS,PRODUCT,SALES_ONLY,1,True,False,False,ARCHT60FL,NORDMENDE 60CM CERAMIC HOB,HOBS,,,,,
262,ART20,DIMPLEX ARTESIA WALL FIRE,HEATING,PRODUCT,SALES_ONLY,1,True,False,False,ART20,DIMPLEX ARTESIA WALL FIRE,HEATING,,,,,
263,AS7500,Remington 1000W Air Styler,,PRODUCT,SOA_ONLY,1,False,False,True,,,,,,,AS7500,Remington 1000W Air Styler
264,AS8901,Remington Hydraluxe Volume,,PRODUCT,SOA_ONLY,1,False,False,True,,,,,,,AS8901,Remington Hydraluxe Volume
265,AS8930U51,Remington AIRvive 2in1 Air Styler,,PRODUCT,SOA_ONLY,1,False,False,True,,,,,,,AS8930U51,Remington AIRvive 2in1 Air Styler
266,B0BZWQP9Z1BATTERY,Video Doorbell - SN - EU,SECURITY,PRODUCT,SALES_ONLY,1,True,False,False,B0BZWQP9Z1Battery,Video Doorbell - SN - EU,SECURITY,,,,,
267,B0CG2VRZW,Pan-Tilt Indoor Cam - White - UK,SECURITY,PRODUCT,SALES_ONLY,1,True,False,False,B0CG2VRZW,Pan-Tilt Indoor Cam - White - UK,SECURITY,,,,,
268,B2ACH7AG7BNEFF,N50 Graphite Grey Single Oven,SINGLE OVENS,PRODUCT,SALES_ONLY,1,True,False,False,B2ACH7AG7BNeff,N50 Graphite Grey Single Oven,SINGLE OVENS,,,,,
269,B2ACH7HH0BNEFF,SINGLE PYROLYTIC OVENS,SINGLE OVENS,PRODUCT,SALES_ONLY,1,True,False,False,B2ACH7HH0BNEFF,SINGLE PYROLYTIC OVENS,SINGLE OVENS,,,,,
270,B3ACE4AG3BNEFF,N50 Graphite Single Oven,SINGLE OVENS,PRODUCT,SALES_ONLY,1,True,False,False,B3ACE4AG3BNeff,N50 Graphite Single Oven,SINGLE OVENS,,,,,
271,B54CR31G0B,Neff N70 Graphite Single Oven,SINGLE OVENS,PRODUCT,SALES_ONLY,1,True,False,False,B54CR31G0B,Neff N70 Graphite Single Oven,SINGLE OVENS,,,,,
272,B54CR71G0B,Neff N70 Graphite Single Oven,SINGLE OVENS,PRODUCT,STOCK_ONLY,1,False,True,False,,,,B54CR71G0B,Neff N70 Graphite Single Oven,SINGLE OVENS,,
273,B54CR71N0B,Neff N70 St/St Single Oven,SINGLE OVENS,PRODUCT,SALES_STOCK,2,True,True,False,B54CR71N0B,Neff N70 St/St Single Oven,SINGLE OVENS,B54CR71N0B,Neff N70 St/St Single Oven,SINGLE OVENS,,
274,B58CT68H0B,Neff Single Oven Home Connect,SINGLE OVENS,PRODUCT,STOCK_ONLY,1,False,True,False,,,,B58CT68H0B,Neff Single Oven Home Connect,SINGLE OVENS,,
275,B5T4923IW,Beko 9kg Heat Pump Dryer,TUMBLE DRYERS,PRODUCT,SALES_ONLY,1,True,False,False,B5T4923IW,Beko 9kg Heat Pump Dryer,TUMBLE DRYERS,,,,,
276,B5W51041AWBEKO,10kg 1400 Spin White Washing,WASHING MACHINES,PRODUCT,SALES_ONLY,1,True,False,False,B5W51041AWBeko,10kg 1400 Spin White Washing,WASHING MACHINES,,,,,
277,B64CS71G0B,Neff Graphite Single Oven,SINGLE OVENS,PRODUCT,STOCK_ONLY,1,False,True,False,,,,B64CS71G0B,Neff Graphite Single Oven,SINGLE OVENS,,
278,B64CT73G0B,Neff Graphite Single Oven,SINGLE OVENS,PRODUCT,SALES_STOCK,2,True,True,False,B64CT73G0B,Neff Graphite Single Oven,SINGLE OVENS,B64CT73G0B,Neff Graphite Single Oven,SINGLE OVENS,,
279,B64FS31G0B,Neff Graphite Grey Single Oven with,SINGLE OVENS,PRODUCT,SALES_ONLY,1,True,False,False,B64FS31G0B,Neff Graphite Grey Single Oven with,SINGLE OVENS,,,,,
280,B64FT53G0B,Neff Graphite Single Oven with Steam,SINGLE OVENS,PRODUCT,SALES_STOCK,2,True,True,False,B64FT53G0B,Neff Graphite Single Oven with,SINGLE OVENS,B64FT53G0B,Neff Graphite Single Oven with Steam,SINGLE OVENS,,
281,B64VS71G0B,Neff Graphite Single Oven,SINGLE OVENS,PRODUCT,STOCK_ONLY,1,False,True,False,,,,B64VS71G0B,Neff Graphite Single Oven,SINGLE OVENS,,
282,B64VT73G0B,Neff N90 Graphite Single Oven with,SINGLE OVENS,PRODUCT,SALES_ONLY,1,True,False,False,B64VT73G0B,Neff N90 Graphite Single Oven with,SINGLE OVENS,,,,,
283,B6ACH7AG7B,Neff N50 Graphite Single Oven,SINGLE OVENS,PRODUCT,STOCK_ONLY,1,False,True,False,,,,B6ACH7AG7B,Neff N50 Graphite Single Oven,SINGLE OVENS,,
284,B6ACH7AG7BNEFF,N50 Graphite Single Oven,SINGLE OVENS,PRODUCT,SALES_ONLY,1,True,False,False,B6ACH7AG7BNeff,N50 Graphite Single Oven,SINGLE OVENS,,,,,
285,B6ACH7HG0BNEFF,N 50 built-in Single Oven,SINGLE OVENS,PRODUCT,SALES_ONLY,1,True,False,False,B6ACH7HG0BNeff,N 50 built-in Single Oven,SINGLE OVENS,,,,,
286,B6ACH7HH0B*NEFF,St/St Single Oven Home,SINGLE OVENS,PRODUCT,SALES_ONLY,1,True,False,False,B6ACH7HH0B*Neff,St/St Single Oven Home,SINGLE OVENS,,,,,
287,BC151UKNV,Ninja Blast Blender,BLENDERS,PRODUCT,SALES_SOA,2,True,False,True,BC151UKNV,Ninja Blast Blender,BLENDERS,,,,BC151UKNV,Ninja Blast Blender
288,BC251UKPK,Ninja Blast Max Cordless Portable,,PRODUCT,SOA_ONLY,1,False,False,True,,,,,,,BC251UKPK,Ninja Blast Max Cordless Portable
289,BCC12EGMU,BCC12EGMUK Bean to Cup coffee,COFFEE MAKERS,PRODUCT,SALES_ONLY,1,True,False,False,BCC12EGMU,BCC12EGMUK Bean to Cup coffee,COFFEE MAKERS,,,,,
290,BCFE101,Belling 98L 550mm Wide Chest,CHEST FREEZERS,PRODUCT,SALES_ONLY,1,True,False,False,BCFE101,Belling 98L 550mm Wide Chest,CHEST FREEZERS,,,,,
291,BCG600SILUK,Sage TheDoseControl Pro Grinder,,PRODUCT,SOA_ONLY,1,False,False,True,,,,,,,BCG600SILUK,Sage TheDoseControl Pro Grinder
292,BCG820BSSUK,Sage St/St Smart Grinder Pro,,PRODUCT,SOA_ONLY,1,False,False,True,,,,,,,BCG820BSSUK,Sage St/St Smart Grinder Pro
293,BCH60T,BELLING 4 RING CERAMIC HOB,HOBS,PRODUCT,SALES_ONLY,1,True,False,False,BCH60T,BELLING 4 RING CERAMIC HOB,HOBS,,,,,
294,BES875UK,Sage St/St Barista Express Coffee,COFFEE MAKERS,PRODUCT,SALES_SOA,2,True,False,True,BES875UK,Sage St/St Barista Express Coffee,COFFEE MAKERS,,,,BES875UK,Sage St/St Barista Express Coffee
295,BFF199IX,Belling 50cm Inox 1430 x 550 Fridge,FRIDGE FREEZERS,PRODUCT,SALES_ONLY,1,True,False,False,BFF199IX,Belling 50cm Inox 1430 x 550 Fridge,FRIDGE FREEZERS,,,,,
296,BFF230IX,Belling 167cm x 55cm Inox Fridge,FRIDGE FREEZERS,PRODUCT,SALES_ONLY,1,True,False,False,BFF230IX,Belling 167cm x 55cm Inox Fridge,FRIDGE FREEZERS,,,,,
297,BFL523MS0B,*BOSCH MICROWAVE OVENS RED DISPLAY UPTO 800W 20L 5,INT MICROWAVES,PRODUCT,SALES_STOCK,2,True,True,False,BFL523MS0B,BOSCH MICROWAVE OVENS RED,INT MICROWAVES,BFL523MS0B,*BOSCH MICROWAVE OVENS RED DISPLAY UPTO 800W 20L 5,INT MICROWAVES,,
298,BFL553MB0B,BOSCH MICROWAVE OVENS RED DISPLAY UPTO 900W 25L 5,INT MICROWAVES,PRODUCT,STOCK_ONLY,1,False,True,False,,,,BFL553MB0B,BOSCH MICROWAVE OVENS RED DISPLAY UPTO 900W 25L 5,INT MICROWAVES,,
299,BFSE61DOBKBELLING,60cm Black Slot in Cooker,COOKERS,PRODUCT,SALES_ONLY,1,True,False,False,BFSE61DOBKBelling,60cm Black Slot in Cooker,COOKERS,,,,,
300,BFSE62MFIX,Belling St/St 60cm Ceramic Top,COOKERS,PRODUCT,SALES_ONLY,1,True,False,False,BFSE62MFIX,Belling St/St 60cm Ceramic Top,COOKERS,,,,,
301,BHR8776GL,WBW Redmi Buds 6 Play Black,HEADPHONES,PRODUCT,SALES_ONLY,1,True,False,False,BHR8776GL,WBW Redmi Buds 6 Play Black,HEADPHONES,,,,,
302,BI65FBLK,BELLING SINGLE OVEN BLACK,SINGLE OVENS,PRODUCT,SALES_ONLY,1,True,False,False,BI65FBLK,BELLING SINGLE OVEN BLACK,SINGLE OVENS,,,,,
303,BI710C1B1B,Siemens Black 14cm Warming Drawer,WARMING DRAWERS,PRODUCT,STOCK_ONLY,1,False,True,False,,,,BI710C1B1B,Siemens Black 14cm Warming Drawer,WARMING DRAWERS,,
304,BIWMIL91485,Indesit 9kg 1400 Spin Integrated,INT WASHING MACHINES,PRODUCT,SALES_ONLY,1,True,False,False,BIWMIL91485,Indesit 9kg 1400 Spin Integrated,INT WASHING MACHINES,,,,,
305,BJE430SILUK,Sage Nutri Juicer Cold,,PRODUCT,SOA_ONLY,1,False,False,True,,,,,,,BJE430SILUK,Sage Nutri Juicer Cold
306,BL841140,TEFAL EASY SOUP MAKER,FOOD PREP,PRODUCT,SALES_ONLY,1,True,False,False,BL841140,TEFAL EASY SOUP MAKER,FOOD PREP,,,,,
307,BLF03PKUK,Smeg Pink Jug Blender,BLENDERS,PRODUCT,SALES_ONLY,1,True,False,False,BLF03PKUK,Smeg Pink Jug Blender,BLENDERS,,,,,
308,BLP41.AOCT,KENWOOD 2LITRE BLENDER,BLENDERS,PRODUCT,SALES_ONLY,1,True,False,False,BLP41.AOCT,KENWOOD 2LITRE BLENDER,BLENDERS,,,,,
309,BN650UK,Ninja Food Processor 850w Auto,,PRODUCT,SOA_ONLY,1,False,False,True,,,,,,,BN650UK,Ninja Food Processor 850w Auto
310,BN750UK,Ninja 2-in-1 Multi Serve Blender with,BLENDERS,PRODUCT,SALES_ONLY,1,True,False,False,BN750UK,Ninja 2-in-1 Multi Serve Blender with,BLENDERS,,,,,
311,BN800UK,NINJA 3 IN 1 FOOD,FOOD PREP,PRODUCT,SALES_SOA,2,True,False,True,BN800UK,NINJA 3 IN 1 FOOD,FOOD PREP,,,,BN800UK,NINJA 3 IN 1 FOOD
312,BNE800BSSUSAGE,Creatista Plus Nespresso,COFFEE MAKERS,PRODUCT,SALES_ONLY,1,True,False,False,BNE800BSSUSage,Creatista Plus Nespresso,COFFEE MAKERS,,,,,
313,BR110WH,Belling 55cm U/C Fridge with Icebox,U/C FRIDGE,PRODUCT,SALES_ONLY,1,True,False,False,BR110WH,Belling 55cm U/C Fridge with Icebox,U/C FRIDGE,,,,,
314,BRB70F26DES0EU,Samsung Integrated Series 6,,PRODUCT,SOA_ONLY,1,False,False,True,,,,,,,BRB70F26DES0EU,Samsung Integrated Series 6
315,BRR29600EWW/E,Samsung Integrated Tall Larder,,PRODUCT,SOA_ONLY,1,False,False,True,,,,,,,BRR29600EWW/E,Samsung Integrated Tall Larder
316,BRR29723EWW/EU,Samsung Built In Larder Fridge,INT FRIDGES,PRODUCT,STOCK_ONLY,1,False,True,False,,,,BRR29723EWW/EU,Samsung Built In Larder Fridge,INT FRIDGES,,
317,BU3521UK,Shark Clean & Empty Cordless,STICK VACS,PRODUCT,SALES_SOA,2,True,False,True,BU3521UK,Shark Clean & Empty Cordless,STICK VACS,,,,BU3521UK,Shark Clean & Empty Cordless
318,BWM520BSS,Sage No Mess Waffle Maker,FOOD PREP,PRODUCT,SALES_ONLY,1,True,False,False,BWM520BSS,Sage No Mess Waffle Maker,FOOD PREP,,,,,
319,C13T10G1401EPSON,SEPS1519 (604) Black,INK,PRODUCT,SALES_ONLY,1,True,False,False,C13T10G1401Epson,SEPS1519 (604) Black,INK,,,,,
320,C1AMG84G1B,*Neff Graphite N50 Integrated Combi Microwave,SINGLE OVENS,PRODUCT,STOCK_ONLY,1,False,True,False,,,,C1AMG84G1B,*Neff Graphite N50 Integrated Combi Microwave,SINGLE OVENS,,
321,C1AMG84G1BNEFF,Graphite N50 Integrated Combi,SINGLE OVENS,PRODUCT,SALES_ONLY,1,True,False,False,C1AMG84G1BNeff,Graphite N50 Integrated Combi,SINGLE OVENS,,,,,
322,C1AMG84N0B*NEFF,Compact Oven with M/W St/St,SINGLE OVENS,PRODUCT,SALES_ONLY,1,True,False,False,C1AMG84N0B*Neff,Compact Oven with M/W St/St,SINGLE OVENS,,,,,
323,C1AMG84N1B,*Neff St/St Integrated Combi Microwave,SINGLE OVENS,PRODUCT,STOCK_ONLY,1,False,True,False,,,,C1AMG84N1B,*Neff St/St Integrated Combi Microwave,SINGLE OVENS,,
324,C1AMG84N1BNEFF,N50 St/St Integrated Combi,SINGLE OVENS,PRODUCT,SALES_ONLY,1,True,False,False,C1AMG84N1BNeff,N50 St/St Integrated Combi,SINGLE OVENS,,,,,
325,C24MR21G0B,Neff N70 Compact Oven with Microwave Function,SINGLE OVENS,PRODUCT,STOCK_ONLY,1,False,True,False,,,,C24MR21G0B,Neff N70 Compact Oven with Microwave Function,SINGLE OVENS,,
326,C24MR21N0B,Neff St/St Compact Oven with Microwave,SINGLE OVENS,PRODUCT,STOCK_ONLY,1,False,True,False,,,,C24MR21N0B,Neff St/St Compact Oven with Microwave,SINGLE OVENS,,
327,C24MS71G0B,Neff Graphite Compact Oven with Microwave,SINGLE OVENS,PRODUCT,STOCK_ONLY,1,False,True,False,,,,C24MS71G0B,Neff Graphite Compact Oven with Microwave,SINGLE OVENS,,
328,C24MT73G0B,Neff Graphite Compact Oven with Microwave,SINGLE OVENS,PRODUCT,STOCK_ONLY,1,False,True,False,,,,C24MT73G0B,Neff Graphite Compact Oven with Microwave,SINGLE OVENS,,
329,C29MR21Y0B,Neff N 70 Flex Design Compact Oven,SINGLE OVENS,PRODUCT,STOCK_ONLY,1,False,True,False,,,,C29MR21Y0B,Neff N 70 Flex Design Compact Oven,SINGLE OVENS,,
330,C92IPX2,Smeg Classica St/St 90cm Induction,RANGE COOKERS,PRODUCT,SALES_ONLY,1,True,False,False,C92IPX2,Smeg Classica St/St 90cm Induction,RANGE COOKERS,,,,,
331,CB350UK,Ninja Foodi Power Nutri Blender,,PRODUCT,SOA_ONLY,1,False,False,True,,,,,,,CB350UK,Ninja Foodi Power Nutri Blender
332,CDL90DFFCY/84490,CLASSIC DL 90 DF,RANGE COOKERS,PRODUCT,SALES_ONLY,1,True,False,False,CDL90DFFCY/84490,CLASSIC DL 90 DF,RANGE COOKERS,,,,,
333,CFNRPTB,Quooker Tap Classic Fusion Round,TAPS,PRODUCT,SALES_ONLY,1,True,False,False,CFNRPTB,Quooker Tap Classic Fusion Round,TAPS,,,,,
334,CI100UK,Ninja 'Foodi' 3-in-1 Food Prep,,PRODUCT,SOA_ONLY,1,False,False,True,,,,,,,CI100UK,Ninja 'Foodi' 3-in-1 Food Prep
335,CI53W,REMINGTON SHINE THERAPY,,PRODUCT,SOA_ONLY,1,False,False,True,,,,,,,CI53W,REMINGTON SHINE THERAPY
336,CI8930U51,Remington AIRvive 2in1 Air Styler,,PRODUCT,SOA_ONLY,1,False,False,True,,,,,,,CI8930U51,Remington AIRvive 2in1 Air Styler
337,CI98X8,Remington Proluxe You Adaptive,HAIRCARE,PRODUCT,SALES_ONLY,1,True,False,False,CI98X8,Remington Proluxe You Adaptive,HAIRCARE,,,,,
338,CL4TT11G0,Neff N90 Built in Coffee Maker,COFFEE MAKERS,PRODUCT,SALES_ONLY,1,True,False,False,CL4TT11G0,Neff N90 Built in Coffee Maker,COFFEE MAKERS,,,,,
339,CLA60DFFBL/128080,CLASSIC 60 DF,COOKERS,PRODUCT,SALES_ONLY,1,True,False,False,CLA60DFFBL/128080,CLASSIC 60 DF,COOKERS,,,,,
340,CLA60EIBL/C,128120 CLASSIC 60 INDUCTION,COOKERS,PRODUCT,SALES_ONLY,1,True,False,False,CLA60EIBL/C,128120 CLASSIC 60 INDUCTION,COOKERS,,,,,
341,CLA60EICR/C,128130 CLASSIC 60 INDUCTION,COOKERS,PRODUCT,SALES_ONLY,1,True,False,False,CLA60EICR/C,128130 CLASSIC 60 INDUCTION,COOKERS,,,,,
342,CLA90DFFBL/RANGEMASTER,(116490) 90cm D/Duel,RANGE COOKERS,PRODUCT,SALES_ONLY,1,True,False,False,CLA90DFFBL/Rangemaster,(116490) 90cm D/Duel,RANGE COOKERS,,,,,
343,CLB20E,Dimplex Club Stove OptiFlame Log,HEATING,PRODUCT,SALES_ONLY,1,True,False,False,CLB20E,Dimplex Club Stove OptiFlame Log,HEATING,,,,,
344,CM724G1B1B,Siemens Black Compact Oven with Microwave,SINGLE OVENS,PRODUCT,STOCK_ONLY,1,False,True,False,,,,CM724G1B1B,Siemens Black Compact Oven with Microwave,SINGLE OVENS,,
345,CM778GNB1B,Siemens Black Compact Oven with Microwave,SINGLE OVENS,PRODUCT,STOCK_ONLY,1,False,True,False,,,,CM778GNB1B,Siemens Black Compact Oven with Microwave,SINGLE OVENS,,
346,CMG7241B1B,Bosch Black Compact Oven with Microwave,SINGLE OVENS,PRODUCT,STOCK_ONLY,1,False,True,False,,,,CMG7241B1B,Bosch Black Compact Oven with Microwave,SINGLE OVENS,,
347,CONBFL523MB0B,CONTRACT BOSCH MICROWAVE INTEGRATED,INT MICROWAVES,PRODUCT,STOCK_ONLY,1,False,True,False,,,,CONBFL523MB0B,CONTRACT BOSCH MICROWAVE INTEGRATED,INT MICROWAVES,,
348,CONKI5871SE0G,CONTRACT NEFF INT FRIDGE FREEZER,INT FRIDGE FREEZERS,PRODUCT,STOCK_ONLY,1,False,True,False,,,,CONKI5871SE0G,CONTRACT NEFF INT FRIDGE FREEZER,INT FRIDGE FREEZERS,,
349,CONS153HTX02G,CONTRACT NEFF INT DISHWASHER,INT DISHWASHERS,PRODUCT,STOCK_ONLY,1,False,True,False,,,,CONS153HTX02G,CONTRACT NEFF INT DISHWASHER,INT DISHWASHERS,,
350,CONT36CA50X1U,CONTRACT NEFF HOB,HOBS,PRODUCT,STOCK_ONLY,1,False,True,False,,,,CONT36CA50X1U,CONTRACT NEFF HOB,HOBS,,
351,CONU1DCC0AK3B,Neff Black N30 Double Oven,DOUBLE OVENS,PRODUCT,STOCK_ONLY,1,False,True,False,,,,CONU1DCC0AK3B,Neff Black N30 Double Oven,DOUBLE OVENS,,
352,CT04BG,DeLonghi Cream Argento Flora 4,TOASTERS,PRODUCT,SALES_ONLY,1,True,False,False,CT04BG,DeLonghi Cream Argento Flora 4,TOASTERS,,,,,
353,CT04PK,DeLonghi Pink Argento Flora 4 Slice,TOASTERS,PRODUCT,SALES_ONLY,1,True,False,False,CT04PK,DeLonghi Pink Argento Flora 4 Slice,TOASTERS,,,,,
354,CTI4003.M,DeLonghi Distinta X 4SL Toaster,TOASTERS,PRODUCT,SALES_ONLY,1,True,False,False,CTI4003.M,DeLonghi Distinta X 4SL Toaster,TOASTERS,,,,,
355,CTIN4003.BK,DeLonghi Black 4 Slice Distina X,TOASTERS,PRODUCT,SALES_ONLY,1,True,False,False,CTIN4003.BK,DeLonghi Black 4 Slice Distina X,TOASTERS,,,,,
356,CTIN4003.TB,DeLonghi Distinta X 4SL Toaster,TOASTERS,PRODUCT,SALES_ONLY,1,True,False,False,CTIN4003.TB,DeLonghi Distinta X 4SL Toaster,TOASTERS,,,,,
357,CTV3003.M,DeLonghi Diadema toaster B/Steel,TOASTERS,PRODUCT,SALES_ONLY,1,True,False,False,CTV3003.M,DeLonghi Diadema toaster B/Steel,TOASTERS,,,,,
358,CWF,Quooker Cold Water Filter,WATER FILTERS,PRODUCT,SALES_ONLY,1,True,False,False,CWF,Quooker Cold Water Filter,WATER FILTERS,,,,,
359,CX92GM,Smeg Concert Stainless Steel 90cm,RANGE COOKERS,PRODUCT,SALES_ONLY,1,True,False,False,CX92GM,Smeg Concert Stainless Steel 90cm,RANGE COOKERS,,,,,
360,D2IHL326,Indesit Integrated Dishwasher,INT DISHWASHERS,PRODUCT,SALES_ONLY,1,True,False,False,D2IHL326,Indesit Integrated Dishwasher,INT DISHWASHERS,,,,,
361,D3010,Remington Hair Dryer,HAIRCARE,PRODUCT,SALES_SOA,2,True,False,True,D3010,Remington Hair Dryer,HAIRCARE,,,,D3010,Remington Hair Dryer
362,DCE731110M,AEG St/St Double Oven,DOUBLE OVENS,PRODUCT,STOCK_ONLY,1,False,True,False,,,,DCE731110M,AEG St/St Double Oven,DOUBLE OVENS,,
363,DD60DDFHX9F,& P (81235) Flat Door S/St Dbl,DISHWASHERS,PRODUCT,SALES_ONLY,1,True,False,False,DD60DDFHX9F,& P (81235) Flat Door S/St Dbl,DISHWASHERS,,,,,
364,DECOBE253PK,TP Link Whole Home Mesh Wi-Fi,,PRODUCT,SOA_ONLY,1,False,False,True,,,,,,,DECOBE253PK,TP Link Whole Home Mesh Wi-Fi
365,DECOM4KIT,DECOM4 3pk Mesh Home Wi-Fi,,PRODUCT,SOA_ONLY,1,False,False,True,,,,,,,DECOM4KIT,DECOM4 3pk Mesh Home Wi-Fi
366,DECOX15003PK,Tp Link Deco X1500 Whole Home,,PRODUCT,SOA_ONLY,1,False,False,True,,,,,,,DECOX15003PK,Tp Link Deco X1500 Whole Home
367,DECOX503PK,TP Link DECOX50 3pk Wi-Fi 6,,PRODUCT,SOA_ONLY,1,False,False,True,,,,,,,DECOX503PK,TP Link DECOX50 3pk Wi-Fi 6
368,DECOX50OUTDOO,TP Link Mesh Wifi System Dual,,PRODUCT,SOA_ONLY,1,False,False,True,,,,,,,DECOX50OUTDOO,TP Link Mesh Wifi System Dual
369,DELIVERY,WEB DELIVERY CHARGE,DELIVERY CHARGE,SERVICE_CHARGE,SALES_ONLY,1,True,False,False,Delivery,WEB DELIVERY CHARGE,DELIVERY CHARGE,,,,,
370,DELIVERY-CHLOCAL,DELIVERY CHARGE,DELIVERY CHARGE,PRODUCT,SALES_ONLY,1,True,False,False,DELIVERY-CHLOCAL,DELIVERY CHARGE,DELIVERY CHARGE,,,,,
371,DENONHOMEDENON,Home 150 Black,HOME CINEMA,PRODUCT,SALES_ONLY,1,True,False,False,DENONHOMEDenon,Home 150 Black,HOME CINEMA,,,,,
372,DEUF2N,Dimplex 2kW Upright Fan Heater,HEATING,PRODUCT,SALES_ONLY,1,True,False,False,DEUF2N,Dimplex 2kW Upright Fan Heater,HEATING,,,,,
373,DEX212SF,Delonghi 12L Dehumidifier,DEHUMIDIFER,PRODUCT,SALES_ONLY,1,True,False,False,DEX212SF,Delonghi 12L Dehumidifier,DEHUMIDIFER,,,,,
374,DEX214F,DELONGHI 14LITRE/24HOURS,DEHUMIDIFER,PRODUCT,SALES_ONLY,1,True,False,False,DEX214F,DELONGHI 14LITRE/24HOURS,DEHUMIDIFER,,,,,
375,DEXD216RF,Delonghi 16L Dehiumidifier,DEHUMIDIFER,PRODUCT,SALES_ONLY,1,True,False,False,DEXD216RF,Delonghi 16L Dehiumidifier,DEHUMIDIFER,,,,,
376,DF587HMS,LG Black 60cm Dishwasher,DISHWASHERS,PRODUCT,STOCK_ONLY,1,False,True,False,,,,DF587HMS,LG Black 60cm Dishwasher,DISHWASHERS,,
377,DF63,Nordmende 60cm Integrated Dishwasher,INT DISHWASHERS,PRODUCT,STOCK_ONLY,1,False,True,False,,,,DF63,Nordmende 60cm Integrated Dishwasher,INT DISHWASHERS,,
378,DFB2003,Dimplex Double Dual Ctrl Fleece,ELECTRIC BLANKETS,PRODUCT,SALES_ONLY,1,True,False,False,DFB2003,Dimplex Double Dual Ctrl Fleece,ELECTRIC BLANKETS,,,,,
379,DFB2004,Dimplex King Fleece Dual Ctrl,ELECTRIC BLANKETS,PRODUCT,SALES_ONLY,1,True,False,False,DFB2004,Dimplex King Fleece Dual Ctrl,ELECTRIC BLANKETS,,,,,
380,DGE5861HM,AEG 80cm Canopy Cooker Hood,COOKER HOODS,PRODUCT,SALES_STOCK,2,True,True,False,DGE5861HM,AEG 80cm Canopy Cooker Hood,COOKER HOODS,DGE5861HM,AEG 80cm Canopy Cooker Hood,COOKER HOODS,,
381,DI362DQ,Smeg Integrated Dishwasher New,INT DISHWASHERS,PRODUCT,SALES_STOCK,2,True,True,False,DI362DQ,Smeg Integrated Dishwasher New,INT DISHWASHERS,DI362DQ,Smeg Integrated Dishwasher New,INT DISHWASHERS,,
382,DII10DIX,Indesit St/St Double Oven,DOUBLE OVENS,PRODUCT,STOCK_ONLY,1,False,True,False,,,,DII10DIX,Indesit St/St Double Oven,DOUBLE OVENS,,
383,DLN77AC60B,Bosch Series 6 70cm Black Canopy,COOKER HOODS,PRODUCT,SALES_ONLY,1,True,False,False,DLN77AC60B,Bosch Series 6 70cm Black Canopy,COOKER HOODS,,,,,
384,DLSC312,DeLonghi Latte Macchiato Glasses,ACCESSORIES,PRODUCT,SALES_ONLY,1,True,False,False,DLSC312,DeLonghi Latte Macchiato Glasses,ACCESSORIES,,,,,
385,DLSC500,Delonghi Descaler,ACCESSORIES,PRODUCT,SALES_ONLY,1,True,False,False,DLSC500,Delonghi Descaler,ACCESSORIES,,,,,
386,DP3020R,Deltaco DisplayPort to HDMI Cable,CABLES,PRODUCT,SALES_ONLY,1,True,False,False,DP3020R,Deltaco DisplayPort to HDMI Cable,CABLES,,,,,
387,DPHDMI45R,Deltaco Mini DisplayPort to HDMI,CABLES,PRODUCT,SALES_ONLY,1,True,False,False,DPHDMI45R,Deltaco Mini DisplayPort to HDMI,CABLES,,,,,
388,DT200UK,Ninja Foodi Dual Level Air Fry,,PRODUCT,SOA_ONLY,1,False,False,True,,,,,,,DT200UK,Ninja Foodi Dual Level Air Fry
389,DT2020G0BLUTEFAL,Blue Clothes Steamer,IRONS,PRODUCT,SALES_ONLY,1,True,False,False,DT2020G0BLUTefal,Blue Clothes Steamer,IRONS,,,,,
390,DUB1002,Dimplex Double Underblanket,ELECTRIC BLANKETS,PRODUCT,SALES_ONLY,1,True,False,False,DUB1002,Dimplex Double Underblanket,ELECTRIC BLANKETS,,,,,
391,DUB1003,Dimplex King Size Underblanket,ELECTRIC BLANKETS,PRODUCT,SALES_ONLY,1,True,False,False,DUB1003,Dimplex King Size Underblanket,ELECTRIC BLANKETS,,,,,
392,DV90BB9545GSAMSUNG,Blk Stl Series 8 9kg,TUMBLE DRYERS,PRODUCT,SALES_ONLY,1,True,False,False,DV90BB9545GSamsung,Blk Stl Series 8 9kg,TUMBLE DRYERS,,,,,
393,DV90DB8845,Samsung Series 8 9kg Heat Pump,TUMBLE DRYERS,PRODUCT,SALES_ONLY,1,True,False,False,DV90DB8845,Samsung Series 8 9kg Heat Pump,TUMBLE DRYERS,,,,,
394,DV90DB8845GBU1,Samsung Series 8 9kg Heat Pump Dryer,TUMBLE DRYERS,PRODUCT,STOCK_SOA,2,False,True,True,,,,DV90DB8845GBU1,Samsung Series 8 9kg Heat Pump Dryer,TUMBLE DRYERS,DV90DB8845GBU1,Samsung Series 8 9kg Heat Pump
395,DV90DG52A0,Samsung Series 5 Tumble Dryer,TUMBLE DRYERS,PRODUCT,SALES_ONLY,1,True,False,False,DV90DG52A0,Samsung Series 5 Tumble Dryer,TUMBLE DRYERS,,,,,
396,DV90DG52A0ABEU,Samsung Series 5 Heat Pump,,PRODUCT,SOA_ONLY,1,False,False,True,,,,,,,DV90DG52A0ABEU,Samsung Series 5 Heat Pump
397,DV90DG52A0AEEU,Samsung Series 5 Tumble Dryer,TUMBLE DRYERS,PRODUCT,STOCK_SOA,2,False,True,True,,,,DV90DG52A0AEEU,Samsung Series 5 Tumble Dryer,TUMBLE DRYERS,DV90DG52A0AEEU,Samsung Series 5 Tumble Dryer
398,DV90DG6845LBU1,Samsung Series 6 9kg Heat Pump Dryer,TUMBLE DRYERS,PRODUCT,STOCK_SOA,2,False,True,True,,,,DV90DG6845LBU1,Samsung Series 6 9kg Heat Pump Dryer,TUMBLE DRYERS,DV90DG6845LBU1,Samsung Series 6 9kg Heat Pump
399,DV90DG6845LEU1,Sumsung White 9kg Heat Pump Dryer,TUMBLE DRYERS,PRODUCT,STOCK_SOA,2,False,True,True,,,,DV90DG6845LEU1,Sumsung White 9kg Heat Pump Dryer,TUMBLE DRYERS,DV90DG6845LEU1,Sumsung White 9kg Heat Pump
400,DV90DG6845LSUMSUNG,White 9kg Heat Pump,TUMBLE DRYERS,PRODUCT,SALES_ONLY,1,True,False,False,DV90DG6845LSumsung,White 9kg Heat Pump,TUMBLE DRYERS,,,,,
401,DV90T6240LB/SAMSUNG,Series 7 Blk/St 9kg Dyrer,TUMBLE DRYERS,PRODUCT,SALES_ONLY,1,True,False,False,DV90T6240LB/Samsung,Series 7 Blk/St 9kg Dyrer,TUMBLE DRYERS,,,,,
402,DW1203EUUKGN,Ninja Sip Perfect Green Travel,,PRODUCT,SOA_ONLY,1,False,False,True,,,,,,,DW1203EUUKGN,Ninja Sip Perfect Green Travel
403,DW1603EUUKBK,Ninja Sip Perfect Large 400ml,,PRODUCT,SOA_ONLY,1,False,False,True,,,,,,,DW1603EUUKBK,Ninja Sip Perfect Large 400ml
404,DW1603EUUKGN,Ninja Sip Perfect Large 400ml,,PRODUCT,SOA_ONLY,1,False,False,True,,,,,,,DW1603EUUKGN,Ninja Sip Perfect Large 400ml
405,DW1603EUUKWH,Ninja Perfect Sip White Travel,,PRODUCT,SOA_ONLY,1,False,False,True,,,,,,,DW1603EUUKWH,Ninja Perfect Sip White Travel
406,DW1801EUUKBK,Ninja Thirsti 530ml Travel Bottle,,PRODUCT,SOA_ONLY,1,False,False,True,,,,,,,DW1801EUUKBK,Ninja Thirsti 530ml Travel Bottle
407,DW1801EUUKMT,Ninja Thirsti 530ml Travel Bottle,,PRODUCT,SOA_ONLY,1,False,False,True,,,,,,,DW1801EUUKMT,Ninja Thirsti 530ml Travel Bottle
408,DW2401EUUKBK,Ninja Thirsti 700ml Travel Bottle,,PRODUCT,SOA_ONLY,1,False,False,True,,,,,,,DW2401EUUKBK,Ninja Thirsti 700ml Travel Bottle
409,DW2401EUUKMT,Ninja Thirsti 700ml Travel Bottle,,PRODUCT,SOA_ONLY,1,False,False,True,,,,,,,DW2401EUUKMT,Ninja Thirsti 700ml Travel Bottle
410,DW60A8050FB/EU,Samsung Black St/St 14 Place,,PRODUCT,SOA_ONLY,1,False,False,True,,,,,,,DW60A8050FB/EU,Samsung Black St/St 14 Place
411,DW60CG550FSRE,Samsung St/St Freestanding,,PRODUCT,SOA_ONLY,1,False,False,True,,,,,,,DW60CG550FSRE,Samsung St/St Freestanding
412,DW60M6050FS/EU,Samsung 14 Place St/St,,PRODUCT,SOA_ONLY,1,False,False,True,,,,,,,DW60M6050FS/EU,Samsung 14 Place St/St
413,DW642WH,NordMende 60cm Freestanding Dishwasher White,DISHWASHERS,PRODUCT,STOCK_ONLY,1,False,True,False,,,,DW642WH,NordMende 60cm Freestanding Dishwasher White,DISHWASHERS,,
414,DWK67FN60BBOSCH,60cm Black Angled Hood,COOKER HOODS,PRODUCT,SALES_ONLY,1,True,False,False,DWK67FN60BBosch,60cm Black Angled Hood,COOKER HOODS,,,,,
415,DWQ66DM50,Bosch 60cm St/Steel Series 4 Hood,COOKER HOODS,PRODUCT,SALES_ONLY,1,True,False,False,DWQ66DM50,Bosch 60cm St/Steel Series 4 Hood,COOKER HOODS,,,,,
416,DX606FSTA,Dimplex St/St Single Oven,SINGLE OVENS,PRODUCT,SALES_ONLY,1,True,False,False,DX606FSTA,Dimplex St/St Single Oven,SINGLE OVENS,,,,,
417,DZ300UK,Ninja 6-in-1 Dual Zone Air Fryer 7.6L,FRYERS,PRODUCT,SALES_SOA,2,True,False,True,DZ300UK,Ninja 6-in-1 Dual Zone Air Fryer 7.6L,FRYERS,,,,DZ300UK,Ninja 6-in-1 Dual Zone Air Fryer
418,DZ400UK,Ninja MAX 6-in-1 Dual Zone Air Fryer,FRYERS,PRODUCT,SALES_SOA,2,True,False,True,DZ400UK,Ninja MAX 6-in-1 Dual Zone Air Fryer,FRYERS,,,,DZ400UK,Ninja MAX 6-in-1 Dual Zone Air
419,E10G1UK1BL,Sonos Era 100 (Black),HOME CINEMA,PRODUCT,SALES_ONLY,1,True,False,False,E10G1UK1BL,Sonos Era 100 (Black),HOME CINEMA,,,,,
420,E1504GA-NJ0,15.6” FHD Intel Core i3-N305 8GB,LAPTOPS,PRODUCT,SALES_ONLY,1,True,False,False,E1504GA-NJ0,15.6” FHD Intel Core i3-N305 8GB,LAPTOPS,,,,,
421,E510KA-EJ61,"Asus 15.6"" Pentium 4GB/128 SSD",LAPTOPS,PRODUCT,SALES_ONLY,1,True,False,False,E510KA-EJ61,"Asus 15.6"" Pentium 4GB/128 SSD",LAPTOPS,,,,,
422,E8214311,Eufy Video Doorbell E340 With,SECURITY,PRODUCT,SALES_ONLY,1,True,False,False,E8214311,Eufy Video Doorbell E340 With,SECURITY,,,,,
423,EC8930U51,Remington AIRvive Digital Hair,,PRODUCT,SOA_ONLY,1,False,False,True,,,,,,,EC8930U51,Remington AIRvive Digital Hair
424,EC9155.MB,DeLonghi La Specailista Arte Coffee,COFFEE MAKERS,PRODUCT,SALES_ONLY,1,True,False,False,EC9155.MB,DeLonghi La Specailista Arte Coffee,COFFEE MAKERS,,,,,
425,EC9455.M,Delonghi La Specilista Touch,COFFEE MAKERS,PRODUCT,SALES_ONLY,1,True,False,False,EC9455.M,Delonghi La Specilista Touch,COFFEE MAKERS,,,,,
426,ECAM220.22.,DeLonghi Magnifica Start Automatic,COFFEE MAKERS,PRODUCT,SALES_ONLY,1,True,False,False,ECAM220.22.,DeLonghi Magnifica Start Automatic,COFFEE MAKERS,,,,,
427,ECAM290.83.TDELONGHI,Magnifica Evo Automatic,COFFEE MAKERS,PRODUCT,SALES_ONLY,1,True,False,False,ECAM290.83.TDeLonghi,Magnifica Evo Automatic,COFFEE MAKERS,,,,,
428,ECF02RDUK,ECF02RDUK Espresso Coffee,,PRODUCT,SOA_ONLY,1,False,False,True,,,,,,,ECF02RDUK,ECF02RDUK Espresso Coffee
429,ECF02WHUK,Smeg 50's Retro Style Espresso,,PRODUCT,SOA_ONLY,1,False,False,True,,,,,,,ECF02WHUK,Smeg 50's Retro Style Espresso
430,ECP62BL,CDA Black 60cm Curved Glass Hood,COOKER HOODS,PRODUCT,SALES_ONLY,1,True,False,False,ECP62BL,CDA Black 60cm Curved Glass Hood,COOKER HOODS,,,,,
431,ECR20,Dimplex 2000Watt Oil Free Rad,HEATING,PRODUCT,SALES_ONLY,1,True,False,False,ECR20,Dimplex 2000Watt Oil Free Rad,HEATING,,,,,
432,ED811BS16E,Siemens iQ300 80cm Venting Hob,DOWNDRAFT HOBS,PRODUCT,SALES_ONLY,1,True,False,False,ED811BS16E,Siemens iQ300 80cm Venting Hob,DOWNDRAFT HOBS,,,,,
433,ED851HQ26E,Siemens iQ500 80cm Venting Hob,HOBS,PRODUCT,STOCK_ONLY,1,False,True,False,,,,ED851HQ26E,Siemens iQ500 80cm Venting Hob,HOBS,,
434,ED851HWB1E,Siemens iQ500 80cm Induction Hob,HOBS,PRODUCT,STOCK_ONLY,1,False,True,False,,,,ED851HWB1E,Siemens iQ500 80cm Induction Hob,HOBS,,
435,EDFDC46K,Electrolux BLACK Double Oven,DOUBLE OVENS,PRODUCT,STOCK_ONLY,1,False,True,False,,,,EDFDC46K,Electrolux BLACK Double Oven,DOUBLE OVENS,,
436,EDFDC46UX,Electrolux Built Under Double Oven,DOUBLE OVENS,PRODUCT,STOCK_ONLY,1,False,True,False,,,,EDFDC46UX,Electrolux Built Under Double Oven,DOUBLE OVENS,,
437,EDFDC46X,Electrolux Double Oven St/St,DOUBLE OVENS,PRODUCT,STOCK_ONLY,1,False,True,False,,,,EDFDC46X,Electrolux Double Oven St/St,DOUBLE OVENS,,
438,EDG210.WB,DELONGHI PICCOLO XS NESCAFE,COFFEE MAKERS,PRODUCT,SALES_ONLY,1,True,False,False,EDG210.WB,DELONGHI PICCOLO XS NESCAFE,COFFEE MAKERS,,,,,
439,EDHI618WD,Electrolux 8kg Heat Pump Dryer,TUMBLE DRYERS,PRODUCT,SALES_STOCK,2,True,True,False,EDHI618WD,Electrolux 8kg Heat Pump Dryer,TUMBLE DRYERS,EDHI618WD,Electrolux 8kg Heat Pump Dryer,TUMBLE DRYERS,,
440,EDHI6285B,Electrolux 8kg Heat Pump Dryer,TUMBLE DRYERS,PRODUCT,SALES_STOCK,2,True,True,False,EDHI6285B,Electrolux 8kg Heat Pump Dryer,TUMBLE DRYERS,EDHI6285B,Electrolux 8kg Heat Pump Dryer,TUMBLE DRYERS,,
441,EDHI739U4B,Electrolux 9kg Heat Pump Dryer,TUMBLE DRYERS,PRODUCT,STOCK_ONLY,1,False,True,False,,,,EDHI739U4B,Electrolux 9kg Heat Pump Dryer,TUMBLE DRYERS,,
442,EES47410L,Electrolux Integrated Dishwasher,INT DISHWASHERS,PRODUCT,STOCK_ONLY,1,False,True,False,,,,EES47410L,Electrolux Integrated Dishwasher,INT DISHWASHERS,,
443,EES48410L,Electrolux Integrated Dishwasher,INT DISHWASHERS,PRODUCT,STOCK_ONLY,1,False,True,False,,,,EES48410L,Electrolux Integrated Dishwasher,INT DISHWASHERS,,
444,EFI61141B,Electrolux 10kg 1400 Spin Washing Machine,WASHING MACHINES,PRODUCT,SALES_STOCK,2,True,True,False,EFI61141B,Electrolux 10kg 1400 Spin Washing,WASHING MACHINES,EFI61141B,Electrolux 10kg 1400 Spin Washing Machine,WASHING MACHINES,,
445,EFI61841B,Electrolux 8kg 1400 Spin Washing Machine,WASHING MACHINES,PRODUCT,STOCK_ONLY,1,False,True,False,,,,EFI61841B,Electrolux 8kg 1400 Spin Washing Machine,WASHING MACHINES,,
446,EFI61941B,Electrolux 9kg 1400 Spin Washing Machine,WASHING MACHINES,PRODUCT,STOCK_ONLY,1,False,True,False,,,,EFI61941B,Electrolux 9kg 1400 Spin Washing Machine,WASHING MACHINES,,
447,EFI62142B,Electrolux 10kg 1400 Spin Washing Machine,WASHING MACHINES,PRODUCT,STOCK_ONLY,1,False,True,False,,,,EFI62142B,Electrolux 10kg 1400 Spin Washing Machine,WASHING MACHINES,,
448,EFI63142UD,Electrolux 10kg 1400 Spin Universal Dose Washer,WASHING MACHINES,PRODUCT,SALES_STOCK,2,True,True,False,EFI63142UD,Electrolux 10kg 1400 Spin Universal,WASHING MACHINES,EFI63142UD,Electrolux 10kg 1400 Spin Universal Dose Washer,WASHING MACHINES,,
449,EGS6426SX,Electrolux 60cm St/St Gas Hob,GAS HOBS,PRODUCT,STOCK_ONLY,1,False,True,False,,,,EGS6426SX,Electrolux 60cm St/St Gas Hob,GAS HOBS,,
450,EHF6140ISK,ELECTROLUX 60CM HOB,HOBS,PRODUCT,STOCK_ONLY,1,False,True,False,,,,EHF6140ISK,ELECTROLUX 60CM HOB,HOBS,,
451,EHF6241FOK,Electrolux 60cm Touch Control Ceramic Hob,HOBS,PRODUCT,STOCK_ONLY,1,False,True,False,,,,EHF6241FOK,Electrolux 60cm Touch Control Ceramic Hob,HOBS,,
452,EIV84550,Electrolux 80cm 5 Zone Induction Hob,HOBS,PRODUCT,STOCK_ONLY,1,False,True,False,,,,EIV84550,Electrolux 80cm 5 Zone Induction Hob,HOBS,,
453,EN167.B,Nespresso Citiz Black,COFFEE MAKERS,PRODUCT,SALES_ONLY,1,True,False,False,EN167.B,Nespresso Citiz Black,COFFEE MAKERS,,,,,
454,ENV90.B,Nespresso Pop black,COFFEE MAKERS,PRODUCT,SALES_ONLY,1,True,False,False,ENV90.B,Nespresso Pop black,COFFEE MAKERS,,,,,
455,EOD6C46K2,ELECTROLUX SINGLE OVEN BLACK,SINGLE OVENS,PRODUCT,STOCK_ONLY,1,False,True,False,,,,EOD6C46K2,ELECTROLUX SINGLE OVEN BLACK,SINGLE OVENS,,
456,EOD6C46X2,ELECTROLUX SINGLE OVEN ST STEEL,SINGLE OVENS,PRODUCT,STOCK_ONLY,1,False,True,False,,,,EOD6C46X2,ELECTROLUX SINGLE OVEN ST STEEL,SINGLE OVENS,,
457,EOE8P09X,ELECTROLUX PYRO OVEN WITH PROBE,SINGLE OVENS,PRODUCT,STOCK_ONLY,1,False,True,False,,,,EOE8P09X,ELECTROLUX PYRO OVEN WITH PROBE,SINGLE OVENS,,
458,EOF6P46X,ELECTROLUX SINGLE OVEN ST STEEL,SINGLE OVENS,PRODUCT,STOCK_ONLY,1,False,True,False,,,,EOF6P46X,ELECTROLUX SINGLE OVEN ST STEEL,SINGLE OVENS,,
459,EOM6P46K,Electrolux Black AirFry Pyrolituc Single Oven,SINGLE OVENS,PRODUCT,SALES_STOCK,2,True,True,False,EOM6P46K,Electrolux Black AirFry Pyrolituc,SINGLE OVENS,EOM6P46K,Electrolux Black AirFry Pyrolituc Single Oven,SINGLE OVENS,,
460,EOM6P46X,Electrolux St/St AirFry Single Oven,SINGLE OVENS,PRODUCT,SALES_STOCK,2,True,True,False,EOM6P46X,Electrolux St/St AirFry Single Oven,SINGLE OVENS,EOM6P46X,Electrolux St/St AirFry Single Oven,SINGLE OVENS,,
461,ERACIXA60,Elica 52cm Canopy Hood for 60cm units,COOKER HOODS,PRODUCT,STOCK_ONLY,1,False,True,False,,,,ERACIXA60,Elica 52cm Canopy Hood for 60cm units,COOKER HOODS,,
462,ERAGRA60,Elica Silver 52cm Canopy Hood for,COOKER HOODS,PRODUCT,SALES_ONLY,1,True,False,False,ERAGRA60,Elica Silver 52cm Canopy Hood for,COOKER HOODS,,,,,
463,ES601UK,Ninja Luxe Café Premier series,COFFEE MAKERS,PRODUCT,SALES_SOA,2,True,False,True,ES601UK,Ninja Luxe Café Premier series,COFFEE MAKERS,,,,ES601UK,Ninja Luxe Café Premier series
464,ES601UKBK,Ninja Luxe Café Premier Espresso,COFFEE MAKERS,PRODUCT,SALES_SOA,2,True,False,True,ES601UKBK,Ninja Luxe Café Premier Espresso,COFFEE MAKERS,,,,ES601UKBK,Ninja Luxe Café Premier Espresso
465,ES701UK,Ninja Luxe Café Pro Series Coffee,,PRODUCT,SOA_ONLY,1,False,False,True,,,,,,,ES701UK,Ninja Luxe Café Pro Series Coffee
466,ESA17210SW,ELECTROLUX 13 PLACE FREESTANDING DISHWASHER - WHIE,DISHWASHERS,PRODUCT,STOCK_ONLY,1,False,True,False,,,,ESA17210SW,ELECTROLUX 13 PLACE FREESTANDING DISHWASHER - WHIE,DISHWASHERS,,
467,ESA17210SX,ELECTROLUX 13 PLACE FREESTANDING DISHWASHER ST/ST,DISHWASHERS,PRODUCT,STOCK_ONLY,1,False,True,False,,,,ESA17210SX,ELECTROLUX 13 PLACE FREESTANDING DISHWASHER ST/ST,DISHWASHERS,,
468,ESDL90DFPP,Rangemaster Estel Dlx 90cm DF Crm,RANGE COOKERS,PRODUCT,SALES_ONLY,1,True,False,False,ESDL90DFPP,Rangemaster Estel Dlx 90cm DF Crm,RANGE COOKERS,,,,,
469,ESDLO110EIPMNT/AB1,Rangemaster Estel DLX Induction 110cm Mint,RANGE COOKERS,PRODUCT,STOCK_ONLY,1,False,True,False,,,,ESDLO110EIPMNT/AB1,Rangemaster Estel DLX Induction 110cm Mint,RANGE COOKERS,,
470,ET-2850,EPSON Eco Tank ET2850,PRINTERS,PRODUCT,SALES_ONLY,1,True,False,False,ET-2850,EPSON Eco Tank ET2850,PRINTERS,,,,,
471,ET-2860,ET-2860 MULTIFUNCTION,,PRODUCT,SOA_ONLY,1,False,False,True,,,,,,,ET-2860,ET-2860 MULTIFUNCTION
472,ET-2950,Epson EcoTank ET-2950,,PRODUCT,SOA_ONLY,1,False,False,True,,,,,,,ET-2950,Epson EcoTank ET-2950
473,EU611BEB5E,Siemens iQ100 60cm Induction Hob,HOBS,PRODUCT,STOCK_ONLY,1,False,True,False,,,,EU611BEB5E,Siemens iQ100 60cm Induction Hob,HOBS,,
474,EVLBE08X,Electrolux Combi Oven,SINGLE OVENS,PRODUCT,STOCK_ONLY,1,False,True,False,,,,EVLBE08X,Electrolux Combi Oven,SINGLE OVENS,,
475,EVLDE46K,Electrolux Black Compack Oven with MW,SINGLE OVENS,PRODUCT,STOCK_ONLY,1,False,True,False,,,,EVLDE46K,Electrolux Black Compack Oven with MW,SINGLE OVENS,,
476,EVLDE46X,ELECTROLUX 43LITRE COMPACT COMBINATION MICROWAVE N,SINGLE OVENS,PRODUCT,STOCK_ONLY,1,False,True,False,,,,EVLDE46X,ELECTROLUX 43LITRE COMPACT COMBINATION MICROWAVE N,SINGLE OVENS,,
477,EWDE861483,Indesit 8kg/6kg 1400 Spin Washer,WASHER DRYERS,PRODUCT,SALES_ONLY,1,True,False,False,EWDE861483,Indesit 8kg/6kg 1400 Spin Washer,WASHER DRYERS,,,,,
478,EWDK5846B,ELECTROLUX 8KG/4KG WASHER DRYER,WASHER DRYERS,PRODUCT,STOCK_ONLY,1,False,True,False,,,,EWDK5846B,ELECTROLUX 8KG/4KG WASHER DRYER,WASHER DRYERS,,
479,EX150UK,Shark Carpet Expert,STICK VACS,PRODUCT,SALES_SOA,2,True,False,True,EX150UK,Shark Carpet Expert,STICK VACS,,,,EX150UK,Shark Carpet Expert
480,EX200UK,Shark CarpetXpert Deep Carpet,,PRODUCT,SOA_ONLY,1,False,False,True,,,,,,,EX200UK,Shark CarpetXpert Deep Carpet
481,EXAM440.55.BDELONGHI,Rivelia Bean to Cup Coffee,COFFEE MAKERS,PRODUCT,SALES_ONLY,1,True,False,False,EXAM440.55.BDeLonghi,Rivelia Bean to Cup Coffee,COFFEE MAKERS,,,,,
482,EY901HG0,"Easy Fry Dual Air Fryer - Coal, 8.3L",FRYERS,PRODUCT,SALES_ONLY,1,True,False,False,EY901HG0,"Easy Fry Dual Air Fryer - Coal, 8.3L",FRYERS,,,,,
483,F2002,Remington F2 Series Foil Shaver,SHAVERS,PRODUCT,SALES_ONLY,1,True,False,False,F2002,Remington F2 Series Foil Shaver,SHAVERS,,,,,
484,F4X1009NWK.AGW,LG White 10kg Direct Drive,,PRODUCT,SOA_ONLY,1,False,False,True,,,,,,,F4X1009NWK.AGW,LG White 10kg Direct Drive
485,F4X1009NWK.LG,White 10kg Direct Drive Washing,WASHING MACHINES,PRODUCT,SALES_ONLY,1,True,False,False,F4X1009NWK.LG,White 10kg Direct Drive Washing,WASHING MACHINES,,,,,
486,F4Y510WBLN,LG 10kg White Steam Washing,WASHING MACHINES,PRODUCT,SALES_ONLY,1,True,False,False,F4Y510WBLN,LG 10kg White Steam Washing,WASHING MACHINES,,,,,
487,FA050UK,Shark Hydrogo Fan,COOLING FANS,PRODUCT,SALES_ONLY,1,True,False,False,FA050UK,Shark Hydrogo Fan,COOLING FANS,,,,,
488,FB424BKLV,Fitbit Inspire 3 Lilac Bliss,FITNESS,PRODUCT,SALES_ONLY,1,True,False,False,FB424BKLV,Fitbit Inspire 3 Lilac Bliss,FITNESS,,,,,
489,FB523RGRW,Fitbit Versa 4 Pink Sand/Copper,FITNESS,PRODUCT,SALES_ONLY,1,True,False,False,FB523RGRW,Fitbit Versa 4 Pink Sand/Copper,FITNESS,,,,,
490,FD128ATT431PNY,128GB USB 3.1 Memory Stick,IT ACCESSORIES,PRODUCT,SALES_ONLY,1,True,False,False,FD128ATT431PNY,128GB USB 3.1 Memory Stick,IT ACCESSORIES,,,,,
491,FD16GATT4-EPNY,USB Sliding design - Black read,IT ACCESSORIES,PRODUCT,SALES_ONLY,1,True,False,False,FD16GATT4-EPNY,USB Sliding design - Black read,IT ACCESSORIES,,,,,
492,FD32GATT4-EPNY,USB Sliding design - Black read,IT ACCESSORIES,PRODUCT,SALES_ONLY,1,True,False,False,FD32GATT4-EPNY,USB Sliding design - Black read,IT ACCESSORIES,,,,,
493,FDP22.130GYKENWOOD,Multipro Go Food,FOOD PREP,PRODUCT,SALES_ONLY,1,True,False,False,FDP22.130GYKenwood,Multipro Go Food,FOOD PREP,,,,,
494,FDP31.170GYKENWOOD,Multipro Food Processor,FOOD PREP,PRODUCT,SALES_ONLY,1,True,False,False,FDP31.170GYKenwood,Multipro Food Processor,FOOD PREP,,,,,
495,FE1404,Liebherr U/C Freezer 55cm with Handle,U/C FREEZER,PRODUCT,SALES_STOCK,2,True,True,False,FE1404,Liebherr U/C Freezer 55cm with,U/C FREEZER,FE1404,Liebherr U/C Freezer 55cm with Handle,U/C FREEZER,,
496,FEL023MS2B,Bosch 20 L Microwave,MICROWAVE OVENS,PRODUCT,STOCK_ONLY,1,False,True,False,,,,FEL023MS2B,Bosch 20 L Microwave,MICROWAVE OVENS,,
497,FF203840,Tefal Uno Fryer 1Kg Black,FRYERS,PRODUCT,SALES_ONLY,1,True,False,False,FF203840,Tefal Uno Fryer 1Kg Black,FRYERS,,,,,
498,FFB9469WVUWHIRLPOOL,9kg 1400 Spin Washing,WASHING MACHINES,PRODUCT,SALES_ONLY,1,True,False,False,FFB9469WVUWhirlpool,9kg 1400 Spin Washing,WASHING MACHINES,,,,,
499,FFL020MS2B,Series 2 free-standing microwave 44 x 26 cm SS,MICROWAVE OVENS,PRODUCT,STOCK_ONLY,1,False,True,False,,,,FFL020MS2B,Series 2 free-standing microwave 44 x 26 cm SS,MICROWAVE OVENS,,
500,FFTM229X2BUK,Whirlpool 9kg Heat Pump Tumble Dryer,TUMBLE DRYERS,PRODUCT,STOCK_ONLY,1,False,True,False,,,,FFTM229X2BUK,Whirlpool 9kg Heat Pump Tumble Dryer,TUMBLE DRYERS,,
501,FH110EBK,BELLING FARMHOUSE 110CM ALL,RANGE COOKERS,PRODUCT,SALES_ONLY,1,True,False,False,FH110EBK,BELLING FARMHOUSE 110CM ALL,RANGE COOKERS,,,,,
502,FH90EIANT,Belling Anthracite 90cm Farmhouse,RANGE COOKERS,PRODUCT,SALES_ONLY,1,True,False,False,FH90EIANT,Belling Anthracite 90cm Farmhouse,RANGE COOKERS,,,,,
503,FJM,BAGS Miele FJM Vacuum Cleaner Bags,VACUUM BAGS,PRODUCT,SALES_ONLY,1,True,False,False,FJM,BAGS Miele FJM Vacuum Cleaner Bags,VACUUM BAGS,,,,,
504,FN101UKGY,Ninja CRISPI 4-in-1 Portable glass,,PRODUCT,SOA_ONLY,1,False,False,True,,,,,,,FN101UKGY,Ninja CRISPI 4-in-1 Portable glass
505,FN101UKSG,Ninja Crispi 4 in 1 Glass Airfryer,FOOD PREP,PRODUCT,SALES_SOA,2,True,False,True,FN101UKSG,Ninja Crispi 4 in 1 Glass Airfryer,FOOD PREP,,,,FN101UKSG,Ninja Crispi 4 in 1 Glass Airfryer
506,FN101UKST,Ninja CRISPi 4-in-1 Portable Glass,FRYERS,PRODUCT,SALES_SOA,2,True,False,True,FN101UKST,Ninja CRISPi 4-in-1 Portable Glass,FRYERS,,,,FN101UKST,Ninja CRISPi 4-in-1 Portable
507,FNRCHR,Quooker Fusion Round Chrome,TAPS,PRODUCT,SALES_ONLY,1,True,False,False,FNRCHR,Quooker Fusion Round Chrome,TAPS,,,,,
508,FOLDGRA72,Elica 72cm Fold Hood Grey,COOKER HOODS,PRODUCT,SALES_ONLY,1,True,False,False,FOLDGRA72,Elica 72cm Fold Hood Grey,COOKER HOODS,,,,,
509,FP42978,Bowers & Wilkins PX8 Headphone,HEADPHONES,PRODUCT,SALES_ONLY,1,True,False,False,FP42978,Bowers & Wilkins PX8 Headphone,HEADPHONES,,,,,
510,FS301UK,Ninja Slushy Maker,BLENDERS,PRODUCT,SALES_SOA,2,True,False,True,FS301UK,Ninja Slushy Maker,BLENDERS,,,,FS301UK,Ninja Slushy Maker
511,FSE76747P,AEG Integrated Glasscare,INT DISHWASHERS,PRODUCT,SALES_ONLY,1,True,False,False,FSE76747P,AEG Integrated Glasscare,INT DISHWASHERS,,,,,
512,FSE83837P,AEG Comfort Lift Integrated Dishwasher,INT DISHWASHERS,PRODUCT,STOCK_ONLY,1,False,True,False,,,,FSE83837P,AEG Comfort Lift Integrated Dishwasher,INT DISHWASHERS,,
513,FSS96828P,AEG A Rated Integrated Dishwasher,INT DISHWASHERS,PRODUCT,STOCK_ONLY,1,False,True,False,,,,FSS96828P,AEG A Rated Integrated Dishwasher,INT DISHWASHERS,,
514,FWY606GBLNLG,"WASHER DRYER, 10KG WASH,",WASHER DRYERS,PRODUCT,SALES_ONLY,1,True,False,False,FWY606GBLNLG,"WASHER DRYER, 10KG WASH,",WASHER DRYERS,,,,,
515,FXRGME,Quooker Tap Flex Gun Metal,TAPS,PRODUCT,SALES_ONLY,1,True,False,False,FXRGME,Quooker Tap Flex Gun Metal,TAPS,,,,,
516,G1.DGBRLLK,LG 3.1ch Soundbar 2023,HOME CINEMA,PRODUCT,SALES_ONLY,1,True,False,False,G1.DGBRLLK,LG 3.1ch Soundbar 2023,HOME CINEMA,,,,,
517,G5410SC,Miele Freestanding White Dish,DISHWASHERS,PRODUCT,SALES_ONLY,1,True,False,False,G5410SC,Miele Freestanding White Dish,DISHWASHERS,,,,,
518,G5811SCCLS,Miele 12864970 St/St Dishwasher,DISHWASHERS,PRODUCT,SALES_ONLY,1,True,False,False,G5811SCCLS,Miele 12864970 St/St Dishwasher,DISHWASHERS,,,,,
519,G5851SCVI,Miele 12865000 Integrated Dishwasher,INT DISHWASHERS,PRODUCT,STOCK_ONLY,1,False,True,False,,,,G5851SCVI,Miele 12865000 Integrated Dishwasher,INT DISHWASHERS,,
520,G7085SCVIXXMIELE,12865050 Integrated,INT DISHWASHERS,PRODUCT,SALES_ONLY,1,True,False,False,G7085SCVIXXMiele,12865050 Integrated,INT DISHWASHERS,,,,,
521,G7650SCVI,Miele 12423970 Integrated,INT DISHWASHERS,PRODUCT,SALES_ONLY,1,True,False,False,G7650SCVI,Miele 12423970 Integrated,INT DISHWASHERS,,,,,
522,GI7812EE0G,Neff N50 No Frost Integrated Freezer Fixed Hine,INT FREEZERS,PRODUCT,SALES_STOCK,2,True,True,False,GI7812EE0G,Neff N50 No Frost Integrated Freezer,INT FREEZERS,GI7812EE0G,Neff N50 No Frost Integrated Freezer Fixed Hine,INT FREEZERS,,
523,GI81NVEE0G,Siemens iQ300 Tall Integrated Freezer,INT FREEZERS,PRODUCT,STOCK_ONLY,1,False,True,False,,,,GI81NVEE0G,Siemens iQ300 Tall Integrated Freezer,INT FREEZERS,,
524,GIN81VEE0G,Bosch Built in Freezer,INT FREEZERS,PRODUCT,SALES_STOCK,2,True,True,False,GIN81VEE0G,Bosch Built in Freezer,INT FREEZERS,GIN81VEE0G,Bosch Built in Freezer,INT FREEZERS,,
525,GN BAGS,BAGS 400/600/800 SERIES AND S5,VACUUM BAGS,PRODUCT,SALES_ONLY,1,True,False,False,GN BAGS,BAGS 400/600/800 SERIES AND S5,VACUUM BAGS,,,,,
526,GO524,GO IRE to EU Travel Adaptor,ACCESSORIES,PRODUCT,SALES_ONLY,1,True,False,False,GO524,GO IRE to EU Travel Adaptor,ACCESSORIES,,,,,
527,GO528,GO Ireland to Australia travel Adaptor,ACCESSORIES,PRODUCT,SALES_ONLY,1,True,False,False,GO528,GO Ireland to Australia travel Adaptor,ACCESSORIES,,,,,
528,GO540,GO EU to Ireland travel adapter,ACCESSORIES,PRODUCT,SALES_ONLY,1,True,False,False,GO540,GO EU to Ireland travel adapter,ACCESSORIES,,,,,
529,GO554,GO USA to Ireland travel adapter,ACCESSORIES,PRODUCT,SALES_ONLY,1,True,False,False,GO554,GO USA to Ireland travel adapter,ACCESSORIES,,,,,
530,GR101UK,Ninja Sizzle Low Smoke Indoor,,PRODUCT,SOA_ONLY,1,False,False,True,,,,,,,GR101UK,Ninja Sizzle Low Smoke Indoor
531,GS36NVIEPG,Siemens iQ300 186 x 60 Brushed St Freezer,FREEZERS,PRODUCT,STOCK_ONLY,1,False,True,False,,,,GS36NVIEPG,Siemens iQ300 186 x 60 Brushed St Freezer,FREEZERS,,
532,GS36NVIEV,Siemens iQ300 186 x 60 Inox Freezer,FREEZERS,PRODUCT,SALES_ONLY,1,True,False,False,GS36NVIEV,Siemens iQ300 186 x 60 Inox Freezer,FREEZERS,,,,,
533,GSLC40PYPE.APY,LG Silver USA Fridge Freezer,,PRODUCT,SOA_ONLY,1,False,False,True,,,,,,,GSLC40PYPE.APY,LG Silver USA Fridge Freezer
534,GSLC40PYPE.LG,Silver USA Fridge Freezer,USA F/F,PRODUCT,SALES_ONLY,1,True,False,False,GSLC40PYPE.LG,Silver USA Fridge Freezer,USA F/F,,,,,
535,GSXE90EVDDLG,Black Stl Craft Ice USA Fridge,USA F/F,PRODUCT,SALES_ONLY,1,True,False,False,GSXE90EVDDLG,Black Stl Craft Ice USA Fridge,USA F/F,,,,,
536,GSXE91BSADLG,"AMERICAN FRIDGE FREEZER,",USA F/F,PRODUCT,SALES_ONLY,1,True,False,False,GSXE91BSADLG,"AMERICAN FRIDGE FREEZER,",USA F/F,,,,,
537,GSXE91EVAD,LG Black Instaview USA Fridge Freezer,USA F/F,PRODUCT,STOCK_ONLY,1,False,True,False,,,,GSXE91EVAD,LG Black Instaview USA Fridge Freezer,USA F/F,,
538,GSXE91EVAD.AEV,LG Matte Black Instaview USA,,PRODUCT,SOA_ONLY,1,False,False,True,,,,,,,GSXE91EVAD.AEV,LG Matte Black Instaview USA
539,GU21NVFE0G,Siemens U/C Integrated Freezer,INT FREEZERS,PRODUCT,STOCK_ONLY,1,False,True,False,,,,GU21NVFE0G,Siemens U/C Integrated Freezer,INT FREEZERS,,
540,GUN21VFE0G,Bosch U/C Integrated Freezer Flat Hinge,U/C FREEZER,PRODUCT,STOCK_ONLY,1,False,True,False,,,,GUN21VFE0G,Bosch U/C Integrated Freezer Flat Hinge,U/C FREEZER,,
541,GV9230,Tefal Pro Express Protect Generator,IRONS,PRODUCT,SALES_ONLY,1,True,False,False,GV9230,Tefal Pro Express Protect Generator,IRONS,,,,,
542,GVCH1000,"Groove PowerBank 10,000MH",IT ACCESSORIES,PRODUCT,SALES_ONLY,1,True,False,False,GVCH1000,"Groove PowerBank 10,000MH",IT ACCESSORIES,,,,,
543,GVMA001WE,Groove USB-C to USB-A Charging,CABLES,PRODUCT,SALES_ONLY,1,True,False,False,GVMA001WE,Groove USB-C to USB-A Charging,CABLES,,,,,
544,GVMA003WE,Groove 3mt USB-C to USB-A Cable,CABLES,PRODUCT,SALES_ONLY,1,True,False,False,GVMA003WE,Groove 3mt USB-C to USB-A Cable,CABLES,,,,,
545,GVMA025WE,Groove 3mt 100w USB-C to USB-C,CABLES,PRODUCT,SALES_ONLY,1,True,False,False,GVMA025WE,Groove 3mt 100w USB-C to USB-C,CABLES,,,,,
546,GVMA041WE,Groove 1mt MFI Apple to USB-A,CABLES,PRODUCT,SALES_ONLY,1,True,False,False,GVMA041WE,Groove 1mt MFI Apple to USB-A,CABLES,,,,,
547,GVMA042WE,Groove 2mt MFI Apple to USB-A,CABLES,PRODUCT,SALES_ONLY,1,True,False,False,GVMA042WE,Groove 2mt MFI Apple to USB-A,CABLES,,,,,
548,GVMA046WE,Groove 1mt MFI Apple to USB-C,CABLES,PRODUCT,SALES_ONLY,1,True,False,False,GVMA046WE,Groove 1mt MFI Apple to USB-C,CABLES,,,,,
549,GVMA082WE,Groove USB-C to 3.5mm Female,CABLES,PRODUCT,SALES_ONLY,1,True,False,False,GVMA082WE,Groove USB-C to 3.5mm Female,CABLES,,,,,
550,GVMA105WE,Groove Dual USB-A & USB-C Mains,IT ACCESSORIES,PRODUCT,SALES_ONLY,1,True,False,False,GVMA105WE,Groove Dual USB-A & USB-C Mains,IT ACCESSORIES,,,,,
551,GVMA107WE,GROOVE USBC MAINS CHARGER,IT ACCESSORIES,PRODUCT,SALES_ONLY,1,True,False,False,GVMA107WE,GROOVE USBC MAINS CHARGER,IT ACCESSORIES,,,,,
552,GVMA109WE,Groove 3-Port USB Mains GaN,IT ACCESSORIES,PRODUCT,SALES_ONLY,1,True,False,False,GVMA109WE,Groove 3-Port USB Mains GaN,IT ACCESSORIES,,,,,
553,GVPC14BK,Groove Wireless Keyboard & Mouse,IT ACCESSORIES,PRODUCT,SALES_ONLY,1,True,False,False,GVPC14BK,Groove Wireless Keyboard & Mouse,IT ACCESSORIES,,,,,
554,H2455BBK,Miele Blk 12408770 Single Oven,SINGLE OVENS,PRODUCT,STOCK_ONLY,1,False,True,False,,,,H2455BBK,Miele Blk 12408770 Single Oven,SINGLE OVENS,,
555,H2IHD526BUK,Hotpoint Integrated Dishwasher,INT DISHWASHERS,PRODUCT,STOCK_ONLY,1,False,True,False,,,,H2IHD526BUK,Hotpoint Integrated Dishwasher,INT DISHWASHERS,,
556,H7145BMBLK,Miele 12105860 Black Combi Oven,SINGLE OVENS,PRODUCT,STOCK_ONLY,1,False,True,False,,,,H7145BMBLK,Miele 12105860 Black Combi Oven,SINGLE OVENS,,
557,H7240BM,Miele 11093470 Combi Microwave,SINGLE OVENS,PRODUCT,STOCK_ONLY,1,False,True,False,,,,H7240BM,Miele 11093470 Combi Microwave,SINGLE OVENS,,
558,H7260BP,Miele 11093490 Clean Steel Oven,SINGLE OVENS,PRODUCT,STOCK_ONLY,1,False,True,False,,,,H7260BP,Miele 11093490 Clean Steel Oven,SINGLE OVENS,,
559,H7440BMOBBL,Miele (11093530) Black Combi Oven,SINGLE OVENS,PRODUCT,STOCK_ONLY,1,False,True,False,,,,H7440BMOBBL,Miele (11093530) Black Combi Oven,SINGLE OVENS,,
560,H7464BPBL,Miele Black 11093600 Pyro Single Oven,SINGLE OVENS,PRODUCT,SALES_STOCK,2,True,True,False,H7464BPBL,Miele Black 11093600 Pyro Single,SINGLE OVENS,H7464BPBL,Miele Black 11093600 Pyro Single Oven,SINGLE OVENS,,
561,HB150UK,Ninja Heated Blender,,PRODUCT,SOA_ONLY,1,False,False,True,,,,,,,HB150UK,Ninja Heated Blender
562,HB772G1B1B,Siemens iQ700 Black Single Oven,SINGLE OVENS,PRODUCT,STOCK_ONLY,1,False,True,False,,,,HB772G1B1B,Siemens iQ700 Black Single Oven,SINGLE OVENS,,
563,HB778G3B1B,Siemens Black iQ700 Single Oven,SINGLE OVENS,PRODUCT,STOCK_ONLY,1,False,True,False,,,,HB778G3B1B,Siemens Black iQ700 Single Oven,SINGLE OVENS,,
564,HBF03CRUK,Smeg Cream Handblender with,,PRODUCT,SOA_ONLY,1,False,False,True,,,,,,,HBF03CRUK,Smeg Cream Handblender with
565,HBG7764B1B,Bosch Series 8 Black Single Oven,SINGLE OVENS,PRODUCT,STOCK_ONLY,1,False,True,False,,,,HBG7764B1B,Bosch Series 8 Black Single Oven,SINGLE OVENS,,
566,HC367,Remington U51 Stylist Hair,,PRODUCT,SOA_ONLY,1,False,False,True,,,,,,,HC367,Remington U51 Stylist Hair
567,HCR3818ENMHAIER,34005444 Silver Cube USA,USA F/F,PRODUCT,SALES_ONLY,1,True,False,False,HCR3818ENMHaier,34005444 Silver Cube USA,USA F/F,,,,,
568,HCR5919ENMHAIER,4 Door 91cm St/St USA Fridge,USA F/F,PRODUCT,SALES_ONLY,1,True,False,False,HCR5919ENMHaier,4 Door 91cm St/St USA Fridge,USA F/F,,,,,
569,HD301UK,Shark SppedStyle Hair Dryer,HAIRCARE,PRODUCT,SALES_ONLY,1,True,False,False,HD301UK,Shark SppedStyle Hair Dryer,HAIRCARE,,,,,
570,HD436SLUK,Shark Flexstyle 4 in 1 Air Styler &,HAIRCARE,PRODUCT,SALES_SOA,2,True,False,True,HD436SLUK,Shark Flexstyle 4 in 1 Air Styler &,HAIRCARE,,,,HD436SLUK,Shark Flexstyle 4 in 1 Air Styler &
571,HD440BPUK,SHARK FLEX STYLE – MALIBU,HAIRCARE,PRODUCT,SALES_ONLY,1,True,False,False,HD440BPUK,SHARK FLEX STYLE – MALIBU,HAIRCARE,,,,,
572,HD440SLUK,Shark FlexStyle 5-in-1 Air Styler &,HAIRCARE,PRODUCT,SALES_ONLY,1,True,False,False,HD440SLUK,Shark FlexStyle 5-in-1 Air Styler &,HAIRCARE,,,,,
573,HD446SLUK,Shark FlexStyle 5-in-1 Air Styler &,,PRODUCT,SOA_ONLY,1,False,False,True,,,,,,,HD446SLUK,Shark FlexStyle 5-in-1 Air Styler &
574,HD542UK,Shark SpeedStyle Pro FLEX 4 in 1,,PRODUCT,SOA_ONLY,1,False,False,True,,,,,,,HD542UK,Shark SpeedStyle Pro FLEX 4 in 1
575,HD731UK,Shark SpeedStyle Pro 3 in 1 Hair,HAIRCARE,PRODUCT,SALES_SOA,2,True,False,True,HD731UK,Shark SpeedStyle Pro 3 in 1 Hair,HAIRCARE,,,,HD731UK,Shark SpeedStyle Pro 3 in 1 Hair
576,HD752UK,Shark Beauty SpeedStyle Pro,,PRODUCT,SOA_ONLY,1,False,False,True,,,,,,,HD752UK,Shark Beauty SpeedStyle Pro
577,HDMI1020R,"2mt HDMI cable, HDMI High Speed",CABLES,PRODUCT,SALES_ONLY,1,True,False,False,HDMI1020R,"2mt HDMI cable, HDMI High Speed",CABLES,,,,,
578,HDP100WG,Kenwood Hand Blender,BLENDERS,PRODUCT,SALES_ONLY,1,True,False,False,HDP100WG,Kenwood Hand Blender,BLENDERS,,,,,
579,HFS30C24.DGDELONGHI,2.4 FAN HEATER,HEATING,PRODUCT,SALES_ONLY,1,True,False,False,HFS30C24.DGDELONGHI,2.4 FAN HEATER,HEATING,,,,,
580,HFX30C18.IW,DELONGHI CAPSULE HEATER,HEATING,PRODUCT,SALES_ONLY,1,True,False,False,HFX30C18.IW,DELONGHI CAPSULE HEATER,HEATING,,,,,
581,HHDD90WWIRE,Hotpoint 9kg White Heat Pump Dryer,TUMBLE DRYERS,PRODUCT,STOCK_ONLY,1,False,True,False,,,,HHDD90WWIRE,Hotpoint 9kg White Heat Pump Dryer,TUMBLE DRYERS,,
582,HHF113BR0B,*Bosch Stainless Steel Single Oven,SINGLE OVENS,PRODUCT,STOCK_ONLY,1,False,True,False,,,,HHF113BR0B,*Bosch Stainless Steel Single Oven,SINGLE OVENS,,
583,HLAWD23N0B,Neff Integrated Microwave Blk St/St Trim,INT MICROWAVES,PRODUCT,STOCK_ONLY,1,False,True,False,,,,HLAWD23N0B,Neff Integrated Microwave Blk St/St Trim,INT MICROWAVES,,
584,HLAWD53N0B,*Neff Integrated Microwave Blk S/St Trim,INT MICROWAVES,PRODUCT,STOCK_ONLY,1,False,True,False,,,,HLAWD53N0B,*Neff Integrated Microwave Blk S/St Trim,INT MICROWAVES,,
585,HLAWD53N0BNEFF,Integrated Microwave Blk S/St,INT MICROWAVES,PRODUCT,SALES_ONLY,1,True,False,False,HLAWD53N0BNeff,Integrated Microwave Blk S/St,INT MICROWAVES,,,,,
586,HLTHDS110SL/,RANGEMASTER 110CM COOKER HOOD,COOKER HOODS,PRODUCT,STOCK_ONLY,1,False,True,False,,,,HLTHDS110SL/,RANGEMASTER 110CM COOKER HOOD,COOKER HOODS,,
587,HMP50.000BKKENWOOD,QuickMix+ Black Hand,FOOD PREP,PRODUCT,SALES_ONLY,1,True,False,False,HMP50.000BKKenwood,QuickMix+ Black Hand,FOOD PREP,,,,,
588,HNR9W64BSI,Hotpoint Black 9kg 1400 Spin,WASHING MACHINES,PRODUCT,SALES_ONLY,1,True,False,False,HNR9W64BSI,Hotpoint Black 9kg 1400 Spin,WASHING MACHINES,,,,,
589,HNR9W64GGIHOTPOINT,Graphite 9kg 1400 Spin,WASHING MACHINES,PRODUCT,SALES_ONLY,1,True,False,False,HNR9W64GGIHotpoint,Graphite 9kg 1400 Spin,WASHING MACHINES,,,,,
590,HNR9W64WSIHOTPOINT,9kg 1400 Spin Washing,WASHING MACHINES,PRODUCT,SALES_ONLY,1,True,False,False,HNR9W64WSIHotpoint,9kg 1400 Spin Washing,WASHING MACHINES,,,,,
591,HO3K55CBUK,Hotpoint Inox Single Oven,SINGLE OVENS,PRODUCT,STOCK_ONLY,1,False,True,False,,,,HO3K55CBUK,Hotpoint Inox Single Oven,SINGLE OVENS,,
592,HP150UK,Shark NeverChange5 Air Purifier,,PRODUCT,SOA_ONLY,1,False,False,True,,,,,,,HP150UK,Shark NeverChange5 Air Purifier
593,HP300UK,Shark NeverChange5 Air Purifier,,PRODUCT,SOA_ONLY,1,False,False,True,,,,,,,HP300UK,Shark NeverChange5 Air Purifier
594,HQA534BB3B,*Bosch Black Single Oven,SINGLE OVENS,PRODUCT,SALES_STOCK,2,True,True,False,HQA534BB3B,Bosch Black Single Oven,SINGLE OVENS,HQA534BB3B,*Bosch Black Single Oven,SINGLE OVENS,,
595,HQA574BB3B,*Bosch Black Single Oven,SINGLE OVENS,PRODUCT,SALES_STOCK,2,True,True,False,HQA574BB3B,Bosch Black Single Oven,SINGLE OVENS,HQA574BB3B,*Bosch Black Single Oven,SINGLE OVENS,,
596,HQA574BS3B,*Bosch St/Steel Single Oven,SINGLE OVENS,PRODUCT,STOCK_ONLY,1,False,True,False,,,,HQA574BS3B,*Bosch St/Steel Single Oven,SINGLE OVENS,,
597,HS658GES7B,Siemens St/St Single Oven Home Connect,SINGLE OVENS,PRODUCT,STOCK_ONLY,1,False,True,False,,,,HS658GES7B,Siemens St/St Single Oven Home Connect,SINGLE OVENS,,
598,HTB600,Sony Bravia Theatre Bar 6,HOME CINEMA,PRODUCT,SALES_ONLY,1,True,False,False,HTB600,Sony Bravia Theatre Bar 6,HOME CINEMA,,,,,
599,HVG631MB,CDA 60cm Four zone Gas on Glass,GAS HOBS,PRODUCT,SALES_ONLY,1,True,False,False,HVG631MB,CDA 60cm Four zone Gas on Glass,GAS HOBS,,,,,
600,HW-B400F/XUSAMSUNG,B Series Soundbar,HOME CINEMA,PRODUCT,SALES_ONLY,1,True,False,False,HW-B400F/XUSamsung,B Series Soundbar,HOME CINEMA,,,,,
601,HW-Q600C/XUSAMSUNG,Q600c 3.1.2ch Soundbar,HOME CINEMA,PRODUCT,SALES_ONLY,1,True,False,False,HW-Q600C/XUSamsung,Q600c 3.1.2ch Soundbar,HOME CINEMA,,,,,
602,HW-Q600F/XUSAMSUNG,Q Series Soundbar,HOME CINEMA,PRODUCT,SALES_ONLY,1,True,False,False,HW-Q600F/XUSamsung,Q Series Soundbar,HOME CINEMA,,,,,
603,HW-S800D/XUSAMSUNG,S800D 3.1.2CH WITH 10,HOME CINEMA,PRODUCT,SALES_ONLY,1,True,False,False,HW-S800D/XUSAMSUNG,S800D 3.1.2CH WITH 10,HOME CINEMA,,,,,
604,I55Z1112WUK,Indesit White U/C Freezer,U/C FREEZER,PRODUCT,STOCK_ONLY,1,False,True,False,,,,I55Z1112WUK,Indesit White U/C Freezer,U/C FREEZER,,
605,IB55732BUK,Indesit Black 1824 x 550 Fridge,FRIDGE FREEZERS,PRODUCT,SALES_ONLY,1,True,False,False,IB55732BUK,Indesit Black 1824 x 550 Fridge,FRIDGE FREEZERS,,,,,
606,IDD6340BL,Indesit Black Double Oven,DOUBLE OVENS,PRODUCT,SALES_ONLY,1,True,False,False,IDD6340BL,Indesit Black Double Oven,DOUBLE OVENS,,,,,
607,IDHE80WIRE,Indesit White 9kg Heat Pump Dryer,TUMBLE DRYERS,PRODUCT,SALES_ONLY,1,True,False,False,IDHE80WIRE,Indesit White 9kg Heat Pump Dryer,TUMBLE DRYERS,,,,,
608,IH201840,TEFAL INDUCTION HOB,HOBS,PRODUCT,STOCK_ONLY,1,False,True,False,,,,IH201840,TEFAL INDUCTION HOB,HOBS,,
609,IM964MYTIMEINDESIT,9kg 1400 Spin Washing,WASHING MACHINES,PRODUCT,SALES_ONLY,1,True,False,False,IM964MYTIMEIndesit,9kg 1400 Spin Washing,WASHING MACHINES,,,,,
610,IMA764MYTIMEUK,Indesit 7kg 1400 Spin Washing Machine,WASHING MACHINES,PRODUCT,STOCK_ONLY,1,False,True,False,,,,IMA764MYTIMEUK,Indesit 7kg 1400 Spin Washing Machine,WASHING MACHINES,,
611,INBUF011,Indesit Integrated Fridge with Icebox,INT FRIDGES,PRODUCT,STOCK_ONLY,1,False,True,False,,,,INBUF011,Indesit Integrated Fridge with Icebox,INT FRIDGES,,
612,INC18D011B1,Indesit 70/30 Integrated Fridge,INT FRIDGE FREEZERS,PRODUCT,SALES_ONLY,1,True,False,False,INC18D011B1,Indesit 70/30 Integrated Fridge,INT FRIDGE FREEZERS,,,,,
613,INK25322S4U,Indesit 1835 x 595 Silver 70/30 Silver,FRIDGE FREEZERS,PRODUCT,SALES_ONLY,1,True,False,False,INK25322S4U,Indesit 1835 x 595 Silver 70/30 Silver,FRIDGE FREEZERS,,,,,
614,INK25322W4UINDESIT,1835 x 595 White 70/30,FRIDGE FREEZERS,PRODUCT,SALES_ONLY,1,True,False,False,INK25322W4UIndesit,1835 x 595 White 70/30,FRIDGE FREEZERS,,,,,
615,INSTALLATIO,INSTALLATION FEE,INSTALLATION,PRODUCT,SALES_ONLY,1,True,False,False,INSTALLATIO,INSTALLATION FEE,INSTALLATION,,,,,
616,INTEGRATA6,Elica 5414601 60cm Integrata,COOKER HOODS,PRODUCT,SALES_ONLY,1,True,False,False,INTEGRATA6,Elica 5414601 60cm Integrata,COOKER HOODS,,,,,
617,INTEGRATA60,Elica 5414601 60cm Integrata Integrated Hood Grey,COOKER HOODS,PRODUCT,STOCK_ONLY,1,False,True,False,,,,INTEGRATA60,Elica 5414601 60cm Integrata Integrated Hood Grey,COOKER HOODS,,
618,IO233XUK,Indesit St/St Single Fan Oven,SINGLE OVENS,PRODUCT,SALES_ONLY,1,True,False,False,IO233XUK,Indesit St/St Single Fan Oven,SINGLE OVENS,,,,,
619,IP1251UKT,Shark PowerDetect Cordless Pet,,PRODUCT,SOA_ONLY,1,False,False,True,,,,,,,IP1251UKT,Shark PowerDetect Cordless Pet
620,IP3251UKT,Shark PowerDetect Cordless Vac,,PRODUCT,SOA_ONLY,1,False,False,True,,,,,,,IP3251UKT,Shark PowerDetect Cordless Vac
621,IRBBI5150,Liebherr Integrated Prime BioFresh Fridge,INT FRIDGES,PRODUCT,SALES_STOCK,2,True,True,False,IRBBI5150,Liebherr Integrated Prime BioFresh,INT FRIDGES,IRBBI5150,Liebherr Integrated Prime BioFresh Fridge,INT FRIDGES,,
622,IRBCI5150,Liebherr Integrated Fridge with,INT FRIDGES,PRODUCT,SALES_ONLY,1,True,False,False,IRBCI5150,Liebherr Integrated Fridge with,INT FRIDGES,,,,,
623,IRBD5120,Liebherr Integrated Fridge with BioFresh,INT FRIDGES,PRODUCT,STOCK_ONLY,1,False,True,False,,,,IRBD5120,Liebherr Integrated Fridge with BioFresh,INT FRIDGES,,
624,IRE5100,Liebherr Integrated Fridge,INT FRIDGES,PRODUCT,SALES_STOCK,2,True,True,False,IRE5100,Liebherr Integrated Fridge,INT FRIDGES,IRE5100,Liebherr Integrated Fridge,INT FRIDGES,,
625,IS5247VI,BRAUN CARE STYLE 5 STEAM,IRONS,PRODUCT,SALES_ONLY,1,True,False,False,IS5247VI,BRAUN CARE STYLE 5 STEAM,IRONS,,,,,
626,IS83Q60NE,Indesit Frameless 60cm Induction Hob,HOBS,PRODUCT,STOCK_ONLY,1,False,True,False,,,,IS83Q60NE,Indesit Frameless 60cm Induction Hob,HOBS,,
627,IW1511UK,Shark Detect Pro Cordless Vacuum,STICK VACS,PRODUCT,SALES_ONLY,1,True,False,False,IW1511UK,Shark Detect Pro Cordless Vacuum,STICK VACS,,,,,
628,IW4621UKT,Shark Vacuum Cleaner,STICK VACS,PRODUCT,SALES_SOA,2,True,False,True,IW4621UKT,Shark Vacuum Cleaner,STICK VACS,,,,IW4621UKT,Shark Vacuum Cleaner
629,IZ380UK,Shark PowerPro Stick Vac,STICK VACS,PRODUCT,SALES_SOA,2,True,False,True,IZ380UK,Shark PowerPro Stick Vac,STICK VACS,,,,IZ380UK,Shark PowerPro Stick Vac
630,IZ380UKT,Shark PowerPro Pet Stick Vac,,PRODUCT,SOA_ONLY,1,False,False,True,,,,,,,IZ380UKT,Shark PowerPro Pet Stick Vac
631,IZ400UK,Shark Anti Hair Wrap Stick Vacuum,STICK VACS,PRODUCT,SALES_SOA,2,True,False,True,IZ400UK,Shark Anti Hair Wrap Stick Vacuum,STICK VACS,,,,IZ400UK,Shark Anti Hair Wrap Stick
632,IZ400UKT,Shark Tru Pet Cordless Stick,STICK VACS,PRODUCT,SALES_SOA,2,True,False,True,IZ400UKT,Shark Tru Pet Cordless Stick,STICK VACS,,,,IZ400UKT,Shark Tru Pet Cordless Stick
633,IZ420UKT,Shark True Pet Anti Hair Wrap Stick,STICK VACS,PRODUCT,SALES_SOA,2,True,False,True,IZ420UKT,Shark True Pet Anti Hair Wrap Stick,STICK VACS,,,,IZ420UKT,Shark True Pet Anti Hair Wrap
634,JB7551BK,Braun Power Blend 7,BLENDERS,PRODUCT,SALES_ONLY,1,True,False,False,JB7551BK,Braun Power Blend 7,BLENDERS,,,,,
635,JBLBB3WIFIBLKUK,"JBL Boombox3 WiFi, Portable",,PRODUCT,SOA_ONLY,1,False,False,True,,,,,,,JBLBB3WIFIBLKUK,"JBL Boombox3 WiFi, Portable"
636,JBLCHARGE6JBL,Charge 6 Portable Bluetooth,SPEAKERS,PRODUCT,SALES_ONLY,1,True,False,False,JBLCHARGE6JBL,Charge 6 Portable Bluetooth,SPEAKERS,,,,,
637,JBLCLIP5BLK,"JBL Clip5, portable bluetooth speaker",SPEAKERS,PRODUCT,SALES_ONLY,1,True,False,False,JBLCLIP5BLK,"JBL Clip5, portable bluetooth speaker",SPEAKERS,,,,,
638,JBLFLIP7BLK,JBL Flip 7 Portable Bluetooth,SPEAKERS,PRODUCT,SALES_ONLY,1,True,False,False,JBLFLIP7BLK,JBL Flip 7 Portable Bluetooth,SPEAKERS,,,,,
639,JBLGO4BLK,"JBL GO4, compact portable speaker",SPEAKERS,PRODUCT,SALES_ONLY,1,True,False,False,JBLGO4BLK,"JBL GO4, compact portable speaker",SPEAKERS,,,,,
640,JBLGO4BLU,"JBL GO4, compact portable speaker",SPEAKERS,PRODUCT,SALES_ONLY,1,True,False,False,JBLGO4BLU,"JBL GO4, compact portable speaker",SPEAKERS,,,,,
641,JBLGO4RED,"JBL GO4, compact portable speaker",SPEAKERS,PRODUCT,SALES_ONLY,1,True,False,False,JBLGO4RED,"JBL GO4, compact portable speaker",SPEAKERS,,,,,
642,JBLLIVE770NCBLK,"JBL LIVE 770NC, Wireless",,PRODUCT,SOA_ONLY,1,False,False,True,,,,,,,JBLLIVE770NCBLK,"JBL LIVE 770NC, Wireless"
643,JBLLIVE770NCWH,"JBL LIVE 770NC, Wireless",,PRODUCT,SOA_ONLY,1,False,False,True,,,,,,,JBLLIVE770NCWH,"JBL LIVE 770NC, Wireless"
644,JBLLIVEBEAM3BL,JBL Live Beam3 Ear Buds Black,,PRODUCT,SOA_ONLY,1,False,False,True,,,,,,,JBLLIVEBEAM3BL,JBL Live Beam3 Ear Buds Black
645,JBLLIVEBEAM3SIL,JBL Live Beam3 Silver Earbuds,,PRODUCT,SOA_ONLY,1,False,False,True,,,,,,,JBLLIVEBEAM3SIL,JBL Live Beam3 Silver Earbuds
646,JBLPBCLUB1,JBL Party speaker with replacable,SPEAKERS,PRODUCT,SALES_ONLY,1,True,False,False,JBLPBCLUB1,JBL Party speaker with replacable,SPEAKERS,,,,,
647,JBLT520BTBLJBL,Tune520BT Wireless Black,HEADPHONES,PRODUCT,SALES_ONLY,1,True,False,False,JBLT520BTBLJBL,Tune520BT Wireless Black,HEADPHONES,,,,,
648,JBLT520BTBLKEU,JBL Tune520BT Wireless Black,,PRODUCT,SOA_ONLY,1,False,False,True,,,,,,,JBLT520BTBLKEU,JBL Tune520BT Wireless Black
649,JBLT520BTBLUEU,JBL Blue Tune Headphones,,PRODUCT,SOA_ONLY,1,False,False,True,,,,,,,JBLT520BTBLUEU,JBL Blue Tune Headphones
650,JBLT520BTWHTEU,JBL White Tune 520 Headphones,,PRODUCT,SOA_ONLY,1,False,False,True,,,,,,,JBLT520BTWHTEU,JBL White Tune 520 Headphones
651,JBLT670NCBLK,"JBL Tune 670NC, On-ear",,PRODUCT,SOA_ONLY,1,False,False,True,,,,,,,JBLT670NCBLK,"JBL Tune 670NC, On-ear"
652,JBLT670NCBLU,JBL Tune670 Wireless,,PRODUCT,SOA_ONLY,1,False,False,True,,,,,,,JBLT670NCBLU,JBL Tune670 Wireless
653,JBLT670NCWHT,JBL White Tune 670 Headphones,,PRODUCT,SOA_ONLY,1,False,False,True,,,,,,,JBLT670NCWHT,JBL White Tune 670 Headphones
654,JBLT720BTBLK,JBL Black Tune 720 Headphones,,PRODUCT,SOA_ONLY,1,False,False,True,,,,,,,JBLT720BTBLK,JBL Black Tune 720 Headphones
655,JBLT720BTBLU,JBL Blue Tune 720 Headphones,,PRODUCT,SOA_ONLY,1,False,False,True,,,,,,,JBLT720BTBLU,JBL Blue Tune 720 Headphones
656,JBLT720BTPUR,JBL Tune720 Overear Headphone,,PRODUCT,SOA_ONLY,1,False,False,True,,,,,,,JBLT720BTPUR,JBL Tune720 Overear Headphone
657,JBLT720BTWHT,JBL White Tune 720 Headphones,,PRODUCT,SOA_ONLY,1,False,False,True,,,,,,,JBLT720BTWHT,JBL White Tune 720 Headphones
658,JBLT770NCBLK,"JBL Tune 770NC, Over-ear",,PRODUCT,SOA_ONLY,1,False,False,True,,,,,,,JBLT770NCBLK,"JBL Tune 770NC, Over-ear"
659,JBLT770NCPUR,JBL Purple Tune 770 Headphones,,PRODUCT,SOA_ONLY,1,False,False,True,,,,,,,JBLT770NCPUR,JBL Purple Tune 770 Headphones
660,JBLT770NCWHT,JBL Tune 770 OverEar Noise,,PRODUCT,SOA_ONLY,1,False,False,True,,,,,,,JBLT770NCWHT,JBL Tune 770 OverEar Noise
661,JBLTFLEX2W,JBL TUNE Flex 2 - True Wireless NC,HEADPHONES,PRODUCT,SALES_ONLY,1,True,False,False,JBLTFLEX2W,JBL TUNE Flex 2 - True Wireless NC,HEADPHONES,,,,,
662,JC151UK,NINJA COLD PRESS JUICER,,PRODUCT,SOA_ONLY,1,False,False,True,,,,,,,JC151UK,NINJA COLD PRESS JUICER
663,JEGJD1660,Jeggs CD2 40W Cooker Hood Bulbs,BULBS,PRODUCT,SALES_ONLY,1,True,False,False,JEGJD1660,Jeggs CD2 40W Cooker Hood Bulbs,BULBS,,,,,
664,JEGJDB115W,CDU12 CLEAR LED FILAMENT,BULBS,PRODUCT,SALES_ONLY,1,True,False,False,JEGJDB115W,CDU12 CLEAR LED FILAMENT,BULBS,,,,,
665,JEGJDB125W,CDU12 CLEAR LED FILAMENT GLS,BULBS,PRODUCT,SALES_ONLY,1,True,False,False,JEGJDB125W,CDU12 CLEAR LED FILAMENT GLS,BULBS,,,,,
666,JEGJDB128W,CDU12 CLEAR LED FILAMENT GLS,BULBS,PRODUCT,SALES_ONLY,1,True,False,False,JEGJDB128W,CDU12 CLEAR LED FILAMENT GLS,BULBS,,,,,
667,JEGJDB332,JEGS CD3 42W XENON G9,BULBS,PRODUCT,SALES_ONLY,1,True,False,False,JEGJDB332,JEGS CD3 42W XENON G9,BULBS,,,,,
668,K32006UK,Ninja Foodi StaySharp Knife Block,HOUSEHOLD,PRODUCT,SALES_SOA,2,True,False,True,K32006UK,Ninja Foodi StaySharp Knife Block,HOUSEHOLD,,,,K32006UK,Ninja Foodi StaySharp Knife Block
669,K43S38BP.UKSONY,"43"" Bravia 3 TV",TV 33 - 43,PRODUCT,SALES_ONLY,1,True,False,False,K43S38BP.UKSony,"43"" Bravia 3 TV",TV 33 - 43,,,,,
670,K55S38B.UKASONY,"55"" Bravia 3 TV",TV 51 - 59,PRODUCT,SALES_ONLY,1,True,False,False,K55S38B.UKASony,"55"" Bravia 3 TV",TV 51 - 59,,,,,
671,K62006EUWH,Ninja StaySharp 6-Piece Stainless,,PRODUCT,SOA_ONLY,1,False,False,True,,,,,,,K62006EUWH,Ninja StaySharp 6-Piece Stainless
672,KB96NADD0G,Siemens iQ500 Integrated 193.5 x 70.8cm Fr/Freezer,INT FRIDGE FREEZERS,PRODUCT,STOCK_ONLY,1,False,True,False,,,,KB96NADD0G,Siemens iQ500 Integrated 193.5 x 70.8cm Fr/Freezer,INT FRIDGE FREEZERS,,
673,KBI3001.M,DeLonghi Distinta X Matt Silver Kettle,KETTLES,PRODUCT,SALES_ONLY,1,True,False,False,KBI3001.M,DeLonghi Distinta X Matt Silver Kettle,KETTLES,,,,,
674,KBIN3001.BK,Delonghi Black Distinta Kettle,KETTLES,PRODUCT,SALES_ONLY,1,True,False,False,KBIN3001.BK,Delonghi Black Distinta Kettle,KETTLES,,,,,
675,KBX3016BG,DeLonghi Cream Argento Flora Kettle,KETTLES,PRODUCT,SALES_ONLY,1,True,False,False,KBX3016BG,DeLonghi Cream Argento Flora Kettle,KETTLES,,,,,
676,KBX3016PK,DeLonghi Pink Argento Flora Kettle,KETTLES,PRODUCT,SALES_ONLY,1,True,False,False,KBX3016PK,DeLonghi Pink Argento Flora Kettle,KETTLES,,,,,
677,KD32W800P1,"Sony 32"" Smart Television",TV 32,PRODUCT,SALES_ONLY,1,True,False,False,KD32W800P1,"Sony 32"" Smart Television",TV 32,,,,,
678,KDFCC00K,Electrolux BLACK Double Oven,DOUBLE OVENS,PRODUCT,STOCK_ONLY,1,False,True,False,,,,KDFCC00K,Electrolux BLACK Double Oven,DOUBLE OVENS,,
679,KDFCC00X,Electrolux Double Oven St/St,DOUBLE OVENS,PRODUCT,STOCK_ONLY,1,False,True,False,,,,KDFCC00X,Electrolux Double Oven St/St,DOUBLE OVENS,,
680,KDFGE40TK,ELECTROLUX  D/O ENAMEL LINERS BLACK,DOUBLE OVENS,PRODUCT,STOCK_ONLY,1,False,True,False,,,,KDFGE40TK,ELECTROLUX  D/O ENAMEL LINERS BLACK,DOUBLE OVENS,,
681,KDFGE40TX,ELECTROLUX  D/O ENAMEL LINERS STEEL,DOUBLE OVENS,PRODUCT,SALES_STOCK,2,True,True,False,KDFGE40TX,ELECTROLUX D/O ENAMEL,DOUBLE OVENS,KDFGE40TX,ELECTROLUX  D/O ENAMEL LINERS STEEL,DOUBLE OVENS,,
682,KEAF7200L,Electrolux Integrated Dishwasher,INT DISHWASHERS,PRODUCT,STOCK_ONLY,1,False,True,False,,,,KEAF7200L,Electrolux Integrated Dishwasher,INT DISHWASHERS,,
683,KF96DPXEA,Siemens iQ700 183 x 90.5cm Blk Steel USA,USA F/F,PRODUCT,STOCK_ONLY,1,False,True,False,,,,KF96DPXEA,Siemens iQ700 183 x 90.5cm Blk Steel USA,USA F/F,,
684,KF96NAXEAG,Siemens 183 x 91 Black Steel French Door FF,FRIDGE FREEZERS,PRODUCT,STOCK_ONLY,1,False,True,False,,,,KF96NAXEAG,Siemens 183 x 91 Black Steel French Door FF,FRIDGE FREEZERS,,
685,KG39NXXBF,Siemens iQ300 Blk St 203 x 60 Fridge Freezer,FRIDGE FREEZERS,PRODUCT,STOCK_ONLY,1,False,True,False,,,,KG39NXXBF,Siemens iQ300 Blk St 203 x 60 Fridge Freezer,FRIDGE FREEZERS,,
686,KGE49AICAG,*Bosch St/St 201x70 Fridge Freezer,FRIDGE FREEZERS,PRODUCT,SALES_STOCK,2,True,True,False,KGE49AICAG,*Bosch St/St 201x70 Fridge Freezer,FRIDGE FREEZERS,KGE49AICAG,*Bosch St/St 201x70 Fridge Freezer,FRIDGE FREEZERS,,
687,KGN392LAF,Bosch Series 4 St St Look 203 x 60,FRIDGE FREEZERS,PRODUCT,SALES_ONLY,1,True,False,False,KGN392LAF,Bosch Series 4 St St Look 203 x 60,FRIDGE FREEZERS,,,,,
688,KGN392LAGG,BOSCH Series 4 St/St Look 203*60 FF,FRIDGE FREEZERS,PRODUCT,STOCK_ONLY,1,False,True,False,,,,KGN392LAGG,BOSCH Series 4 St/St Look 203*60 FF,FRIDGE FREEZERS,,
689,KGS64362XX,Electrolux 60cm St/St Slimline Gas Hob,GAS HOBS,PRODUCT,SALES_STOCK,2,True,True,False,KGS64362XX,Electrolux 60cm St/St Slimline Gas,GAS HOBS,KGS64362XX,Electrolux 60cm St/St Slimline Gas Hob,GAS HOBS,,
690,KGS75662SX,Electrolux St/St Slimline Gas Hob,GAS HOBS,PRODUCT,STOCK_ONLY,1,False,True,False,,,,KGS75662SX,Electrolux St/St Slimline Gas Hob,GAS HOBS,,
691,KGV336WEAG,*Bosch White Fridge Freezer 176 x 60,FRIDGE FREEZERS,PRODUCT,STOCK_ONLY,1,False,True,False,,,,KGV336WEAG,*Bosch White Fridge Freezer 176 x 60,FRIDGE FREEZERS,,
692,KGV33VLEAG,*Bosch 176 x 60 St/St Look Fridge Freezer,FRIDGE FREEZERS,PRODUCT,STOCK_ONLY,1,False,True,False,,,,KGV33VLEAG,*Bosch 176 x 60 St/St Look Fridge Freezer,FRIDGE FREEZERS,,
693,KI1812FE0G,Neff N50 Integrated Fridge,INT FRIDGES,PRODUCT,STOCK_ONLY,1,False,True,False,,,,KI1812FE0G,Neff N50 Integrated Fridge,INT FRIDGES,,
694,KI1813FE0G,Neff N 70 BUILT-IN FRIDGE 177.5 X,FRIDGES,PRODUCT,SALES_ONLY,1,True,False,False,KI1813FE0G,Neff N 70 BUILT-IN FRIDGE 177.5 X,FRIDGES,,,,,
695,KI81RADD0G,Siemens iQ500 Built in Fridge,INT FRIDGES,PRODUCT,STOCK_ONLY,1,False,True,False,,,,KI81RADD0G,Siemens iQ500 Built in Fridge,INT FRIDGES,,
696,KI81RVFE0G,Siemens IQ300 Integrated Fridge,INT FRIDGES,PRODUCT,STOCK_ONLY,1,False,True,False,,,,KI81RVFE0G,Siemens IQ300 Integrated Fridge,INT FRIDGES,,
697,KI96NVFD0,Siemens iQ300Integrated FF 193.5,INT FRIDGE FREEZERS,PRODUCT,SALES_ONLY,1,True,False,False,KI96NVFD0,Siemens iQ300Integrated FF 193.5,INT FRIDGE FREEZERS,,,,,
698,KI96NVFD0G,Siemens New iQ300Integrated FF 193.5 High,INT FRIDGE FREEZERS,PRODUCT,STOCK_ONLY,1,False,True,False,,,,KI96NVFD0G,Siemens New iQ300Integrated FF 193.5 High,INT FRIDGE FREEZERS,,
699,KIN86NSE0G,Bosch Series 2 Integrated Fridge,INT FRIDGE FREEZERS,PRODUCT,SALES_ONLY,1,True,False,False,KIN86NSE0G,Bosch Series 2 Integrated Fridge,INT FRIDGE FREEZERS,,,,,
700,KIN86VFE0G,Bosch Serie 4 Built In F/F,INT FRIDGE FREEZERS,PRODUCT,STOCK_ONLY,1,False,True,False,,,,KIN86VFE0G,Bosch Serie 4 Built In F/F,INT FRIDGE FREEZERS,,
701,KINS1261B4UK,Indesit 50/50 Integrated Fridge Freezer,INT FRIDGE FREEZERS,PRODUCT,STOCK_ONLY,1,False,True,False,,,,KINS1261B4UK,Indesit 50/50 Integrated Fridge Freezer,INT FRIDGE FREEZERS,,
702,KIR81ADD0G,Bosch Series 7 Int Fridge Soft Close Hinge,INT FRIDGES,PRODUCT,STOCK_ONLY,1,False,True,False,,,,KIR81ADD0G,Bosch Series 7 Int Fridge Soft Close Hinge,INT FRIDGES,,
703,KIV644,Electrolux 60cm Induction Hob,HOBS,PRODUCT,STOCK_ONLY,1,False,True,False,,,,KIV644,Electrolux 60cm Induction Hob,HOBS,,
704,KIV86VSE0G,*Bosch Integrated Fridge Freezer,INT FRIDGE FREEZERS,PRODUCT,STOCK_ONLY,1,False,True,False,,,,KIV86VSE0G,*Bosch Integrated Fridge Freezer,INT FRIDGE FREEZERS,,
705,KLF03BLMUK,KLF03BLMUK Kettle in Matte Black,KETTLES,PRODUCT,SALES_ONLY,1,True,False,False,KLF03BLMUK,KLF03BLMUK Kettle in Matte Black,KETTLES,,,,,
706,KLF03CRUK,Smeg Cream Retro Kettle 3D Logo,KETTLES,PRODUCT,SALES_ONLY,1,True,False,False,KLF03CRUK,Smeg Cream Retro Kettle 3D Logo,KETTLES,,,,,
707,KLF03EGMUKSMEG,Emerald Green Matte Kettle,KETTLES,PRODUCT,SALES_ONLY,1,True,False,False,KLF03EGMUKSmeg,Emerald Green Matte Kettle,KETTLES,,,,,
708,KLF03RDUK,Smeg Kettle Red 3D Logo,KETTLES,PRODUCT,SALES_ONLY,1,True,False,False,KLF03RDUK,Smeg Kettle Red 3D Logo,KETTLES,,,,,
709,KLF03SSUK,New Smeg Kettle 3D Logo Polished,KETTLES,PRODUCT,SALES_ONLY,1,True,False,False,KLF03SSUK,New Smeg Kettle 3D Logo Polished,KETTLES,,,,,
710,KLF03WHUK,SMEG WHITE 3D LOGO KETTLE,KETTLES,PRODUCT,SALES_ONLY,1,True,False,False,KLF03WHUK,SMEG WHITE 3D LOGO KETTLE,KETTLES,,,,,
711,KM7361FL,Miele (12409510) 60cm Induction,HOBS,PRODUCT,SALES_ONLY,1,True,False,False,KM7361FL,Miele (12409510) 60cm Induction,HOBS,,,,,
712,KM7464FR,Miele 11144020 60cm Induction Hob,HOBS,PRODUCT,SALES_ONLY,1,True,False,False,KM7464FR,Miele 11144020 60cm Induction Hob,HOBS,,,,,
713,KMDA7272FR-U,Miele 12246260 Venting Hob,DOWNDRAFT HOBS,PRODUCT,STOCK_ONLY,1,False,True,False,,,,KMDA7272FR-U,Miele 12246260 Venting Hob,DOWNDRAFT HOBS,,
714,KMDA7473FL-U,Miele 12246280 80cm Venting Hob,DOWNDRAFT HOBS,PRODUCT,STOCK_ONLY,1,False,True,False,,,,KMDA7473FL-U,Miele 12246280 80cm Venting Hob,DOWNDRAFT HOBS,,
715,KMDA7676FL-MIELE,12509230 Venting Hob,DOWNDRAFT HOBS,PRODUCT,SALES_ONLY,1,True,False,False,KMDA7676FL-Miele,12509230 Venting Hob,DOWNDRAFT HOBS,,,,,
716,KMDA7676FL-U,Miele 12509230 Venting Hob,DOWNDRAFT HOBS,PRODUCT,STOCK_ONLY,1,False,True,False,,,,KMDA7676FL-U,Miele 12509230 Venting Hob,DOWNDRAFT HOBS,,
717,KME968000M,AEG St/St Combi Microwave Oven,SINGLE OVENS,PRODUCT,STOCK_ONLY,1,False,True,False,,,,KME968000M,AEG St/St Combi Microwave Oven,SINGLE OVENS,,
718,KMFD264TEX,Electrolux 26L St/St Integrated Microwave,INT MICROWAVES,PRODUCT,STOCK_ONLY,1,False,True,False,,,,KMFD264TEX,Electrolux 26L St/St Integrated Microwave,INT MICROWAVES,,
719,KMFE172TEX,Electrolux Integrated Microeave,INT MICROWAVES,PRODUCT,STOCK_ONLY,1,False,True,False,,,,KMFE172TEX,Electrolux Integrated Microeave,INT MICROWAVES,,
720,KMK768080B,AEG Gloss Black Combi Microwave,INT MICROWAVES,PRODUCT,SALES_ONLY,1,True,False,False,KMK768080B,AEG Gloss Black Combi Microwave,INT MICROWAVES,,,,,
721,KN650A,Kenwood Electric Knife | KN650A,FOOD PREP,PRODUCT,SALES_ONLY,1,True,False,False,KN650A,Kenwood Electric Knife | KN650A,FOOD PREP,,,,,
722,KN650B,Kenwood Electric Kitchen Knife,FOOD PREP,PRODUCT,SALES_ONLY,1,True,False,False,KN650B,Kenwood Electric Kitchen Knife,FOOD PREP,,,,,
723,KOFFP46TX,Electrolux St/St Single Pyroclean Oven,SINGLE OVENS,PRODUCT,STOCK_ONLY,1,False,True,False,,,,KOFFP46TX,Electrolux St/St Single Pyroclean Oven,SINGLE OVENS,,
724,KOFGH40TK,Electrolux Black Single Oven,SINGLE OVENS,PRODUCT,SALES_STOCK,2,True,True,False,KOFGH40TK,Electrolux Black Single Oven,SINGLE OVENS,KOFGH40TK,Electrolux Black Single Oven,SINGLE OVENS,,
725,KOFGH40TX,Electrolux St/St Single Oven,SINGLE OVENS,PRODUCT,SALES_STOCK,2,True,True,False,KOFGH40TX,Electrolux St/St Single Oven,SINGLE OVENS,KOFGH40TX,Electrolux St/St Single Oven,SINGLE OVENS,,
726,KRD6DE18C,Electrolux Int Fridge 178H,INT FRIDGES,PRODUCT,STOCK_ONLY,1,False,True,False,,,,KRD6DE18C,Electrolux Int Fridge 178H,INT FRIDGES,,
727,KS36VVIEPG,Siemens Inox Fridge 186 x 60cm,FRIDGES,PRODUCT,SALES_STOCK,2,True,True,False,KS36VVIEPG,Siemens Inox Fridge 186 x 60cm,FRIDGES,KS36VVIEPG,Siemens Inox Fridge 186 x 60cm,FRIDGES,,
728,KS4383ED,Miele 12431040 Tall White Frridge,FREEZERS,PRODUCT,STOCK_ONLY,1,False,True,False,,,,KS4383ED,Miele 12431040 Tall White Frridge,FREEZERS,,
729,KT200UK,Ninja Black Perfect Temperature,,PRODUCT,SOA_ONLY,1,False,False,True,,,,,,,KT200UK,Ninja Black Perfect Temperature
730,KT201UK,Ninja St/Steel Kettle,,PRODUCT,SOA_ONLY,1,False,False,True,,,,,,,KT201UK,Ninja St/Steel Kettle
731,KU21RVFE0G,Siemens U/C Integrated Fridge,INT FRIDGES,PRODUCT,STOCK_ONLY,1,False,True,False,,,,KU21RVFE0G,Siemens U/C Integrated Fridge,INT FRIDGES,,
732,KUN7NE18C,Electrolux Tall Integrated Freezer Frost Free,INT FREEZERS,PRODUCT,STOCK_ONLY,1,False,True,False,,,,KUN7NE18C,Electrolux Tall Integrated Freezer Frost Free,INT FREEZERS,,
733,KVC65.001WHKENWOOD,CHEF BAKER,FOOD PREP,PRODUCT,SALES_ONLY,1,True,False,False,KVC65.001WHKenwood,CHEF BAKER,FOOD PREP,,,,,
734,KVL4100S,Kenwood Chef XL Silver 1200W,FOOD PREP,PRODUCT,SALES_ONLY,1,True,False,False,KVL4100S,Kenwood Chef XL Silver 1200W,FOOD PREP,,,,,
735,KVL65.001WHKENWOOD,CHEF BAKER XL,FOOD PREP,PRODUCT,SALES_ONLY,1,True,False,False,KVL65.001WHKenwood,CHEF BAKER XL,FOOD PREP,,,,,
736,KXTGB612,Panasonic Double Dect Phone,TELEPHONES,PRODUCT,SALES_ONLY,1,True,False,False,KXTGB612,Panasonic Double Dect Phone,TELEPHONES,,,,,
737,KZM35.000GYKENWOOD,Go Grey Kitchen Machine,STAND MIXER,PRODUCT,SALES_ONLY,1,True,False,False,KZM35.000GYKenwood,Go Grey Kitchen Machine,STAND MIXER,,,,,
738,L6FBK141B,AEG 10kg 1400Spin 6000 Series Washing Machine,WASHING MACHINES,PRODUCT,STOCK_ONLY,1,False,True,False,,,,L6FBK141B,AEG 10kg 1400Spin 6000 Series Washing Machine,WASHING MACHINES,,
739,LFED61144B,AEG 10kg Washer 6000 series White,WASHING MACHINES,PRODUCT,STOCK_ONLY,1,False,True,False,,,,LFED61144B,AEG 10kg Washer 6000 series White,WASHING MACHINES,,
740,LFSR7414U6UD,AEG Dark Silver 10kg 1400 Spin Washer,WASHING MACHINES,PRODUCT,STOCK_ONLY,1,False,True,False,,,,LFSR7414U6UD,AEG Dark Silver 10kg 1400 Spin Washer,WASHING MACHINES,,
741,LFSR7494U4B,AEG Dark Silver 9kg 1400Spin Washing Machine,WASHING MACHINES,PRODUCT,STOCK_ONLY,1,False,True,False,,,,LFSR7494U4B,AEG Dark Silver 9kg 1400Spin Washing Machine,WASHING MACHINES,,
742,LFSR84146UD,AEG 10kg 1400 Spin Washing Machine,WASHING MACHINES,PRODUCT,STOCK_ONLY,1,False,True,False,,,,LFSR84146UD,AEG 10kg 1400 Spin Washing Machine,WASHING MACHINES,,
743,LIB60420C,Electrolux 60cm Induction Hob,HOBS,PRODUCT,SALES_STOCK,2,True,True,False,LIB60420C,Electrolux 60cm Induction Hob,HOBS,LIB60420C,Electrolux 60cm Induction Hob,HOBS,,
744,LIS62443,Electrolux 60cm Induction Hob,HOBS,PRODUCT,STOCK_ONLY,1,False,True,False,,,,LIS62443,Electrolux 60cm Induction Hob,HOBS,,
745,LIT6043,Electrolux 60cm Induction Hob,HOBS,PRODUCT,STOCK_ONLY,1,False,True,False,,,,LIT6043,Electrolux 60cm Induction Hob,HOBS,,
746,LKI655200X,Electrolux 60cm St/St Induction Cooker,COOKERS,PRODUCT,STOCK_ONLY,1,False,True,False,,,,LKI655200X,Electrolux 60cm St/St Induction Cooker,COOKERS,,
747,LKR555100B,Electrolux 55cm Black Cooker,COOKERS,PRODUCT,SALES_STOCK,2,True,True,False,LKR555100B,Electrolux 55cm Black Cooker,COOKERS,LKR555100B,Electrolux 55cm Black Cooker,COOKERS,,
748,LKR555100W,Electrolux 55cm White Cooker,COOKERS,PRODUCT,STOCK_ONLY,1,False,True,False,,,,LKR555100W,Electrolux 55cm White Cooker,COOKERS,,
749,LKR555100X,Electrolux 55cm St/St Cooker,COOKERS,PRODUCT,STOCK_ONLY,1,False,True,False,,,,LKR555100X,Electrolux 55cm St/St Cooker,COOKERS,,
750,LKR655200K,Electrolux 60cm Black Cooker,COOKERS,PRODUCT,SALES_STOCK,2,True,True,False,LKR655200K,Electrolux 60cm Black Cooker,COOKERS,LKR655200K,Electrolux 60cm Black Cooker,COOKERS,,
751,LKR655200W,Electrolux White 60cm Cooker,COOKERS,PRODUCT,STOCK_ONLY,1,False,True,False,,,,LKR655200W,Electrolux White 60cm Cooker,COOKERS,,
752,LKR655200X,Electrolux 60cm St/St Cooker,COOKERS,PRODUCT,STOCK_ONLY,1,False,True,False,,,,LKR655200X,Electrolux 60cm St/St Cooker,COOKERS,,
753,LKR655210K,Electrolux 60cm Black Cooker,COOKERS,PRODUCT,STOCK_ONLY,1,False,True,False,,,,LKR655210K,Electrolux 60cm Black Cooker,COOKERS,,
754,LKR655210X,Electrolux 60cm St/St Cooker,COOKERS,PRODUCT,STOCK_ONLY,1,False,True,False,,,,LKR655210X,Electrolux 60cm St/St Cooker,COOKERS,,
755,LNS5LE18S,Electrolux 70:30 low frost Fridge Freezer,INT FRIDGE FREEZERS,PRODUCT,STOCK_ONLY,1,False,True,False,,,,LNS5LE18S,Electrolux 70:30 low frost Fridge Freezer,INT FRIDGE FREEZERS,,
756,LNT5ME32W1ELECTROLUX,White 185cm Fridge,FRIDGE FREEZERS,PRODUCT,SALES_ONLY,1,True,False,False,LNT5ME32W1Electrolux,White 185cm Fridge,FRIDGE FREEZERS,,,,,
757,LNT6ME33KO,Electrolux 60/40 186H x 60 Black Fridge Freezer,FRIDGE FREEZERS,PRODUCT,STOCK_ONLY,1,False,True,False,,,,LNT6ME33KO,Electrolux 60/40 186H x 60 Black Fridge Freezer,FRIDGE FREEZERS,,
758,LNT6NE18S,Electrolux Built in Fridge Freezer 70:30,INT FRIDGE FREEZERS,PRODUCT,SALES_STOCK,2,True,True,False,LNT6NE18S,Electrolux Built in Fridge Freezer,INT FRIDGE FREEZERS,LNT6NE18S,Electrolux Built in Fridge Freezer 70:30,INT FRIDGE FREEZERS,,
759,LP02,FRIDGE BULB 15W,BULBS,PRODUCT,SALES_ONLY,1,True,False,False,LP02,FRIDGE BULB 15W,BULBS,,,,,
760,LRR6436,Electrolux 60cm Ceramic Touch Control Hob,HOBS,PRODUCT,SALES_STOCK,2,True,True,False,LRR6436,Electrolux 60cm Ceramic Touch,HOBS,LRR6436,Electrolux 60cm Ceramic Touch Control Hob,HOBS,,
761,LRS3DE39W,Electrolux 186HTall White Fridge,FRIDGES,PRODUCT,STOCK_ONLY,1,False,True,False,,,,LRS3DE39W,Electrolux 186HTall White Fridge,FRIDGES,,
762,LRS3DE39X,Electrolux Tall St St Fridge,FRIDGES,PRODUCT,STOCK_ONLY,1,False,True,False,,,,LRS3DE39X,Electrolux Tall St St Fridge,FRIDGES,,
763,LUT6NE28W,Electrolux 186H Tall White Freezer,FREEZERS,PRODUCT,STOCK_ONLY,1,False,True,False,,,,LUT6NE28W,Electrolux 186H Tall White Freezer,FREEZERS,,
764,LWR7416U6UD,AEG 10kg/6kg Washer Dryer Graphite,WARMING DRAWERS,PRODUCT,STOCK_ONLY,1,False,True,False,,,,LWR7416U6UD,AEG 10kg/6kg Washer Dryer Graphite,WARMING DRAWERS,,
765,LXB3AE82R,Electrolux U/C Integrated Fridge,INT FRIDGES,PRODUCT,STOCK_ONLY,1,False,True,False,,,,LXB3AE82R,Electrolux U/C Integrated Fridge,INT FRIDGES,,
766,LYB3NE82R,Electrolux U/C Integrated Freezer,INT FREEZERS,PRODUCT,STOCK_ONLY,1,False,True,False,,,,LYB3NE82R,Electrolux U/C Integrated Freezer,INT FREEZERS,,
767,M,MISCELANEOUS,MISC,PRODUCT,SALES_ONLY,1,True,False,False,M,MISCELANEOUS,MISC,,,,,
768,M2230SC,Miele Integrated Microwave,INT MICROWAVES,PRODUCT,SALES_ONLY,1,True,False,False,M2230SC,Miele Integrated Microwave,INT MICROWAVES,,,,,
769,MB5000,Remmington Beard Trimmer,SHAVERS,PRODUCT,SALES_SOA,2,True,False,True,MB5000,Remmington Beard Trimmer,SHAVERS,,,,MB5000,Remmington Beard Trimmer
770,MBA533BB3B,Bosch Black Double Oven,DOUBLE OVENS,PRODUCT,SALES_ONLY,1,True,False,False,MBA533BB3B,Bosch Black Double Oven,DOUBLE OVENS,,,,,
771,MC1001UK,Ninja 8-in-1 Slow Cooker,FOOD PREP,PRODUCT,SALES_ONLY,1,True,False,False,MC1001UK,Ninja 8-in-1 Slow Cooker,FOOD PREP,,,,,
772,MC1101UK,Ninja Foodi 8-mode 6L,FOOD PREP,PRODUCT,SALES_SOA,2,True,False,True,MC1101UK,Ninja Foodi 8-mode 6L,FOOD PREP,,,,MC1101UK,Ninja Foodi 8-mode 6L
773,MC28A5135C,Samsung Combi Microwave,MICROWAVE OVENS,PRODUCT,SALES_ONLY,1,True,False,False,MC28A5135C,Samsung Combi Microwave,MICROWAVE OVENS,,,,,
774,MC28H5013AS/EU,Samsung Silver 28L Microwave,MICROWAVE OVENS,PRODUCT,STOCK_SOA,2,False,True,True,,,,MC28H5013AS/EU,Samsung Silver 28L Microwave,MICROWAVE OVENS,MC28H5013AS/EU,Samsung Silver 28L Microwave
775,MEH34MP/A,Apple Watch SE 3 GPS 40mm,FITNESS,PRODUCT,SALES_ONLY,1,True,False,False,MEH34MP/A,Apple Watch SE 3 GPS 40mm,FITNESS,,,,,
776,MEH94MP/A,Apple Watch SE 3 GPS 40mm,FITNESS,PRODUCT,SALES_ONLY,1,True,False,False,MEH94MP/A,Apple Watch SE 3 GPS 40mm,FITNESS,,,,,
777,MFHP4ZM/A,Apple Airpods Pro 3,HEADPHONES,PRODUCT,SALES_ONLY,1,True,False,False,MFHP4ZM/A,Apple Airpods Pro 3,HEADPHONES,,,,,
778,MG510,Kenwood Food Mincer,FOOD PREP,PRODUCT,SALES_ONLY,1,True,False,False,MG510,Kenwood Food Mincer,FOOD PREP,,,,,
779,MM502R,Deltaco 2xRCA to 2xRCA 1M,CABLES,PRODUCT,SALES_ONLY,1,True,False,False,MM502R,Deltaco 2xRCA to 2xRCA 1M,CABLES,,,,,
780,MM512R,Deltaco RCA to 3.5mm Audio Cable,CABLES,PRODUCT,SALES_ONLY,1,True,False,False,MM512R,Deltaco RCA to 3.5mm Audio Cable,CABLES,,,,,
781,MM522R,"Deltaco 3,5mm Male to Male Stereo",CABLES,PRODUCT,SALES_ONLY,1,True,False,False,MM522R,"Deltaco 3,5mm Male to Male Stereo",CABLES,,,,,
782,MM524R,"Deltaco 3,5mm Male to Male Stereo",CABLES,PRODUCT,SALES_ONLY,1,True,False,False,MM524R,"Deltaco 3,5mm Male to Male Stereo",CABLES,,,,,
783,MOC02BLMUK,Smeg Matte Black AirFry & Grill Microwave,MICROWAVE OVENS,PRODUCT,STOCK_ONLY,1,False,True,False,,,,MOC02BLMUK,Smeg Matte Black AirFry & Grill Microwave,MICROWAVE OVENS,,
784,MOC02EGMUK,Smeg Emerald Green AirFry & Grill Microwave,MICROWAVE OVENS,PRODUCT,STOCK_ONLY,1,False,True,False,,,,MOC02EGMUK,Smeg Emerald Green AirFry & Grill Microwave,MICROWAVE OVENS,,
785,MOC02SBMUK,Smeg Storm Blue AirFry & Grill Microwave,MICROWAVE OVENS,PRODUCT,STOCK_ONLY,1,False,True,False,,,,MOC02SBMUK,Smeg Storm Blue AirFry & Grill Microwave,MICROWAVE OVENS,,
786,MOC02WHMUK,Smeg White AirFry & Grill Microwave,MICROWAVE OVENS,PRODUCT,STOCK_ONLY,1,False,True,False,,,,MOC02WHMUK,Smeg White AirFry & Grill Microwave,MICROWAVE OVENS,,
787,MQ10.001PW,Braun Multiquick 1,BLENDERS,PRODUCT,SALES_ONLY,1,True,False,False,MQ10.001PW,Braun Multiquick 1,BLENDERS,,,,,
788,MQ3025,Braun 700W Handblender,FOOD PREP,PRODUCT,SALES_ONLY,1,True,False,False,MQ3025,Braun 700W Handblender,FOOD PREP,,,,,
789,MQ55236M,Braun Multiquick 5 Pro Hand Blender,FOOD PREP,PRODUCT,SALES_ONLY,1,True,False,False,MQ55236M,Braun Multiquick 5 Pro Hand Blender,FOOD PREP,,,,,
790,MQ9135XI,Braun Multiquick 9 Hand Blender,BLENDERS,PRODUCT,SALES_ONLY,1,True,False,False,MQ9135XI,Braun Multiquick 9 Hand Blender,BLENDERS,,,,,
791,MR200,TPLINK WIRELESS 4G ROUTER,,PRODUCT,SOA_ONLY,1,False,False,True,,,,,,,MR200,TPLINK WIRELESS 4G ROUTER
792,MRG11072PWFRANKIE,Maris Sink Polar White,SINKS,PRODUCT,SALES_ONLY,1,True,False,False,MRG11072PWFrankie,Maris Sink Polar White,SINKS,,,,,
793,MRG11072SGFRANKIE,Maris Slate Grey Sink 110-72,SINKS,PRODUCT,SALES_ONLY,1,True,False,False,MRG11072SGFrankie,Maris Slate Grey Sink 110-72,SINKS,,,,,
794,MS22M8254A,Samsung Black 22L Integrated,INT MICROWAVES,PRODUCT,SALES_ONLY,1,True,False,False,MS22M8254A,Samsung Black 22L Integrated,INT MICROWAVES,,,,,
795,MS22M8254AK/E3,Samsung Black 22L Integrated Microwave,INT MICROWAVES,PRODUCT,STOCK_ONLY,1,False,True,False,,,,MS22M8254AK/E3,Samsung Black 22L Integrated Microwave,INT MICROWAVES,,
796,MS23K3515A,Samsung White 23L Microwave,MICROWAVE OVENS,PRODUCT,SALES_ONLY,1,True,False,False,MS23K3515A,Samsung White 23L Microwave,MICROWAVE OVENS,,,,,
797,MS23K3515AK/EU,Samsung Black 23L Microwave,MICROWAVE OVENS,PRODUCT,STOCK_ONLY,1,False,True,False,,,,MS23K3515AK/EU,Samsung Black 23L Microwave,MICROWAVE OVENS,,
798,MS23K3515AKSAMSUNG,Black 23L Microwave,MICROWAVE OVENS,PRODUCT,SALES_ONLY,1,True,False,False,MS23K3515AKSamsung,Black 23L Microwave,MICROWAVE OVENS,,,,,
799,MS23K3523ASSAMSUNG,Silver 23L Microwave,MICROWAVE OVENS,PRODUCT,SALES_ONLY,1,True,False,False,MS23K3523ASSamsung,Silver 23L Microwave,MICROWAVE OVENS,,,,,
800,MT-103GD,Muse Vintage Turntable USB Port 2,RADIOS,PRODUCT,SALES_ONLY,1,True,False,False,MT-103GD,Muse Vintage Turntable USB Port 2,RADIOS,,,,,
801,MT-103GD-USMUSE,Vintage Turntable (no plug),SPEAKERS,PRODUCT,SALES_ONLY,1,True,False,False,MT-103GD-USMUSE,Vintage Turntable (no plug),SPEAKERS,,,,,
802,MT-106BT,"Muse Stereo Turntable, USB Port,",RADIOS,PRODUCT,SALES_ONLY,1,True,False,False,MT-106BT,"Muse Stereo Turntable, USB Port,",RADIOS,,,,,
803,MTWC71485,Indesit 7kg 1400 Spin Washing,WASHING MACHINES,PRODUCT,SALES_ONLY,1,True,False,False,MTWC71485,Indesit 7kg 1400 Spin Washing,WASHING MACHINES,,,,,
804,MTWC91495,Indesit 9kg 1400 Spin Washing,WASHING MACHINES,PRODUCT,SALES_ONLY,1,True,False,False,MTWC91495,Indesit 9kg 1400 Spin Washing,WASHING MACHINES,,,,,
805,MUQW3ZM/A,Apple Lightning to USB Cable (1m),CABLES,PRODUCT,SALES_ONLY,1,True,False,False,MUQW3ZM/A,Apple Lightning to USB Cable (1m),CABLES,,,,,
806,MUVT3B/A,Apple 20W USB-C Power Adapter,IT ACCESSORIES,PRODUCT,SALES_ONLY,1,True,False,False,MUVT3B/A,Apple 20W USB-C Power Adapter,IT ACCESSORIES,,,,,
807,MVX23NF/A,13-inch iPad Pro WiFi 256GB demo,TABLETS,PRODUCT,SALES_ONLY,1,True,False,False,MVX23NF/A,13-inch iPad Pro WiFi 256GB demo,TABLETS,,,,,
808,MW123B/A,13-inch MacBook Air: Apple M4 chip,LAPTOPS,PRODUCT,SALES_ONLY,1,True,False,False,MW123B/A,13-inch MacBook Air: Apple M4 chip,LAPTOPS,,,,,
809,MWP999,DISHWASHER CUTLERY TRAY,WHITES ACCESSORIES,PRODUCT,SALES_ONLY,1,True,False,False,MWP999,DISHWASHER CUTLERY TRAY,WHITES ACCESSORIES,,,,,
810,MWWP3QA/A,Apple Watch S10 46mm Black Case,FITNESS,PRODUCT,SALES_ONLY,1,True,False,False,MWWP3QA/A,Apple Watch S10 46mm Black Case,FITNESS,,,,,
811,MX2D3ZM/A,Apple Pencil Pro,IT ACCESSORIES,PRODUCT,SALES_ONLY,1,True,False,False,MX2D3ZM/A,Apple Pencil Pro,IT ACCESSORIES,,,,,
812,MXP63ZM/A,AirPods 4,HEADPHONES,PRODUCT,SALES_ONLY,1,True,False,False,MXP63ZM/A,AirPods 4,HEADPHONES,,,,,
813,MXP93ZM/A,AirPods 4 with Active Noise,HEADPHONES,PRODUCT,SALES_ONLY,1,True,False,False,MXP93ZM/A,AirPods 4 with Active Noise,HEADPHONES,,,,,
814,MZB0JSEEU,Redmi A5 Black,TELEPHONES,PRODUCT,SALES_ONLY,1,True,False,False,MZB0JSEEU,Redmi A5 Black,TELEPHONES,,,,,
815,MZB0KOAEU,Redmi 15C 4G Black,TELEPHONES,PRODUCT,SALES_ONLY,1,True,False,False,MZB0KOAEU,Redmi 15C 4G Black,TELEPHONES,,,,,
816,N1AHA01N0B,Neff Warming Drawer 140mm High,WARMING DRAWERS,PRODUCT,SALES_ONLY,1,True,False,False,N1AHA01N0B,Neff Warming Drawer 140mm High,WARMING DRAWERS,,,,,
817,N1AHA02N0B,Neff 29cm Warming Drawer Blk with,WARMING DRAWERS,PRODUCT,SALES_ONLY,1,True,False,False,N1AHA02N0B,Neff 29cm Warming Drawer Blk with,WARMING DRAWERS,,,,,
818,N24HA11G1B,Neff Graphite 14cm Warming Drawer,WARMING DRAWERS,PRODUCT,STOCK_ONLY,1,False,True,False,,,,N24HA11G1B,Neff Graphite 14cm Warming Drawer,WARMING DRAWERS,,
819,N34HA11G1B,Neff Graphite 29cm Warming Drawer,WARMING DRAWERS,PRODUCT,STOCK_ONLY,1,False,True,False,,,,N34HA11G1B,Neff Graphite 29cm Warming Drawer,WARMING DRAWERS,,
820,NA64D3000AK/U1,Samsung Black Gas Hob,GAS HOBS,PRODUCT,STOCK_ONLY,1,False,True,False,,,,NA64D3000AK/U1,Samsung Black Gas Hob,GAS HOBS,,
821,NA75D3030AS/EU,Samsung St/St 75cm 5 Burner Gas Hob,GAS HOBS,PRODUCT,STOCK_ONLY,1,False,True,False,,,,NA75D3030AS/EU,Samsung St/St 75cm 5 Burner Gas Hob,GAS HOBS,,
822,NC300UK,Ninja Ice Cream Maker,,PRODUCT,SOA_ONLY,1,False,False,True,,,,,,,NC300UK,Ninja Ice Cream Maker
823,NC501UK,Ninja CREAMi Deluxe 10 in 1 Ice,,PRODUCT,SOA_ONLY,1,False,False,True,,,,,,,NC501UK,Ninja CREAMi Deluxe 10 in 1 Ice
824,NC701UK,Ninja CREAMi Swirl,FOOD PREP,PRODUCT,SALES_SOA,2,True,False,True,NC701UK,Ninja CREAMi Swirl,FOOD PREP,,,,NC701UK,Ninja CREAMi Swirl
825,NCH84C23AB,AEG Venting Hob 80cm,DOWNDRAFT HOBS,PRODUCT,STOCK_ONLY,1,False,True,False,,,,NCH84C23AB,AEG Venting Hob 80cm,DOWNDRAFT HOBS,,
826,NE3150,Remington trimmer,SHAVERS,PRODUCT,SALES_ONLY,1,True,False,False,NE3150,Remington trimmer,SHAVERS,,,,,
827,NE3890,Remington U51 Male Trimmer Kit,HAIRCARE,PRODUCT,SALES_SOA,2,True,False,True,NE3890,Remington U51 Male Trimmer Kit,HAIRCARE,,,,NE3890,Remington U51 Male Trimmer Kit
828,NIKOLATESLABLFMIX,Nikolatesla Hob w Hood Recycling 1 Bridge Zone Cr,DOWNDRAFT HOBS,PRODUCT,STOCK_ONLY,1,False,True,False,,,,NIKOLATESLABLFMIX,Nikolatesla Hob w Hood Recycling 1 Bridge Zone Cr,DOWNDRAFT HOBS,,
829,NM31FSBL,Nordmende Black F/S Microwave,MICROWAVE OVENS,PRODUCT,STOCK_ONLY,1,False,True,False,,,,NM31FSBL,Nordmende Black F/S Microwave,MICROWAVE OVENS,,
830,NMG31FSBL,Nordemende  31 Litre Freestanding Microwave Black,MICROWAVE OVENS,PRODUCT,STOCK_ONLY,1,False,True,False,,,,NMG31FSBL,Nordemende  31 Litre Freestanding Microwave Black,MICROWAVE OVENS,,
831,NOVY1861,Novy Easy Recirculating Hob,DOWNDRAFT HOBS,PRODUCT,STOCK_ONLY,1,False,True,False,,,,NOVY1861,Novy Easy Recirculating Hob,DOWNDRAFT HOBS,,
832,NSK9Z181EC,AEG Integrated Fridge Long Fresh,INT FRIDGES,PRODUCT,STOCK_ONLY,1,False,True,False,,,,NSK9Z181EC,AEG Integrated Fridge Long Fresh,INT FRIDGES,,
833,NTSM1192SK,Hotpoint 9kg White Heat Pump Dryer,TUMBLE DRYERS,PRODUCT,SALES_ONLY,1,True,False,False,NTSM1192SK,Hotpoint 9kg White Heat Pump Dryer,TUMBLE DRYERS,,,,,
834,NV68A1170BS/EU,Samsung St/St 68L Pyroclean Oven,SINGLE OVENS,PRODUCT,STOCK_ONLY,1,False,True,False,,,,NV68A1170BS/EU,Samsung St/St 68L Pyroclean Oven,SINGLE OVENS,,
835,NV7B42503AK/U4,Samsung Series 4 Black Glass Oven,SINGLE OVENS,PRODUCT,STOCK_ONLY,1,False,True,False,,,,NV7B42503AK/U4,Samsung Series 4 Black Glass Oven,SINGLE OVENS,,
836,NZ64F3NM1AB/UR,Samsung 60cm Induction Hob,HOBS,PRODUCT,STOCK_ONLY,1,False,True,False,,,,NZ64F3NM1AB/UR,Samsung 60cm Induction Hob,HOBS,,
837,OFRSMT25BLDIMPLEX,Black 2.5KW Smart Oil,HEATING,PRODUCT,SALES_ONLY,1,True,False,False,OFRSMT25BLDimplex,Black 2.5KW Smart Oil,HEATING,,,,,
838,OG701UK,Ninja Woodfire Grill,FOOD PREP,PRODUCT,SALES_ONLY,1,True,False,False,OG701UK,Ninja Woodfire Grill,FOOD PREP,,,,,
839,OL550UK,Ninja Foodi OneLid Multi-Cooker,,PRODUCT,SOA_ONLY,1,False,False,True,,,,,,,OL550UK,Ninja Foodi OneLid Multi-Cooker
840,OLED42C44LA.AE,"LG 42"" OLED TV",,PRODUCT,SOA_ONLY,1,False,False,True,,,,,,,OLED42C44LA.AE,"LG 42"" OLED TV"
841,OLED42C54L,LG 42in C5 OLED TV,TV 33 - 43,PRODUCT,SALES_ONLY,1,True,False,False,OLED42C54L,LG 42in C5 OLED TV,TV 33 - 43,,,,,
842,OLED42C54LA.AE,LG 42in C5 OLED TV,,PRODUCT,SOA_ONLY,1,False,False,True,,,,,,,OLED42C54LA.AE,LG 42in C5 OLED TV
843,OLED48C44LA.AE,"LG 48"" OLED Television",,PRODUCT,SOA_ONLY,1,False,False,True,,,,,,,OLED48C44LA.AE,"LG 48"" OLED Television"
844,OLED48C54LA.AE,LG 48in C5 OLED TV,,PRODUCT,SOA_ONLY,1,False,False,True,,,,,,,OLED48C54LA.AE,LG 48in C5 OLED TV
845,OLED48G56LS.AE,"LG G5 48"" OLED evo AI 4K HDR",,PRODUCT,SOA_ONLY,1,False,False,True,,,,,,,OLED48G56LS.AE,"LG G5 48"" OLED evo AI 4K HDR"
846,OLED55B42LA.AE,"LG 55"" OLED Smart TV",,PRODUCT,SOA_ONLY,1,False,False,True,,,,,,,OLED55B42LA.AE,"LG 55"" OLED Smart TV"
847,OLED55B46LA.AE,"OLED 55"" 4K OLED Smart TV",,PRODUCT,SOA_ONLY,1,False,False,True,,,,,,,OLED55B46LA.AE,"OLED 55"" 4K OLED Smart TV"
848,OLED55B56LA.AE,LG 55in B5 OLED TV,,PRODUCT,SOA_ONLY,1,False,False,True,,,,,,,OLED55B56LA.AE,LG 55in B5 OLED TV
849,OLED55B56LALG,55in B5 OLED TV,TV 51 - 59,PRODUCT,SALES_ONLY,1,True,False,False,OLED55B56LALG,55in B5 OLED TV,TV 51 - 59,,,,,
850,OLED55C44LA.AE,"LG 55"" OLED Television",,PRODUCT,SOA_ONLY,1,False,False,True,,,,,,,OLED55C44LA.AE,"LG 55"" OLED Television"
851,OLED55C54L,LG 55in C5 OLED TV,TV 51 - 59,PRODUCT,SALES_ONLY,1,True,False,False,OLED55C54L,LG 55in C5 OLED TV,TV 51 - 59,,,,,
852,OLED55C54LA.AE,LG 55in C5 OLED TV,,PRODUCT,SOA_ONLY,1,False,False,True,,,,,,,OLED55C54LA.AE,LG 55in C5 OLED TV
853,OLED55G45L,"LG 55"" OLED Television",TV 44 - 50,PRODUCT,SALES_ONLY,1,True,False,False,OLED55G45L,"LG 55"" OLED Television",TV 44 - 50,,,,,
854,OLED55G45LW.AE,"LG 55"" OLED Television",,PRODUCT,SOA_ONLY,1,False,False,True,,,,,,,OLED55G45LW.AE,"LG 55"" OLED Television"
855,OLED55G46LS.AE,"LG 55"" Gallery TV Stand",,PRODUCT,SOA_ONLY,1,False,False,True,,,,,,,OLED55G46LS.AE,"LG 55"" Gallery TV Stand"
856,OLED55G54L,LG 55in G5 OLED TV,TV 51 - 59,PRODUCT,SALES_ONLY,1,True,False,False,OLED55G54L,LG 55in G5 OLED TV,TV 51 - 59,,,,,
857,OLED55G54LW.AE,LG 55in G5 OLED TV,,PRODUCT,SOA_ONLY,1,False,False,True,,,,,,,OLED55G54LW.AE,LG 55in G5 OLED TV
858,OLED55G56L,LG 55in G5 OLED TV,TV 51 - 59,PRODUCT,SALES_ONLY,1,True,False,False,OLED55G56L,LG 55in G5 OLED TV,TV 51 - 59,,,,,
859,OLED55G56LS.AE,LG 55in G5 OLED TV,,PRODUCT,SOA_ONLY,1,False,False,True,,,,,,,OLED55G56LS.AE,LG 55in G5 OLED TV
860,OLED65B42LA.AE,"LG 65"" OLED Television",,PRODUCT,SOA_ONLY,1,False,False,True,,,,,,,OLED65B42LA.AE,"LG 65"" OLED Television"
861,OLED65B46LA.AE,"LG 65"" OLED TV",,PRODUCT,SOA_ONLY,1,False,False,True,,,,,,,OLED65B46LA.AE,"LG 65"" OLED TV"
862,OLED65B56LA.AE,LG 65in B5 OLED TV,,PRODUCT,SOA_ONLY,1,False,False,True,,,,,,,OLED65B56LA.AE,LG 65in B5 OLED TV
863,OLED65B56LALG,65in B5 OLED TV,TV 60 - 70,PRODUCT,SALES_ONLY,1,True,False,False,OLED65B56LALG,65in B5 OLED TV,TV 60 - 70,,,,,
864,OLED65C44L,"LG 65"" OLED Television",TV 60 - 70,PRODUCT,SALES_ONLY,1,True,False,False,OLED65C44L,"LG 65"" OLED Television",TV 60 - 70,,,,,
865,OLED65C44LA.AE,"LG 65"" OLED Television",,PRODUCT,SOA_ONLY,1,False,False,True,,,,,,,OLED65C44LA.AE,"LG 65"" OLED Television"
866,OLED65C54L,LG 65in C5 OLED TV,TV 60 - 70,PRODUCT,SALES_ONLY,1,True,False,False,OLED65C54L,LG 65in C5 OLED TV,TV 60 - 70,,,,,
867,OLED65C54LA.AE,LG 65in C5 OLED TV,,PRODUCT,SOA_ONLY,1,False,False,True,,,,,,,OLED65C54LA.AE,LG 65in C5 OLED TV
868,OLED65G45LW.AE,"LG 65"" OLED Television",,PRODUCT,SOA_ONLY,1,False,False,True,,,,,,,OLED65G45LW.AE,"LG 65"" OLED Television"
869,OLED65G46LS.AE,"LG 65"" OLED evo AI G4 4K Smart",,PRODUCT,SOA_ONLY,1,False,False,True,,,,,,,OLED65G46LS.AE,"LG 65"" OLED evo AI G4 4K Smart"
870,OLED65G54L,LG 65in G5 OLED TV,TV 60 - 70,PRODUCT,SALES_ONLY,1,True,False,False,OLED65G54L,LG 65in G5 OLED TV,TV 60 - 70,,,,,
871,OLED65G54LW.AE,LG 65in G5 OLED TV,,PRODUCT,SOA_ONLY,1,False,False,True,,,,,,,OLED65G54LW.AE,LG 65in G5 OLED TV
872,OLED65G56LS.AE,LG 65in G5 OLED TV,,PRODUCT,SOA_ONLY,1,False,False,True,,,,,,,OLED65G56LS.AE,LG 65in G5 OLED TV
873,OLED77B42LA.AE,"LG 77"" OLED B4 Smart TV",,PRODUCT,SOA_ONLY,1,False,False,True,,,,,,,OLED77B42LA.AE,"LG 77"" OLED B4 Smart TV"
874,OLED77B46LA.AE,"LG 77"" OLED TV",,PRODUCT,SOA_ONLY,1,False,False,True,,,,,,,OLED77B46LA.AE,"LG 77"" OLED TV"
875,OLED77C44LA.AE,"LG 77"" OLED Television",,PRODUCT,SOA_ONLY,1,False,False,True,,,,,,,OLED77C44LA.AE,"LG 77"" OLED Television"
876,OLED77C54LA.AE,LG 77in C5 OLED TV,,PRODUCT,SOA_ONLY,1,False,False,True,,,,,,,OLED77C54LA.AE,LG 77in C5 OLED TV
877,OLED77G45LW.AE,"LG 75"" G4 OLED 4K Smart TV",,PRODUCT,SOA_ONLY,1,False,False,True,,,,,,,OLED77G45LW.AE,"LG 75"" G4 OLED 4K Smart TV"
878,OLED83C44L,"LG 83"" OLED Television",TV 75+,PRODUCT,SALES_ONLY,1,True,False,False,OLED83C44L,"LG 83"" OLED Television",TV 75+,,,,,
879,OLED83C44LA.AE,"LG 83"" OLED Television",,PRODUCT,SOA_ONLY,1,False,False,True,,,,,,,OLED83C44LA.AE,"LG 83"" OLED Television"
880,OLED83C54LA.AE,LG 83in C5 OLED TV,,PRODUCT,SOA_ONLY,1,False,False,True,,,,,,,OLED83C54LA.AE,LG 83in C5 OLED TV
881,OLED83G45LW.AE,"LG OLED 83"" G45 TV",,PRODUCT,SOA_ONLY,1,False,False,True,,,,,,,OLED83G45LW.AE,"LG OLED 83"" G45 TV"
882,OLED83G54LW.AE,"LG 83"" G5 OLED",,PRODUCT,SOA_ONLY,1,False,False,True,,,,,,,OLED83G54LW.AE,"LG 83"" G5 OLED"
883,ORTUSFMBK,"FM Radio, Dual alarm Radio/Buzzer",RADIOS,PRODUCT,SALES_ONLY,1,True,False,False,ORTUSFMBK,"FM Radio, Dual alarm Radio/Buzzer",RADIOS,,,,,
884,ORTUSFMW,"FM Radio, Dual alarm Radio/Buzzer",RADIOS,PRODUCT,SALES_ONLY,1,True,False,False,ORTUSFMW,"FM Radio, Dual alarm Radio/Buzzer",RADIOS,,,,,
885,P-SDU128V11PNY,Elite Micro Class 10 SD,IT ACCESSORIES,PRODUCT,SALES_ONLY,1,True,False,False,P-SDU128V11PNY,Elite Micro Class 10 SD,IT ACCESSORIES,,,,,
886,P-SDU32GU18PNY,Elite microSDHC card 32G,IT ACCESSORIES,PRODUCT,SALES_ONLY,1,True,False,False,P-SDU32GU18PNY,Elite microSDHC card 32G,IT ACCESSORIES,,,,,
887,P-SDUX64U18PNY,Elite Micro Class 10 SD adapter,IT ACCESSORIES,PRODUCT,SALES_ONLY,1,True,False,False,P-SDUX64U18PNY,Elite Micro Class 10 SD adapter,IT ACCESSORIES,,,,,
888,P05C2SWH,Powerpoint 50cm White Cooker with Ceramic Hob,COOKERS,PRODUCT,STOCK_ONLY,1,False,True,False,,,,P05C2SWH,Powerpoint 50cm White Cooker with Ceramic Hob,COOKERS,,
889,P05E1S1BL,Powerpoint 50cm Black Solid Plate,COOKERS,PRODUCT,SALES_ONLY,1,True,False,False,P05E1S1BL,Powerpoint 50cm Black Solid Plate,COOKERS,,,,,
890,P06C2MDWH,Powerpoint White 60cm Ceramic Top Cooker,COOKERS,PRODUCT,STOCK_ONLY,1,False,True,False,,,,P06C2MDWH,Powerpoint White 60cm Ceramic Top Cooker,COOKERS,,
891,P06E1S1W,Powerpoint 60cm White Single Cavity,COOKERS,PRODUCT,SALES_ONLY,1,True,False,False,P06E1S1W,Powerpoint 60cm White Single Cavity,COOKERS,,,,,
892,P11400ML2W-POWERPOINT,400L 1365mm Wide,CHEST FREEZERS,PRODUCT,SALES_ONLY,1,True,False,False,P11400ML2W-Powerpoint,400L 1365mm Wide,CHEST FREEZERS,,,,,
893,P125514ML1SS-E,Powerpoint 144x55 St/St Tall Freezer,FREEZERS,PRODUCT,STOCK_ONLY,1,False,True,False,,,,P125514ML1SS-E,Powerpoint 144x55 St/St Tall Freezer,FREEZERS,,
894,P125514ML1W-E,Powerpoint 144cm x 55cm White Freezer,FREEZERS,PRODUCT,STOCK_ONLY,1,False,True,False,,,,P125514ML1W-E,Powerpoint 144cm x 55cm White Freezer,FREEZERS,,
895,P1255FMLW,Powerpoint U/C 55cm Freezer,U/C FREEZER,PRODUCT,STOCK_ONLY,1,False,True,False,,,,P1255FMLW,Powerpoint U/C 55cm Freezer,U/C FREEZER,,
896,P154MDMA,Powerpoint 60cm Ceramic Hob with knobs,HOBS,PRODUCT,STOCK_ONLY,1,False,True,False,,,,P154MDMA,Powerpoint 60cm Ceramic Hob with knobs,HOBS,,
897,P154MDTC,Powerpoint Touch Control Ceramic Hob,HOBS,PRODUCT,STOCK_ONLY,1,False,True,False,,,,P154MDTC,Powerpoint Touch Control Ceramic Hob,HOBS,,
898,P154MDTCSS,Powerpoint Ceramic Hob,HOBS,PRODUCT,STOCK_ONLY,1,False,True,False,,,,P154MDTCSS,Powerpoint Ceramic Hob,HOBS,,
899,P19820INTBG,Powerpoint 20L Integrated Black Microwave,INT MICROWAVES,PRODUCT,STOCK_ONLY,1,False,True,False,,,,P19820INTBG,Powerpoint 20L Integrated Black Microwave,INT MICROWAVES,,
900,P2110XBSS,Powerpoint 60cm SS Traditional Hood,COOKER HOODS,PRODUCT,STOCK_ONLY,1,False,True,False,,,,P2110XBSS,Powerpoint 60cm SS Traditional Hood,COOKER HOODS,,
901,P2152CH,Powerpoint 52cm Canopy Hood,COOKER HOODS,PRODUCT,STOCK_ONLY,1,False,True,False,,,,P2152CH,Powerpoint 52cm Canopy Hood,COOKER HOODS,,
902,P22720CPMB,Powerpoint 20L Black 700W F/S,MICROWAVE OVENS,PRODUCT,SALES_ONLY,1,True,False,False,P22720CPMB,Powerpoint 20L Black 700W F/S,MICROWAVE OVENS,,,,,
903,P22720CPMBL,Powerpoint 20L Black 700W F/S Microwave,MICROWAVE OVENS,PRODUCT,STOCK_ONLY,1,False,True,False,,,,P22720CPMBL,Powerpoint 20L Black 700W F/S Microwave,MICROWAVE OVENS,,
904,P22720CPMS,Powerpoint Silver 20L 700W,MICROWAVE OVENS,PRODUCT,SALES_ONLY,1,True,False,False,P22720CPMS,Powerpoint Silver 20L 700W,MICROWAVE OVENS,,,,,
905,P22720CPMSL,Powerpoint Silver 20L 700W Microwave,MICROWAVE OVENS,PRODUCT,STOCK_ONLY,1,False,True,False,,,,P22720CPMSL,Powerpoint Silver 20L 700W Microwave,MICROWAVE OVENS,,
906,P22720CPMWH,Powerpoint White 20L 700W F/S Microwave,MICROWAVE OVENS,PRODUCT,STOCK_ONLY,1,False,True,False,,,,P22720CPMWH,Powerpoint White 20L 700W F/S Microwave,MICROWAVE OVENS,,
907,P22720MRCR,PowerPoint Cream Retro Style,MICROWAVE OVENS,PRODUCT,SALES_ONLY,1,True,False,False,P22720MRCR,PowerPoint Cream Retro Style,MICROWAVE OVENS,,,,,
908,P22820MDSS,Powerpoint St/St 20L 800W,MICROWAVE OVENS,PRODUCT,SALES_ONLY,1,True,False,False,P22820MDSS,Powerpoint St/St 20L 800W,MICROWAVE OVENS,,,,,
909,P22820MMFBL,Powerpoint 800W 20Ltr Microwave Black,MICROWAVE OVENS,PRODUCT,STOCK_ONLY,1,False,True,False,,,,P22820MMFBL,Powerpoint 800W 20Ltr Microwave Black,MICROWAVE OVENS,,
910,P22820MMFW,Powerpoint 800W 20Ltr Microwave White,MICROWAVE OVENS,PRODUCT,STOCK_ONLY,1,False,True,False,,,,P22820MMFW,Powerpoint 800W 20Ltr Microwave White,MICROWAVE OVENS,,
911,P24510M6WH,Powerpoint 45cm White Dishwasher,DISHWASHERS,PRODUCT,STOCK_ONLY,1,False,True,False,,,,P24510M6WH,Powerpoint 45cm White Dishwasher,DISHWASHERS,,
912,P24EMDBL,Powerpoint Black Single Oven,SINGLE OVENS,PRODUCT,STOCK_ONLY,1,False,True,False,,,,P24EMDBL,Powerpoint Black Single Oven,SINGLE OVENS,,
913,P24EMDSS,Powerpoint St/St Single Fan Oven,SINGLE OVENS,PRODUCT,SALES_ONLY,1,True,False,False,P24EMDSS,Powerpoint St/St Single Fan Oven,SINGLE OVENS,,,,,
914,P25CKMDBL,Powerpoint Black Single Oven & Ceramic Hob Pack,OVEN & HOB PACK,PRODUCT,STOCK_ONLY,1,False,True,False,,,,P25CKMDBL,Powerpoint Black Single Oven & Ceramic Hob Pack,OVEN & HOB PACK,,
915,P2612M2SS,Powerpoint 60cm 12 Place St/St Dishwasher,DISHWASHERS,PRODUCT,STOCK_ONLY,1,False,True,False,,,,P2612M2SS,Powerpoint 60cm 12 Place St/St Dishwasher,DISHWASHERS,,
916,P2612M2WH,Powerpoint 60cm 12 Place White Dishwasher,DISHWASHERS,PRODUCT,STOCK_ONLY,1,False,True,False,,,,P2612M2WH,Powerpoint 60cm 12 Place White Dishwasher,DISHWASHERS,,
917,P35106K,Powerpoint 6kg 1200 Spin Washing Machine,WASHING MACHINES,PRODUCT,STOCK_ONLY,1,False,True,False,,,,P35106K,Powerpoint 6kg 1200 Spin Washing Machine,WASHING MACHINES,,
918,P35128K,Powerpoint 8kg 1200 Spin Washing Machine,WASHING MACHINES,PRODUCT,STOCK_ONLY,1,False,True,False,,,,P35128K,Powerpoint 8kg 1200 Spin Washing Machine,WASHING MACHINES,,
919,P35128KW-A,Powerpoint 8kg 1200 Spin A Rate,WASHING MACHINES,PRODUCT,SALES_ONLY,1,True,False,False,P35128KW-A,Powerpoint 8kg 1200 Spin A Rate,WASHING MACHINES,,,,,
920,P39AD46,POWERPOINT WINE COOLER 60CM BLK,WINE COOLERS,PRODUCT,STOCK_ONLY,1,False,True,False,,,,P39AD46,POWERPOINT WINE COOLER 60CM BLK,WINE COOLERS,,
921,P39AD77,POWERPOINT 128CM WINE COOLER BLK,WINE COOLERS,PRODUCT,STOCK_ONLY,1,False,True,False,,,,P39AD77,POWERPOINT 128CM WINE COOLER BLK,WINE COOLERS,,
922,P4474MDW,Powerpoint 47cm U/C Fridge with Icebox 4*,U/C FRIDGE,PRODUCT,STOCK_ONLY,1,False,True,False,,,,P4474MDW,Powerpoint 47cm U/C Fridge with Icebox 4*,U/C FRIDGE,,
923,P450TTIBLM,Powerpoint Table Top Fridge with ice box,FRIDGES,PRODUCT,SALES_STOCK,2,True,True,False,P450TTIBLM,Powerpoint Table Top Fridge with ice,FRIDGES,P450TTIBLM,Powerpoint Table Top Fridge with ice box,FRIDGES,,
924,P45514MLW-E,Powerpoint 540 x 1441  White Tall Larder Fridge,FRIDGES,PRODUCT,STOCK_ONLY,1,False,True,False,,,,P45514MLW-E,Powerpoint 540 x 1441  White Tall Larder Fridge,FRIDGES,,
925,P45514MLW-EPOWERPOINT,540 x 1441 White Tall,FRIDGES,PRODUCT,SALES_ONLY,1,True,False,False,P45514MLW-EPowerpoint,540 x 1441 White Tall,FRIDGES,,,,,
926,P4554FMLW,Powerpoint 55cm Undercounter Fridge with Icebox,U/C FRIDGE,PRODUCT,STOCK_ONLY,1,False,True,False,,,,P4554FMLW,Powerpoint 55cm Undercounter Fridge with Icebox,U/C FRIDGE,,
927,P455LM3SS,Powerpoint St/St U/C 55cm Larder Fridge,U/C FRIDGE,PRODUCT,STOCK_ONLY,1,False,True,False,,,,P455LM3SS,Powerpoint St/St U/C 55cm Larder Fridge,U/C FRIDGE,,
928,P455LM3W,Powerpoint 55cm U/C Larder Fridge,U/C FRIDGE,PRODUCT,STOCK_ONLY,1,False,True,False,,,,P455LM3W,Powerpoint 55cm U/C Larder Fridge,U/C FRIDGE,,
929,P455LMDW-E,Powerpoint White 55cm U/C Larder,U/C FRIDGE,PRODUCT,SALES_ONLY,1,True,False,False,P455LMDW-E,Powerpoint White 55cm U/C Larder,U/C FRIDGE,,,,,
930,P4962MDBC-E,PowerPoint Beverage Cooler,U/C FRIDGE,PRODUCT,STOCK_ONLY,1,False,True,False,,,,P4962MDBC-E,PowerPoint Beverage Cooler,U/C FRIDGE,,
931,P65514MSFWPOWERPOINT,144 x 54 White Fridge,FRIDGE FREEZERS,PRODUCT,SALES_ONLY,1,True,False,False,P65514MSFWPowerpoint,144 x 54 White Fridge,FRIDGE FREEZERS,,,,,
932,P65514MSFX,Powerpoint Smart Frost Fr/Freezer 540 x 1440 mm,FRIDGE FREEZERS,PRODUCT,STOCK_ONLY,1,False,True,False,,,,P65514MSFX,Powerpoint Smart Frost Fr/Freezer 540 x 1440 mm,FRIDGE FREEZERS,,
933,P65555MSFW-E,Powerpoint 176x54 Whie Fridge Freezer,FRIDGE FREEZERS,PRODUCT,STOCK_ONLY,1,False,True,False,,,,P65555MSFW-E,Powerpoint 176x54 Whie Fridge Freezer,FRIDGE FREEZERS,,
934,P65564MSFW-E,Powerpoint White 176x54 Fridge Freezer,FRIDGE FREEZERS,PRODUCT,STOCK_ONLY,1,False,True,False,,,,P65564MSFW-E,Powerpoint White 176x54 Fridge Freezer,FRIDGE FREEZERS,,
935,P65564MSFWPOWERPOINT,White 176x54 Fridge,FRIDGE FREEZERS,PRODUCT,SALES_ONLY,1,True,False,False,P65564MSFWPowerpoint,White 176x54 Fridge,FRIDGE FREEZERS,,,,,
936,P74250MLBL-E,Powerpoint Black 128 x 48cm Fridge Freezer,FRIDGE FREEZERS,PRODUCT,STOCK_ONLY,1,False,True,False,,,,P74250MLBL-E,Powerpoint Black 128 x 48cm Fridge Freezer,FRIDGE FREEZERS,,
937,P7531M/4-E,Powerpoint U/C Fridge Freezer 845*470*500,FRIDGE FREEZERS,PRODUCT,STOCK_ONLY,1,False,True,False,,,,P7531M/4-E,Powerpoint U/C Fridge Freezer 845*470*500,FRIDGE FREEZERS,,
938,P7531M/4BL-E,Powerpoint U/C Black 845x47 Fridge Freezer,FRIDGE FREEZERS,PRODUCT,STOCK_ONLY,1,False,True,False,,,,P7531M/4BL-E,Powerpoint U/C Black 845x47 Fridge Freezer,FRIDGE FREEZERS,,
939,P87030MG,Powerpoint 70/30 Integrated Fridge Freezer,INT FRIDGE FREEZERS,PRODUCT,STOCK_ONLY,1,False,True,False,,,,P87030MG,Powerpoint 70/30 Integrated Fridge Freezer,INT FRIDGE FREEZERS,,
940,P9917CDSKBLG,Powerpoint 4 Door Blk Glass USA FF,USA F/F,PRODUCT,STOCK_ONLY,1,False,True,False,,,,P9917CDSKBLG,Powerpoint 4 Door Blk Glass USA FF,USA F/F,,
941,P9917SKFDBLG,Powerpoint Blk Glass French Door USA FF,USA F/F,PRODUCT,STOCK_ONLY,1,False,True,False,,,,P9917SKFDBLG,Powerpoint Blk Glass French Door USA FF,USA F/F,,
942,PG180,Remington All In One Groming Kit,HAIRCARE,PRODUCT,SALES_ONLY,1,True,False,False,PG180,Remington All In One Groming Kit,HAIRCARE,,,,,
943,PG6020,Remington All In One Groming Kit,,PRODUCT,SOA_ONLY,1,False,False,True,,,,,,,PG6020,Remington All In One Groming Kit
944,PIE631BB5E,Bosch Serie 4 Induction Hob 60cm,HOBS,PRODUCT,SALES_STOCK,2,True,True,False,PIE631BB5E,Bosch Serie 4 Induction Hob 60cm,HOBS,PIE631BB5E,Bosch Serie 4 Induction Hob 60cm,HOBS,,
945,PIV831HB1E,*Bosch 80cm Induction Hob,HOBS,PRODUCT,STOCK_ONLY,1,False,True,False,,,,PIV831HB1E,*Bosch 80cm Induction Hob,HOBS,,
946,PKE611CA3E,*Bosch 60cm Serie 2 Ceramic Hob with Knobs,HOBS,PRODUCT,SALES_STOCK,2,True,True,False,PKE611CA3E,*Bosch 60cm Serie 2 Ceramic Hob,HOBS,PKE611CA3E,*Bosch 60cm Serie 2 Ceramic Hob with Knobs,HOBS,,
947,PKE61RAA8B,*Bosch 60cm Ceramic Hob,HOBS,PRODUCT,STOCK_ONLY,1,False,True,False,,,,PKE61RAA8B,*Bosch 60cm Ceramic Hob,HOBS,,
948,PLB12B,iTech 37 to 70kg TV Bracket up to,TV BRACKETS,PRODUCT,SALES_ONLY,1,True,False,False,PLB12B,iTech 37 to 70kg TV Bracket up to,TV BRACKETS,,,,,
949,PLB16B,"iTech 23 to 43"" TV Bracket up to",TV BRACKETS,PRODUCT,SALES_ONLY,1,True,False,False,PLB16B,"iTech 23 to 43"" TV Bracket up to",TV BRACKETS,,,,,
950,PLB44SEB,"iTech 32 to 55"" TV Bracket 40kg",TV BRACKETS,PRODUCT,SALES_ONLY,1,True,False,False,PLB44SEB,"iTech 32 to 55"" TV Bracket 40kg",TV BRACKETS,,,,,
951,PPH60GDFIXUK,Hotpoint 60cm St/St Gas Hob,GAS HOBS,PRODUCT,STOCK_ONLY,1,False,True,False,,,,PPH60GDFIXUK,Hotpoint 60cm St/St Gas Hob,GAS HOBS,,
952,PPM9A6I40,Bosch 90cm Black Glass Gas Hob,GAS HOBS,PRODUCT,SALES_ONLY,1,True,False,False,PPM9A6I40,Bosch 90cm Black Glass Gas Hob,GAS HOBS,,,,,
953,PR1855,Remington 5100 Virtually,,PRODUCT,SOA_ONLY,1,False,False,True,,,,,,,PR1855,Remington 5100 Virtually
954,PRO3,Quooker PRO3-EQ B Tank,TAPS,PRODUCT,SALES_ONLY,1,True,False,False,PRO3,Quooker PRO3-EQ B Tank,TAPS,,,,,
955,PTRB77,"iTech 37 to 80"" TV Bracket up to",TV BRACKETS,PRODUCT,SALES_ONLY,1,True,False,False,PTRB77,"iTech 37 to 80"" TV Bracket up to",TV BRACKETS,,,,,
956,PX200UK,Shark Stain Striker & Spot,,PRODUCT,SOA_ONLY,1,False,False,True,,,,,,,PX200UK,Shark Stain Striker & Spot
957,PX250UKT,Shark StainStriker HairPro Pet,,PRODUCT,SOA_ONLY,1,False,False,True,,,,,,,PX250UKT,Shark StainStriker HairPro Pet
958,QB3001UKS,Ninja 700W Nutri Slim Blender &,,PRODUCT,SOA_ONLY,1,False,False,True,,,,,,,QB3001UKS,Ninja 700W Nutri Slim Blender &
959,QE100QN80FUXX,"Samsung 100"" 4K Neo QLED",,PRODUCT,SOA_ONLY,1,False,False,True,,,,,,,QE100QN80FUXX,"Samsung 100"" 4K Neo QLED"
960,QE32LS03CBUXXU,"Samsung 32"" Frame TV",,PRODUCT,SOA_ONLY,1,False,False,True,,,,,,,QE32LS03CBUXXU,"Samsung 32"" Frame TV"
961,QE42S90FAEXXU,Samsung 42 in Smart Television,,PRODUCT,SOA_ONLY,1,False,False,True,,,,,,,QE42S90FAEXXU,Samsung 42 in Smart Television
962,QE43LS03DA,43 INCH The Frame Art Mode QLED,TV 33 - 43,PRODUCT,SALES_ONLY,1,True,False,False,QE43LS03DA,43 INCH The Frame Art Mode QLED,TV 33 - 43,,,,,
963,QE43Q7FAAUSAMSUNG,"43"" QLED Smart Television",TV 33 - 43,PRODUCT,SALES_ONLY,1,True,False,False,QE43Q7FAAUSamsung,"43"" QLED Smart Television",TV 33 - 43,,,,,
964,QE43Q7FAAUXXU,"Samsung 43"" QLED Smart",,PRODUCT,SOA_ONLY,1,False,False,True,,,,,,,QE43Q7FAAUXXU,"Samsung 43"" QLED Smart"
965,QE43QN90FATXX,"Samsung 43"" Neo QLED Smart AI",,PRODUCT,SOA_ONLY,1,False,False,True,,,,,,,QE43QN90FATXX,"Samsung 43"" Neo QLED Smart AI"
966,QE48S90FAEXXU,"Samsung 48"" OLED 4K Smart AI",,PRODUCT,SOA_ONLY,1,False,False,True,,,,,,,QE48S90FAEXXU,"Samsung 48"" OLED 4K Smart AI"
967,QE50Q60DAU50,INCH Q60D DUAL LED WITH,TV 51 - 59,PRODUCT,SALES_ONLY,1,True,False,False,QE50Q60DAU50,INCH Q60D DUAL LED WITH,TV 51 - 59,,,,,
968,QE50Q7FAAUSAMSUNG,"50"" QLED Smart Television",TV 44 - 50,PRODUCT,SALES_ONLY,1,True,False,False,QE50Q7FAAUSamsung,"50"" QLED Smart Television",TV 44 - 50,,,,,
969,QE50Q7FAAUXXU,"Samsung 50"" QLED Smart",,PRODUCT,SOA_ONLY,1,False,False,True,,,,,,,QE50Q7FAAUXXU,"Samsung 50"" QLED Smart"
970,QE50QEF1AUSAMSUNG,"50"" QLED Smart Television",TV 44 - 50,PRODUCT,SALES_ONLY,1,True,False,False,QE50QEF1AUSamsung,"50"" QLED Smart Television",TV 44 - 50,,,,,
971,QE50QEF1AUXXU,"Samsung 50"" QLED Smart",,PRODUCT,SOA_ONLY,1,False,False,True,,,,,,,QE50QEF1AUXXU,"Samsung 50"" QLED Smart"
972,QE50QN90FATXX,"Samsung 50"" Neo QLED 4K",,PRODUCT,SOA_ONLY,1,False,False,True,,,,,,,QE50QN90FATXX,"Samsung 50"" Neo QLED 4K"
973,QE55Q7F5AU,"Samsung 55"" QLED Television",TV 51 - 59,PRODUCT,SALES_ONLY,1,True,False,False,QE55Q7F5AU,"Samsung 55"" QLED Television",TV 51 - 59,,,,,
974,QE55Q7F5AUXXU,"Samsung 55"" QLED Television",,PRODUCT,SOA_ONLY,1,False,False,True,,,,,,,QE55Q7F5AUXXU,"Samsung 55"" QLED Television"
975,QE55QEF1AUSAMSUNG,"55"" QLED Smart Television",TV 51 - 59,PRODUCT,SALES_ONLY,1,True,False,False,QE55QEF1AUSamsung,"55"" QLED Smart Television",TV 51 - 59,,,,,
976,QE55QEF1AUXXU,"Samsung 55"" QLED Smart",,PRODUCT,SOA_ONLY,1,False,False,True,,,,,,,QE55QEF1AUXXU,"Samsung 55"" QLED Smart"
977,QE55QN70FA,"Samsung 55"" Neo QLED Television",TV 51 - 59,PRODUCT,SALES_ONLY,1,True,False,False,QE55QN70FA,"Samsung 55"" Neo QLED Television",TV 51 - 59,,,,,
978,QE55QN90FA,"Samsung 55"" Neo QLED 4K",TV 51 - 59,PRODUCT,SALES_ONLY,1,True,False,False,QE55QN90FA,"Samsung 55"" Neo QLED 4K",TV 51 - 59,,,,,
979,QE55QN90FATXX,"Samsung 55"" Neo QLED 4K",,PRODUCT,SOA_ONLY,1,False,False,True,,,,,,,QE55QN90FATXX,"Samsung 55"" Neo QLED 4K"
980,QE55S85FAU,"Samsung 55"" OLED 4K Smart AI TV",TV 51 - 59,PRODUCT,SALES_ONLY,1,True,False,False,QE55S85FAU,"Samsung 55"" OLED 4K Smart AI TV",TV 51 - 59,,,,,
981,QE55S90FAE,"Samsung 55"" OLED 4K Smart AI TV",TV 51 - 59,PRODUCT,SALES_ONLY,1,True,False,False,QE55S90FAE,"Samsung 55"" OLED 4K Smart AI TV",TV 51 - 59,,,,,
982,QE55S90FAEXXU,"Samsung 55"" OLED 4K Smart AI",,PRODUCT,SOA_ONLY,1,False,False,True,,,,,,,QE55S90FAEXXU,"Samsung 55"" OLED 4K Smart AI"
983,QE55S95FATXXU,"Samsung 55"" OLED 4K Smart AI",,PRODUCT,SOA_ONLY,1,False,False,True,,,,,,,QE55S95FATXXU,"Samsung 55"" OLED 4K Smart AI"
984,QE65Q7F5AUXXU,"Samsung 65"" QLED Smart",,PRODUCT,SOA_ONLY,1,False,False,True,,,,,,,QE65Q7F5AUXXU,"Samsung 65"" QLED Smart"
985,QE65QEF1AUXXU,"Samsung 65"" QLED Television",,PRODUCT,SOA_ONLY,1,False,False,True,,,,,,,QE65QEF1AUXXU,"Samsung 65"" QLED Television"
986,QE65QN70FA,"Samsung 65"" QLED Television",TV 60+,PRODUCT,SALES_ONLY,1,True,False,False,QE65QN70FA,"Samsung 65"" QLED Television",TV 60+,,,,,
987,QE65QN90FATXX,"Samsung 65"" Neo QLED 4K",,PRODUCT,SOA_ONLY,1,False,False,True,,,,,,,QE65QN90FATXX,"Samsung 65"" Neo QLED 4K"
988,QE65S85FAE,"Samsung 65"" OLED 4K Smart TV",TV 60+,PRODUCT,SALES_ONLY,1,True,False,False,QE65S85FAE,"Samsung 65"" OLED 4K Smart TV",TV 60+,,,,,
989,QE65S85FAEXXU,"Samsung 65"" OLED 4K Smart TV",,PRODUCT,SOA_ONLY,1,False,False,True,,,,,,,QE65S85FAEXXU,"Samsung 65"" OLED 4K Smart TV"
990,QE65S90FATXXU,"Samsung 65"" OLED 4K Smart AI",,PRODUCT,SOA_ONLY,1,False,False,True,,,,,,,QE65S90FATXXU,"Samsung 65"" OLED 4K Smart AI"
991,QE65S95FATXXU,"Samsung 65"" OLED 4K Smart AI",,PRODUCT,SOA_ONLY,1,False,False,True,,,,,,,QE65S95FATXXU,"Samsung 65"" OLED 4K Smart AI"
992,QE75Q7F5AUXXU,"Samsung 75"" QLED Smart",,PRODUCT,SOA_ONLY,1,False,False,True,,,,,,,QE75Q7F5AUXXU,"Samsung 75"" QLED Smart"
993,QE75QEF1AUXXU,"Samsung 75"" QLED Smart",,PRODUCT,SOA_ONLY,1,False,False,True,,,,,,,QE75QEF1AUXXU,"Samsung 75"" QLED Smart"
994,QE75QN90FATXX,"Samsung 75"" Neo QLED 4K",,PRODUCT,SOA_ONLY,1,False,False,True,,,,,,,QE75QN90FATXX,"Samsung 75"" Neo QLED 4K"
995,QE77S95FATXXU,Samsung 4K HDR OLED Smart,,PRODUCT,SOA_ONLY,1,False,False,True,,,,,,,QE77S95FATXXU,Samsung 4K HDR OLED Smart
996,QE85Q7FAAUXXU,Samsung QLED 4K Vision AI,,PRODUCT,SOA_ONLY,1,False,False,True,,,,,,,QE85Q7FAAUXXU,Samsung QLED 4K Vision AI
997,R260BK,ROBERTS BLACK 1950'S REPLICA,RADIOS,PRODUCT,SALES_ONLY,1,True,False,False,R260BK,ROBERTS BLACK 1950'S REPLICA,RADIOS,,,,,
998,R260MB,Roberts Midnight Blue1950's Replica,RADIOS,PRODUCT,SALES_ONLY,1,True,False,False,R260MB,Roberts Midnight Blue1950's Replica,RADIOS,,,,,
999,RB34C600EB,Samsung 1.85 Combi F/F Black,FRIDGE FREEZERS,PRODUCT,SALES_ONLY,1,True,False,False,RB34C600EB,Samsung 1.85 Combi F/F Black,FRIDGE FREEZERS,,,,,
1000,RB34C600EBN/EU,Samsung 1.85 Combi F/F Black,,PRODUCT,SOA_ONLY,1,False,False,True,,,,,,,RB34C600EBN/EU,Samsung 1.85 Combi F/F Black
1001,RB34C600ES,Samsung 1.85 Combi F/F St/St,FRIDGE FREEZERS,PRODUCT,SALES_ONLY,1,True,False,False,RB34C600ES,Samsung 1.85 Combi F/F St/St,FRIDGE FREEZERS,,,,,
1002,RB34C600ESA/EU,Samsung 1.85 Combi F/F St/St,,PRODUCT,SOA_ONLY,1,False,False,True,,,,,,,RB34C600ESA/EU,Samsung 1.85 Combi F/F St/St
1003,RB38C605DB1/EU,Samsung Samsung Frost Free Black Steel F/F,FRIDGE FREEZERS,PRODUCT,STOCK_ONLY,1,False,True,False,,,,RB38C605DB1/EU,Samsung Samsung Frost Free Black Steel F/F,FRIDGE FREEZERS,,
1004,RE1400,Liebherr 55cm White U/C Fridge with Handle,FRIDGES,PRODUCT,STOCK_ONLY,1,False,True,False,,,,RE1400,Liebherr 55cm White U/C Fridge with Handle,FRIDGES,,
1005,REV-ISTREA,Roberts Revival iStream 3L Black,INTERNET RADIOS,PRODUCT,SALES_ONLY,1,True,False,False,REV-ISTREA,Roberts Revival iStream 3L Black,INTERNET RADIOS,,,,,
1006,RF24BB620EB1EU,Samsung French Dr Blk St/St,USA F/F,PRODUCT,STOCK_ONLY,1,False,True,False,,,,RF24BB620EB1EU,Samsung French Dr Blk St/St,USA F/F,,
1007,RF24BB620ES9EU,Samsung French Dr St/St,USA F/F,PRODUCT,STOCK_ONLY,1,False,True,False,,,,RF24BB620ES9EU,Samsung French Dr St/St,USA F/F,,
1008,RF24BB620ESSAMSUNG,French Dr St/St,USA F/F,PRODUCT,SALES_ONLY,1,True,False,False,RF24BB620ESSamsung,French Dr St/St,USA F/F,,,,,
1009,RF48A401EB4/EU,Samsung Matt Black Non,,PRODUCT,SOA_ONLY,1,False,False,True,,,,,,,RF48A401EB4/EU,Samsung Matt Black Non
1010,RF48A401EM9/EU,Samsung French Style USA Matt,,PRODUCT,SOA_ONLY,1,False,False,True,,,,,,,RF48A401EM9/EU,Samsung French Style USA Matt
1011,RF48A401EM9SAMSUNG,French Style USA Matt,USA F/F,PRODUCT,SALES_ONLY,1,True,False,False,RF48A401EM9Samsung,French Style USA Matt,USA F/F,,,,,
1012,RF50C510ES9/EU,Samsung Inox 3 Dr French Style USA Fridge Freezer,USA F/F,PRODUCT,STOCK_ONLY,1,False,True,False,,,,RF50C510ES9/EU,Samsung Inox 3 Dr French Style USA Fridge Freezer,USA F/F,,
1013,RF605QNUVXF&P,St/St 905mm Quad Door Fridge,USA F/F,PRODUCT,SALES_ONLY,1,True,False,False,RF605QNUVXF&P,St/St 905mm Quad Door Fridge,USA F/F,,,,,
1014,RF610ADX6,FRENCH DOOR 900MM F/F ST/ST,USA F/F,PRODUCT,STOCK_ONLY,1,False,True,False,,,,RF610ADX6,FRENCH DOOR 900MM F/F ST/ST,USA F/F,,
1015,RF632N4WIE,HiSense 2000 x 70.40 St/St 4 Dr Fridge Freezer,USA F/F,PRODUCT,STOCK_ONLY,1,False,True,False,,,,RF632N4WIE,HiSense 2000 x 70.40 St/St 4 Dr Fridge Freezer,USA F/F,,
1016,RF65DG9H0EB1/E,Samsung Black Family Hub USA,,PRODUCT,SOA_ONLY,1,False,False,True,,,,,,,RF65DG9H0EB1/E,Samsung Black Family Hub USA
1017,RF65DG9H0ESR/E,Samsung Family Hub USA Fridge,,PRODUCT,SOA_ONLY,1,False,False,True,,,,,,,RF65DG9H0ESR/E,Samsung Family Hub USA Fridge
1018,RH4CLR1001,Russell Hobbs 4L Black Mini Cooler,FRIDGES,PRODUCT,SALES_ONLY,1,True,False,False,RH4CLR1001,Russell Hobbs 4L Black Mini Cooler,FRIDGES,,,,,
1019,RH4CLR1001B,Russell Hobbs 4L Black Mini Cooler,FRIDGES,PRODUCT,STOCK_ONLY,1,False,True,False,,,,RH4CLR1001B,Russell Hobbs 4L Black Mini Cooler,FRIDGES,,
1020,RHEKB6003,Russell Hobbs King Size Dual Ctrl,ELECTRIC BLANKETS,PRODUCT,SALES_ONLY,1,True,False,False,RHEKB6003,Russell Hobbs King Size Dual Ctrl,ELECTRIC BLANKETS,,,,,
1021,RHEM2301B,Russell Hobbs Flatbed Microwave 800W 23L,MICROWAVE OVENS,PRODUCT,STOCK_ONLY,1,False,True,False,,,,RHEM2301B,Russell Hobbs Flatbed Microwave 800W 23L,MICROWAVE OVENS,,
1022,RHESB6001,Russell Hobbs Single Blanket,ELECTRIC BLANKETS,PRODUCT,SALES_ONLY,1,True,False,False,RHESB6001,Russell Hobbs Single Blanket,ELECTRIC BLANKETS,,,,,
1023,RHM1731B,Russell Hobbs Black Microwave,MICROWAVE OVENS,PRODUCT,STOCK_ONLY,1,False,True,False,,,,RHM1731B,Russell Hobbs Black Microwave,MICROWAVE OVENS,,
1024,RHM1731G,Russell Hobbs Graphite Microwave,MICROWAVE OVENS,PRODUCT,STOCK_ONLY,1,False,True,False,,,,RHM1731G,Russell Hobbs Graphite Microwave,MICROWAVE OVENS,,
1025,RHM1731W,Russell Hobbs White Microwave,MICROWAVE OVENS,PRODUCT,STOCK_ONLY,1,False,True,False,,,,RHM1731W,Russell Hobbs White Microwave,MICROWAVE OVENS,,
1026,RHMM701B,Russell Hobbs 17L Manual 700w Solo Micro,MICROWAVE OVENS,PRODUCT,STOCK_ONLY,1,False,True,False,,,,RHMM701B,Russell Hobbs 17L Manual 700w Solo Micro,MICROWAVE OVENS,,
1027,RHMM701C,Russell Hobbs Cream Microwave 17L,MICROWAVE OVENS,PRODUCT,STOCK_ONLY,1,False,True,False,,,,RHMM701C,Russell Hobbs Cream Microwave 17L,MICROWAVE OVENS,,
1028,RHMM701R,Russell Hobbs Red Microwave 17L,MICROWAVE OVENS,PRODUCT,SALES_STOCK,2,True,True,False,RHMM701R,Russell Hobbs Red Microwave 17L,MICROWAVE OVENS,RHMM701R,Russell Hobbs Red Microwave 17L,MICROWAVE OVENS,,
1029,RHX7009TBB,LG 9kg Black Tumble Dryer,TUMBLE DRYERS,PRODUCT,STOCK_ONLY,1,False,True,False,,,,RHX7009TBB,LG 9kg Black Tumble Dryer,TUMBLE DRYERS,,
1030,RI860C,Indesit 60cm Ceramic Hob,HOBS,PRODUCT,STOCK_ONLY,1,False,True,False,,,,RI860C,Indesit 60cm Ceramic Hob,HOBS,,
1031,RIFF70306NM,Nordmende 70/30 Integrated Fridge Freezer,INT FRIDGE FREEZERS,PRODUCT,STOCK_ONLY,1,False,True,False,,,,RIFF70306NM,Nordmende 70/30 Integrated Fridge Freezer,INT FRIDGE FREEZERS,,
1032,RIFF7030NFC,NORDMENDE INT FRIDGE FREEZER,INT FRIDGE FREEZERS,PRODUCT,STOCK_ONLY,1,False,True,False,,,,RIFF7030NFC,NORDMENDE INT FRIDGE FREEZER,INT FRIDGE FREEZERS,,
1033,RK1568UK,Tefal 2.2L Rice Cooker,FOOD PREP,PRODUCT,SALES_ONLY,1,True,False,False,RK1568UK,Tefal 2.2L Rice Cooker,FOOD PREP,,,,,
1034,RM90F67CECEU,Samsung (Plumbed) Black Quad Door USA FF,USA F/F,PRODUCT,STOCK_ONLY,1,False,True,False,,,,RM90F67CECEU,Samsung (Plumbed) Black Quad Door USA FF,USA F/F,,
1035,RS57DG400EM9E,Samsung Silver Series 6 USA,,PRODUCT,SOA_ONLY,1,False,False,True,,,,,,,RS57DG400EM9E,Samsung Silver Series 6 USA
1036,RS68A884CSLSAMSUNG,USA Plumbed FF Ice &,USA F/F,PRODUCT,SALES_ONLY,1,True,False,False,RS68A884CSLSamsung,USA Plumbed FF Ice &,USA F/F,,,,,
1037,RS70F64KEF,Samsung Black St/St USA FF,USA F/F,PRODUCT,SALES_ONLY,1,True,False,False,RS70F64KEF,Samsung Black St/St USA FF,USA F/F,,,,,
1038,RS70F64KEFEU,Samsung Black St/St USA FF,USA F/F,PRODUCT,STOCK_SOA,2,False,True,True,,,,RS70F64KEFEU,Samsung Black St/St USA FF,USA F/F,RS70F64KEFEU,Samsung Black St/St USA FF
1039,RS70F64KET,Samsung USA Fridge Freezer,USA F/F,PRODUCT,SALES_ONLY,1,True,False,False,RS70F64KET,Samsung USA Fridge Freezer,USA F/F,,,,,
1040,RS70F64KETEU,Samsung Silver USA Fridge Freezer,USA F/F,PRODUCT,STOCK_SOA,2,False,True,True,,,,RS70F64KETEU,Samsung Silver USA Fridge Freezer,USA F/F,RS70F64KETEU,Samsung USA Fridge Freezer
1041,RS70F65KET,Samsung Silver St/St USA Fridge,USA F/F,PRODUCT,SALES_ONLY,1,True,False,False,RS70F65KET,Samsung Silver St/St USA Fridge,USA F/F,,,,,
1042,RS70F66KCFEU,Samsung Black USA Fridge,,PRODUCT,SOA_ONLY,1,False,False,True,,,,,,,RS70F66KCFEU,Samsung Black USA Fridge
1043,RS70F66KCTEU,Samsung Silver USA Fridge,,PRODUCT,SOA_ONLY,1,False,False,True,,,,,,,RS70F66KCTEU,Samsung Silver USA Fridge
1044,RS90F64EEFEU,Samsung 1780 x 912 Black St/St,,PRODUCT,SOA_ONLY,1,False,False,True,,,,,,,RS90F64EEFEU,Samsung 1780 x 912 Black St/St
1045,RS90F66BEFEU,Samsung Black Family Hob USA FF,USA F/F,PRODUCT,STOCK_SOA,2,False,True,True,,,,RS90F66BEFEU,Samsung Black Family Hob USA FF,USA F/F,RS90F66BEFEU,Samsung Black Family Hob USA
1046,RS90F66BETEU,Samsung Silver AI Family Hub,,PRODUCT,SOA_ONLY,1,False,False,True,,,,,,,RS90F66BETEU,Samsung Silver AI Family Hub
1047,RV2620WAUK,Shark Matrix Plus 2 in 1 2DC Self,,PRODUCT,SOA_ONLY,1,False,False,True,,,,,,,RV2620WAUK,Shark Matrix Plus 2 in 1 2DC Self
1048,RV2620WDUK,Shark Matrix Plus 2 in 1 Standard,,PRODUCT,SOA_ONLY,1,False,False,True,,,,,,,RV2620WDUK,Shark Matrix Plus 2 in 1 Standard
1049,S1000UK,Shark Pro Steam Mop,,PRODUCT,SOA_ONLY,1,False,False,True,,,,,,,S1000UK,Shark Pro Steam Mop
1050,S155HVX00G,Neff N50 60cm Integrated Dishwasher,INT DISHWASHERS,PRODUCT,SALES_STOCK,2,True,True,False,S155HVX00G,Neff N50 Integrated Dishwasher,INT DISHWASHERS,S155HVX00G,Neff N50 60cm Integrated Dishwasher,INT DISHWASHERS,,
1051,S187ZCX03G,Neff N70 Integrated Dishwasher,INT DISHWASHERS,PRODUCT,SALES_STOCK,2,True,True,False,S187ZCX03G,Neff N70 Integrated Dishwasher,INT DISHWASHERS,S187ZCX03G,Neff N70 Integrated Dishwasher,INT DISHWASHERS,,
1052,S197ZCX08G,Neff N70 Integrated Dishwasher,INT DISHWASHERS,PRODUCT,STOCK_ONLY,1,False,True,False,,,,S197ZCX08G,Neff N70 Integrated Dishwasher,INT DISHWASHERS,,
1053,S6001UK,Shark Kick N Flip Steam Pocket,,PRODUCT,SOA_ONLY,1,False,False,True,,,,,,,S6001UK,Shark Kick N Flip Steam Pocket
1054,S6003UK,Shark Klik N' Flip Steam Pocket Mop,STEAM CLEANERS,PRODUCT,SALES_ONLY,1,True,False,False,S6003UK,Shark Klik N' Flip Steam Pocket Mop,STEAM CLEANERS,,,,,
1055,S6005UK,Shark Floor & Handheld Steam,STEAM CLEANERS,PRODUCT,SALES_SOA,2,True,False,True,S6005UK,Shark Floor & Handheld Steam,STEAM CLEANERS,,,,S6005UK,Shark Floor & Handheld Steam
1056,S8201UK,Shark Steam & Scrub Automatic,,PRODUCT,SOA_ONLY,1,False,False,True,,,,,,,S8201UK,Shark Steam & Scrub Automatic
1057,S8500,Remington Shine Therapy,HAIRCARE,PRODUCT,SALES_ONLY,1,True,False,False,S8500,Remington Shine Therapy,HAIRCARE,,,,,
1058,S875HKX21G,Neff N50 Slimline 45cm Integrated,INT DISHWASHERS,PRODUCT,SALES_ONLY,1,True,False,False,S875HKX21G,Neff N50 Slimline 45cm Integrated,INT DISHWASHERS,,,,,
1059,S8930U51,Remington AIRvive Slim,,PRODUCT,SOA_ONLY,1,False,False,True,,,,,,,S8930U51,Remington AIRvive Slim
1060,SBB,Parquet Twister floor head (7155710),VACUUM ACCESSORIES,PRODUCT,SALES_ONLY,1,True,False,False,SBB,Parquet Twister floor head (7155710),VACUUM ACCESSORIES,,,,,
1061,SBL620SIL4GUK1,Sage Fresh & Furious Blender,,PRODUCT,SOA_ONLY,1,False,False,True,,,,,,,SBL620SIL4GUK1,Sage Fresh & Furious Blender
1062,SCA800ALM0ZEU1,the InFizz™ Fusion - Almond,,PRODUCT,SOA_ONLY,1,False,False,True,,,,,,,SCA800ALM0ZEU1,the InFizz™ Fusion - Almond
1063,SCA800BSS0ZEU1,Sage the InFizz Fusion St/St,,PRODUCT,SOA_ONLY,1,False,False,True,,,,,,,SCA800BSS0ZEU1,Sage the InFizz Fusion St/St
1064,SCA800BTR0ZEU1,Sage the InFizz Fusion Black,,PRODUCT,SOA_ONLY,1,False,False,True,,,,,,,SCA800BTR0ZEU1,Sage the InFizz Fusion Black
1065,SCA800DBL0ZEU1,Sage the InFizz Fusion Damson,,PRODUCT,SOA_ONLY,1,False,False,True,,,,,,,SCA800DBL0ZEU1,Sage the InFizz Fusion Damson
1066,SCA800DBL0ZSAGE,the InFizz Fusion Damson Blue,FOOD PREP,PRODUCT,SALES_ONLY,1,True,False,False,SCA800DBL0ZSage,the InFizz Fusion Damson Blue,FOOD PREP,,,,,
1067,SCA800NRE0ZEU1,Sage Noir The InFizz Sparkling,,PRODUCT,SOA_ONLY,1,False,False,True,,,,,,,SCA800NRE0ZEU1,Sage Noir The InFizz Sparkling
1068,SCA800SST0ZEU1,Sage the InFizz Fusion Sea Salt,,PRODUCT,SOA_ONLY,1,False,False,True,,,,,,,SCA800SST0ZEU1,Sage the InFizz Fusion Sea Salt
1069,SD200UK,Shark SteamPickUp Hard Floor,STEAM CLEANERS,PRODUCT,SALES_SOA,2,True,False,True,SD200UK,Shark SteamPickUp Hard Floor,STEAM CLEANERS,,,,SD200UK,Shark SteamPickUp Hard Floor
1070,SDB373,Microfibre Numatic Henry Bags,VACUUM BAGS,PRODUCT,SALES_ONLY,1,True,False,False,SDB373,Microfibre Numatic Henry Bags,VACUUM BAGS,,,,,
1071,SE1504FA-NJ,"Asus 15.6"" R3 8GB/128GB",LAPTOPS,PRODUCT,SALES_ONLY,1,True,False,False,SE1504FA-NJ,"Asus 15.6"" R3 8GB/128GB",LAPTOPS,,,,,
1072,SEA501BSS0,Sage The Knock Box 10,COFFEE ACCESSORIES,PRODUCT,SALES_ONLY,1,True,False,False,SEA501BSS0,Sage The Knock Box 10,COFFEE ACCESSORIES,,,,,
1073,SEA501BTR0,The Knock Box 10 - Black Truffle,ACCESSORIES,PRODUCT,SALES_ONLY,1,True,False,False,SEA501BTR0,The Knock Box 10 - Black Truffle,ACCESSORIES,,,,,
1074,SEC250NEU0,Sage Espresso Cleaning Tablets,ACCESSORIES,PRODUCT,SALES_ONLY,1,True,False,False,SEC250NEU0,Sage Espresso Cleaning Tablets,ACCESSORIES,,,,,
1075,SES003BSS0,Sage Temperature Control Jug St,ACCESSORIES,PRODUCT,SALES_ONLY,1,True,False,False,SES003BSS0,Sage Temperature Control Jug St,ACCESSORIES,,,,,
1076,SES007NEU0,Sage Descaler (pack of 4),ACCESSORIES,PRODUCT,SALES_ONLY,1,True,False,False,SES007NEU0,Sage Descaler (pack of 4),ACCESSORIES,,,,,
1077,SES008WHT0SAGE,Claro Swiss Water Filter,ACCESSORIES,PRODUCT,SALES_ONLY,1,True,False,False,SES008WHT0Sage,Claro Swiss Water Filter,ACCESSORIES,,,,,
1078,SES876ALM4,The Barista Express Impress Almond,COFFEE MAKERS,PRODUCT,SALES_ONLY,1,True,False,False,SES876ALM4,The Barista Express Impress Almond,COFFEE MAKERS,,,,,
1079,SES876ALM4GUK1,The Barista Express Impress,,PRODUCT,SOA_ONLY,1,False,False,True,,,,,,,SES876ALM4GUK1,The Barista Express Impress
1080,SES876BSS4,Sage Barista Express Impress St/St,COFFEE MAKERS,PRODUCT,SALES_ONLY,1,True,False,False,SES876BSS4,Sage Barista Express Impress St/St,COFFEE MAKERS,,,,,
1081,SES876BSS4GUK1,Sage Barista Express Impress,,PRODUCT,SOA_ONLY,1,False,False,True,,,,,,,SES876BSS4GUK1,Sage Barista Express Impress
1082,SES876DBL4,Sage Barista Express Impress,COFFEE MAKERS,PRODUCT,SALES_ONLY,1,True,False,False,SES876DBL4,Sage Barista Express Impress,COFFEE MAKERS,,,,,
1083,SES876DBL4GUK1,Sage Barista Express Impress,,PRODUCT,SOA_ONLY,1,False,False,True,,,,,,,SES876DBL4GUK1,Sage Barista Express Impress
1084,SES876RVC4GUK1,Sage Red Barista Express,,PRODUCT,SOA_ONLY,1,False,False,True,,,,,,,SES876RVC4GUK1,Sage Red Barista Express
1085,SES876SST4GUK1,Sage Barista Express Impress,,PRODUCT,SOA_ONLY,1,False,False,True,,,,,,,SES876SST4GUK1,Sage Barista Express Impress
1086,SES878BSS4,"Sage Coffee Machine""The Barista",COFFEE MAKERS,PRODUCT,SALES_ONLY,1,True,False,False,SES878BSS4,"Sage Coffee Machine""The Barista",COFFEE MAKERS,,,,,
1087,SES878BSS4GEU1,"Sage Coffee Machine""The Barista",,PRODUCT,SOA_ONLY,1,False,False,True,,,,,,,SES878BSS4GEU1,"Sage Coffee Machine""The Barista"
1088,SES878BTR4,Sage Black Truffle Barista Pro,COFFEE MAKERS,PRODUCT,SALES_ONLY,1,True,False,False,SES878BTR4,Sage Black Truffle Barista Pro,COFFEE MAKERS,,,,,
1089,SES881ALM4GUK1,The Barista Touch Impress,,PRODUCT,SOA_ONLY,1,False,False,True,,,,,,,SES881ALM4GUK1,The Barista Touch Impress
1090,SES881BSS4,Sage Barista Touch Impress,COFFEE MAKERS,PRODUCT,SALES_ONLY,1,True,False,False,SES881BSS4,Sage Barista Touch Impress,COFFEE MAKERS,,,,,
1091,SES881BSS4GUK1,Sage Barista Touch Impress,,PRODUCT,SOA_ONLY,1,False,False,True,,,,,,,SES881BSS4GUK1,Sage Barista Touch Impress
1092,SES881BTR4,Sage Black Truffle Barista Touch,COFFEE MAKERS,PRODUCT,SALES_ONLY,1,True,False,False,SES881BTR4,Sage Black Truffle Barista Touch,COFFEE MAKERS,,,,,
1093,SES882BSS4GUK1,The Barista Touch Impress St/St,,PRODUCT,SOA_ONLY,1,False,False,True,,,,,,,SES882BSS4GUK1,The Barista Touch Impress St/St
1094,SES995BSS4,SAGE ORACLE DUAL BOILER,COFFEE MAKERS,PRODUCT,SALES_ONLY,1,True,False,False,SES995BSS4,SAGE ORACLE DUAL BOILER,COFFEE MAKERS,,,,,
1095,SES995BSS4GUK1,SAGE ORACLE DUAL BOILER,,PRODUCT,SOA_ONLY,1,False,False,True,,,,,,,SES995BSS4GUK1,SAGE ORACLE DUAL BOILER
1096,SFP6301TVN,Smeg Black Single Oven,SINGLE OVENS,PRODUCT,SALES_ONLY,1,True,False,False,SFP6301TVN,Smeg Black Single Oven,SINGLE OVENS,,,,,
1097,SFP638ALM4GUK1,The Paradice 9 Almond Nougat,,PRODUCT,SOA_ONLY,1,False,False,True,,,,,,,SFP638ALM4GUK1,The Paradice 9 Almond Nougat
1098,SFP6401TB,Smeg Blk Selezione Aesthetic Single Oven,SINGLE OVENS,PRODUCT,STOCK_ONLY,1,False,True,False,,,,SFP6401TB,Smeg Blk Selezione Aesthetic Single Oven,SINGLE OVENS,,
1099,SFP700UK,"Ninja Combi 12-In-1 Multi-Cooker,",,PRODUCT,SOA_ONLY,1,False,False,True,,,,,,,SFP700UK,"Ninja Combi 12-In-1 Multi-Cooker,"
1100,SHPP0369,HP (3YM60AE) 305 Ink Cartridge,INK,PRODUCT,SALES_ONLY,1,True,False,False,SHPP0369,HP (3YM60AE) 305 Ink Cartridge,INK,,,,,
1101,SHPP0389,HP (3YM61AE) 305 Ink Cartridge,INK,PRODUCT,SALES_ONLY,1,True,False,False,SHPP0389,HP (3YM61AE) 305 Ink Cartridge,INK,,,,,
1102,SI2641D,Smeg 60cm 7.2kW Induction Hob,HOBS,PRODUCT,SALES_STOCK,2,True,True,False,SI2641D,Smeg 60cm 7.2kW Induction Hob,HOBS,SI2641D,Smeg 60cm 7.2kW Induction Hob,HOBS,,
1103,SI2B22641D,Smeg 60cm Musa Induction Hob,HOBS,PRODUCT,STOCK_ONLY,1,False,True,False,,,,SI2B22641D,Smeg 60cm Musa Induction Hob,HOBS,,
1104,SI2B22741D,Smeg 75cm Musa Induction Hob,HOBS,PRODUCT,STOCK_ONLY,1,False,True,False,,,,SI2B22741D,Smeg 75cm Musa Induction Hob,HOBS,,
1105,SI3055BK,Braun 2400W Iron,IRONS,PRODUCT,SALES_ONLY,1,True,False,False,SI3055BK,Braun 2400W Iron,IRONS,,,,,
1106,SI5008BL,Braun Iron,IRONS,PRODUCT,SALES_ONLY,1,True,False,False,SI5008BL,Braun Iron,IRONS,,,,,
1107,SIFNDI5188,Liebherr Int Freezer with Ice Maker,INT FREEZERS,PRODUCT,SALES_STOCK,2,True,True,False,SIFNDI5188,Liebherr Int Freezer with Ice Maker,INT FREEZERS,SIFNDI5188,Liebherr Int Freezer with Ice Maker,INT FREEZERS,,
1108,SIFNE5108,Liebherr Integrated No Frost Freezer,INT FREEZERS,PRODUCT,SALES_STOCK,2,True,True,False,SIFNE5108,Liebherr Integrated No Frost Freezer,INT FREEZERS,SIFNE5108,Liebherr Integrated No Frost Freezer,INT FREEZERS,,
1109,SJB815BSS2GUK1,Sage Bluicer Pro,,PRODUCT,SOA_ONLY,1,False,False,True,,,,,,,SJB815BSS2GUK1,Sage Bluicer Pro
1110,SJE530BSS4GUK1,Sage Nutri Juicer Cold Plus,,PRODUCT,SOA_ONLY,1,False,False,True,,,,,,,SJE530BSS4GUK1,Sage Nutri Juicer Cold Plus
1111,SK3605ZC-N1ASUS,"VivoBook 16"" C-i7 12650H RTX",LAPTOPS,PRODUCT,SALES_ONLY,1,True,False,False,SK3605ZC-N1Asus,"VivoBook 16"" C-i7 12650H RTX",LAPTOPS,,,,,
1112,SKC01BLM,Smeg Black Soda Maker,,PRODUCT,SOA_ONLY,1,False,False,True,,,,,,,SKC01BLM,Smeg Black Soda Maker
1113,SKC01EGM,Smeg Emerald Green Soda Maker,,PRODUCT,SOA_ONLY,1,False,False,True,,,,,,,SKC01EGM,Smeg Emerald Green Soda Maker
1114,SKC01SBM,Smeg Storm Blue Soda Maker,,PRODUCT,SOA_ONLY,1,False,False,True,,,,,,,SKC01SBM,Smeg Storm Blue Soda Maker
1115,SKC01WHM,Smeg Soda Maker,,PRODUCT,SOA_ONLY,1,False,False,True,,,,,,,SKC01WHM,Smeg Soda Maker
1116,SKE735BST4,Sage Black St/St Kettle,KETTLES,PRODUCT,SALES_ONLY,1,True,False,False,SKE735BST4,Sage Black St/St Kettle,KETTLES,,,,,
1117,SKE735BTR4,Sage Black Truffle Kettle,KETTLES,PRODUCT,SALES_ONLY,1,True,False,False,SKE735BTR4,Sage Black Truffle Kettle,KETTLES,,,,,
1118,SKE735SFB4,Sage Saffron Luxe Kettle,KETTLES,PRODUCT,SALES_ONLY,1,True,False,False,SKE735SFB4,Sage Saffron Luxe Kettle,KETTLES,,,,,
1119,SL300UK,Ninja Double Stack 2 Drawer Air,FOOD PREP,PRODUCT,SALES_SOA,2,True,False,True,SL300UK,Ninja Double Stack 2 Drawer Air,FOOD PREP,,,,SL300UK,Ninja Double Stack 2 Drawer Air
1120,SL400UK,Ninja Double Stacked Air Fryer,FRYERS,PRODUCT,SALES_SOA,2,True,False,True,SL400UK,Ninja Double Stacked Air Fryer,FRYERS,,,,SL400UK,Ninja Double Stacked Air Fryer
1121,SM-A175FZKB,Samsung Galaxy A17 Black 128GB,TELEPHONES,PRODUCT,SALES_ONLY,1,True,False,False,SM-A175FZKB,Samsung Galaxy A17 Black 128GB,TELEPHONES,,,,,
1122,SM-A176BZKA,Samsung Galaxy A17 5G Black,TELEPHONES,PRODUCT,SALES_ONLY,1,True,False,False,SM-A176BZKA,Samsung Galaxy A17 5G Black,TELEPHONES,,,,,
1123,SM-A176BZKASAMSUNG,Galaxy A17 5G Black,TELEPHONES,PRODUCT,SALES_ONLY,1,True,False,False,SM-A176BZKASamsung,Galaxy A17 5G Black,TELEPHONES,,,,,
1124,SM-A266BZKC,Galaxy A26 5G 256GB Black,TELEPHONES,PRODUCT,SALES_ONLY,1,True,False,False,SM-A266BZKC,Galaxy A26 5G 256GB Black,TELEPHONES,,,,,
1125,SM-A266BZKCEUB,Galaxy A26 5G 256GB Black,,PRODUCT,SOA_ONLY,1,False,False,True,,,,,,,SM-A266BZKCEUB,Galaxy A26 5G 256GB Black
1126,SM-A266BZKCGALAXY,A26 5G 256GB Black,TELEPHONES,PRODUCT,SALES_ONLY,1,True,False,False,SM-A266BZKCGalaxy,A26 5G 256GB Black,TELEPHONES,,,,,
1127,SM-A366BZK,Samsung Galaxy A36 5G 256GB,TELEPHONES,PRODUCT,SALES_ONLY,1,True,False,False,SM-A366BZK,Samsung Galaxy A36 5G 256GB,TELEPHONES,,,,,
1128,SM-R630NZA,Samsung Buds 3 Pro Silver,HEADPHONES,PRODUCT,SALES_ONLY,1,True,False,False,SM-R630NZA,Samsung Buds 3 Pro Silver,HEADPHONES,,,,,
1129,SM-X110NDB,Galaxy Tab A9 DARK BLUE WIFI,TABLETS,PRODUCT,SALES_ONLY,1,True,False,False,SM-X110NDB,Galaxy Tab A9 DARK BLUE WIFI,TABLETS,,,,,
1130,SM-X130NZAAEUB,Samsung Galaxy Tab A11 64GB,,PRODUCT,SOA_ONLY,1,False,False,True,,,,,,,SM-X130NZAAEUB,Samsung Galaxy Tab A11 64GB
1131,SM-X130NZSAEUB,Samsung Galaxy Tab A11 64GB,,PRODUCT,SOA_ONLY,1,False,False,True,,,,,,,SM-X130NZSAEUB,Samsung Galaxy Tab A11 64GB
1132,SM-X210NZAAEUB,Galaxy Tab A9+ GRAY WIFI,,PRODUCT,SOA_ONLY,1,False,False,True,,,,,,,SM-X210NZAAEUB,Galaxy Tab A9+ GRAY WIFI
1133,SM-X210NZAAGALAXY,Tab A9+ GRAY WIFI 64GB,TABLETS,PRODUCT,SALES_ONLY,1,True,False,False,SM-X210NZAAGalaxy,Tab A9+ GRAY WIFI 64GB,TABLETS,,,,,
1134,SM-X230NZS,Samsung Galaxy Tab A11+ 128GB,TABLETS,PRODUCT,SALES_ONLY,1,True,False,False,SM-X230NZS,Samsung Galaxy Tab A11+ 128GB,TABLETS,,,,,
1135,SMO870BSS4GEU,Sage Combi Wave 3 in 1,,PRODUCT,SOA_ONLY,1,False,False,True,,,,,,,SMO870BSS4GEU,Sage Combi Wave 3 in 1
1136,SMO870BSS4GEU1,Sage Combi Wave 3 in 1,MICROWAVE OVENS,PRODUCT,STOCK_ONLY,1,False,True,False,,,,SMO870BSS4GEU1,Sage Combi Wave 3 in 1,MICROWAVE OVENS,,
1137,SMO870BST4,the Combi Wave 3 in 1,MICROWAVE OVENS,PRODUCT,SALES_ONLY,1,True,False,False,SMO870BST4,the Combi Wave 3 in 1,MICROWAVE OVENS,,,,,
1138,SMP778C/NE/IXL,Whirlpool (F104125) SmartCook 77cm 8 Zone Inductio,HOBS,PRODUCT,STOCK_ONLY,1,False,True,False,,,,SMP778C/NE/IXL,Whirlpool (F104125) SmartCook 77cm 8 Zone Inductio,HOBS,,
1139,SMV2HTX02G,*Bosch Series 2 Integrated Dishwasher,INT DISHWASHERS,PRODUCT,STOCK_ONLY,1,False,True,False,,,,SMV2HTX02G,*Bosch Series 2 Integrated Dishwasher,INT DISHWASHERS,,
1140,SMV4EAX23GBOSCH,Series 4 60cm Integrated,INT DISHWASHERS,PRODUCT,SALES_ONLY,1,True,False,False,SMV4EAX23GBosch,Series 4 60cm Integrated,INT DISHWASHERS,,,,,
1141,SMV4HVX00G,*Bosch Series 4 Integrated Dishwasher,INT DISHWASHERS,PRODUCT,STOCK_ONLY,1,False,True,False,,,,SMV4HVX00G,*Bosch Series 4 Integrated Dishwasher,INT DISHWASHERS,,
1142,SMV4HVX00GBOSCH,Series 4 Integrated,INT DISHWASHERS,PRODUCT,SALES_ONLY,1,True,False,False,SMV4HVX00GBosch,Series 4 Integrated,INT DISHWASHERS,,,,,
1143,SMV6ZCX10G,Bosch NEW Series 6 Integrated Dishwasher,INT DISHWASHERS,PRODUCT,STOCK_ONLY,1,False,True,False,,,,SMV6ZCX10G,Bosch NEW Series 6 Integrated Dishwasher,INT DISHWASHERS,,
1144,SMV6ZCX10GBOSCH,NEW Series 6 Integrated,INT DISHWASHERS,PRODUCT,SALES_ONLY,1,True,False,False,SMV6ZCX10GBosch,NEW Series 6 Integrated,INT DISHWASHERS,,,,,
1145,SN25EI13CE,Siemens 60cm Brushed St/Seel Dishwasher,DISHWASHERS,PRODUCT,STOCK_ONLY,1,False,True,False,,,,SN25EI13CE,Siemens 60cm Brushed St/Seel Dishwasher,DISHWASHERS,,
1146,SN73HX03VG,Siemens IQ300 Integrated Dishwasher,INT DISHWASHERS,PRODUCT,STOCK_ONLY,1,False,True,False,,,,SN73HX03VG,Siemens IQ300 Integrated Dishwasher,INT DISHWASHERS,,
1147,SN73HX10VG,Siemens iQ300 Integrated Dishwasher,INT DISHWASHERS,PRODUCT,STOCK_ONLY,1,False,True,False,,,,SN73HX10VG,Siemens iQ300 Integrated Dishwasher,INT DISHWASHERS,,
1148,SN95EX12CG,Siemens iQ500 Integrated Dishwasher,INT DISHWASHERS,PRODUCT,STOCK_ONLY,1,False,True,False,,,,SN95EX12CG,Siemens iQ500 Integrated Dishwasher,INT DISHWASHERS,,
1149,SN95YX02CG,Siemens IQ500 Integrated Dishwasher,INT DISHWASHERS,PRODUCT,SALES_STOCK,2,True,True,False,SN95YX02CG,Siemens IQ500 Integrated,INT DISHWASHERS,SN95YX02CG,Siemens IQ500 Integrated Dishwasher,INT DISHWASHERS,,
1150,SO107IX,Nordmende St/St Single Oven,SINGLE OVENS,PRODUCT,STOCK_ONLY,1,False,True,False,,,,SO107IX,Nordmende St/St Single Oven,SINGLE OVENS,,
1151,SOV860BSS4GUK1,Sage Smart Oven/Air Fryer,,PRODUCT,SOA_ONLY,1,False,False,True,,,,,,,SOV860BSS4GUK1,Sage Smart Oven/Air Fryer
1152,SP-LFF3CLAXXXU,Samsung The Freestyle Projector,,PRODUCT,SOA_ONLY,1,False,False,True,,,,,,,SP-LFF3CLAXXXU,Samsung The Freestyle Projector
1153,SP01Z01Z321,Nokia C22 - 2+64GB Black,TELEPHONES,PRODUCT,SALES_ONLY,1,True,False,False,SP01Z01Z321,Nokia C22 - 2+64GB Black,TELEPHONES,,,,,
1154,SPR680BSS2GUK1,Sage Slow Cooker,,PRODUCT,SOA_ONLY,1,False,False,True,,,,,,,SPR680BSS2GUK1,Sage Slow Cooker
1155,SPS2IKW01G,Bosch White 45cm Slimline,DISHWASHERS,PRODUCT,SALES_ONLY,1,True,False,False,SPS2IKW01G,Bosch White 45cm Slimline,DISHWASHERS,,,,,
1156,ST200UK,Ninja Foodi 3 in 1 Toaster &,,PRODUCT,SOA_ONLY,1,False,False,True,,,,,,,ST200UK,Ninja Foodi 3 in 1 Toaster &
1157,ST202UK,Ninja Foodi 3 in 1,,PRODUCT,SOA_ONLY,1,False,False,True,,,,,,,ST202UK,Ninja Foodi 3 in 1
1158,STA735BTR4,Sage Black Truffle Toaster,TOASTERS,PRODUCT,SALES_ONLY,1,True,False,False,STA735BTR4,Sage Black Truffle Toaster,TOASTERS,,,,,
1159,STA735SFB4,Sage Saffron Luxe Toaster,TOASTERS,PRODUCT,SALES_ONLY,1,True,False,False,STA735SFB4,Sage Saffron Luxe Toaster,TOASTERS,,,,,
1160,SUBM1UK1BLSONOS,Sub Mini Black,HOME CINEMA,PRODUCT,SALES_ONLY,1,True,False,False,SUBM1UK1BLSonos,Sub Mini Black,HOME CINEMA,,,,,
1161,SV1240,One For All Total Control Amplified,TV ACCESSORIES,PRODUCT,SALES_ONLY,1,True,False,False,SV1240,One For All Total Control Amplified,TV ACCESSORIES,,,,,
1162,SV93605G,OFA Digi ANT Indoor Amp to 45dB,ACCESSORIES,PRODUCT,SALES_ONLY,1,True,False,False,SV93605G,OFA Digi ANT Indoor Amp to 45dB,ACCESSORIES,,,,,
1163,SX1504VA-NJ,ASUS 15.6” FHD Intel C-i5 16GB,LAPTOPS,PRODUCT,SALES_ONLY,1,True,False,False,SX1504VA-NJ,ASUS 15.6” FHD Intel C-i5 16GB,LAPTOPS,,,,,
1164,T16NBE1L,Neff N50 60cm Hob,HOBS,PRODUCT,SALES_ONLY,1,True,False,False,T16NBE1L,Neff N50 60cm Hob,HOBS,,,,,
1165,T2070G10,Eufy Robot Vacuum 3-in-1 E20,ROBOT CLEANING,PRODUCT,SALES_ONLY,1,True,False,False,T2070G10,Eufy Robot Vacuum 3-in-1 E20,ROBOT CLEANING,,,,,
1166,T2080GA1,Eufy Robot Vacuum S1 Pro,ROBOT CLEANING,PRODUCT,SALES_ONLY,1,True,False,False,T2080GA1,Eufy Robot Vacuum S1 Pro,ROBOT CLEANING,,,,,
1167,T2351V11,Eufy Robot Vaccum X10 Pro Omni,ROBOT CLEANING,PRODUCT,SALES_ONLY,1,True,False,False,T2351V11,Eufy Robot Vaccum X10 Pro Omni,ROBOT CLEANING,,,,,
1168,T2351V11-81,Dust Bags * 2 - for X10 Pro Omni,VACUUM BAGS,PRODUCT,SALES_ONLY,1,True,False,False,T2351V11-81,Dust Bags * 2 - for X10 Pro Omni,VACUUM BAGS,,,,,
1169,T2353V11,eufy Robot Vacuum Omni E25,ROBOT CLEANING,PRODUCT,SALES_ONLY,1,True,False,False,T2353V11,eufy Robot Vacuum Omni E25,ROBOT CLEANING,,,,,
1170,T25DCKMDBL,THOR OVEN & HOB PACK,OVEN & HOB PACK,PRODUCT,STOCK_ONLY,1,False,True,False,,,,T25DCKMDBL,THOR OVEN & HOB PACK,OVEN & HOB PACK,,
1171,T26CIP8N0,*Neff N70 60cm St/St Gas Hob,GAS HOBS,PRODUCT,STOCK_ONLY,1,False,True,False,,,,T26CIP8N0,*Neff N70 60cm St/St Gas Hob,GAS HOBS,,
1172,T27CIQ8N0,Neff N70 75cm St/St Gas Hob,GAS HOBS,PRODUCT,STOCK_ONLY,1,False,True,False,,,,T27CIQ8N0,Neff N70 75cm St/St Gas Hob,GAS HOBS,,
1173,T36FBE1L0,*Neff N30 60cm Induction Hob,HOBS,PRODUCT,STOCK_ONLY,1,False,True,False,,,,T36FBE1L0,*Neff N30 60cm Induction Hob,HOBS,,
1174,T58FHW1L0,Neff N70 80cm Induction Hob,HOBS,PRODUCT,SALES_STOCK,2,True,True,False,T58FHW1L0,Neff N70 80cm Induction Hob,HOBS,T58FHW1L0,Neff N70 80cm Induction Hob,HOBS,,
1175,T81703W1,Eufy SoloCam S340 2K Dual Lens,SECURITY,PRODUCT,SALES_ONLY,1,True,False,False,T81703W1,Eufy SoloCam S340 2K Dual Lens,SECURITY,,,,,
1176,T8223312,Eufy Video doorbell C31,SECURITY,PRODUCT,SALES_ONLY,1,True,False,False,T8223312,Eufy Video doorbell C31,SECURITY,,,,,
1177,T88923W1,EufyCam S3 Pro 2-Cam Kit,SECURITY,PRODUCT,SALES_ONLY,1,True,False,False,T88923W1,EufyCam S3 Pro 2-Cam Kit,SECURITY,,,,,
1178,TAPOA200,Tapo Solar Panel,IT ACCESSORIES,PRODUCT,SALES_ONLY,1,True,False,False,TAPOA200,Tapo Solar Panel,IT ACCESSORIES,,,,,
1179,TAPOC100,Tapo Home Security Wifi Camera,SECURITY,PRODUCT,SALES_SOA,2,True,False,True,TAPOC100,Tapo Home Security Wifi Camera,SECURITY,,,,TAPOC100,Tapo Home Security Wifi Camera
1180,TAPOC200,Tapo Pan/Tilt Home Security Wifi,,PRODUCT,SOA_ONLY,1,False,False,True,,,,,,,TAPOC200,Tapo Pan/Tilt Home Security Wifi
1181,TAPOC310,Tapo Outdoor Smart Security,,PRODUCT,SOA_ONLY,1,False,False,True,,,,,,,TAPOC310,Tapo Outdoor Smart Security
1182,TAPOC320WS,Outdoor Security Wi-Fi Camera,,PRODUCT,SOA_ONLY,1,False,False,True,,,,,,,TAPOC320WS,Outdoor Security Wi-Fi Camera
1183,TAPOC410,Smart Wire-Free Indoor/Outdoor,,PRODUCT,SOA_ONLY,1,False,False,True,,,,,,,TAPOC410,Smart Wire-Free Indoor/Outdoor
1184,TAPOC425,Smart Wire-Free Security Camera,,PRODUCT,SOA_ONLY,1,False,False,True,,,,,,,TAPOC425,Smart Wire-Free Security Camera
1185,TAPOC425KIT,TP Link Solar-Powered Security,,PRODUCT,SOA_ONLY,1,False,False,True,,,,,,,TAPOC425KIT,TP Link Solar-Powered Security
1186,TAPOC460,TapoC460 Battery Pwr Outdoor,,PRODUCT,SOA_ONLY,1,False,False,True,,,,,,,TAPOC460,TapoC460 Battery Pwr Outdoor
1187,TAPOC460KIT,TapoC460 Solar Pwr Outdoor,,PRODUCT,SOA_ONLY,1,False,False,True,,,,,,,TAPOC460KIT,TapoC460 Solar Pwr Outdoor
1188,TAPOC500,Tapo Outdoor Pan/Tilt Security,,PRODUCT,SOA_ONLY,1,False,False,True,,,,,,,TAPOC500,Tapo Outdoor Pan/Tilt Security
1189,TAPOC520WSTAPO,C520WS OUTDOORPAN,SECURITY,PRODUCT,SALES_ONLY,1,True,False,False,TAPOC520WSTAPO,C520WS OUTDOORPAN,SECURITY,,,,,
1190,TAPOD210,Smart Video Doorbell Camera,SECURITY,PRODUCT,SALES_SOA,2,True,False,True,TAPOD210,Smart Video Doorbell Camera,SECURITY,,,,TAPOD210,Smart Video Doorbell Camera
1191,TAPOL510B,Tapo Smart Wifi Dimmable Bayonet,BULBS,PRODUCT,SALES_SOA,2,True,False,True,TAPOL510B,Tapo Smart Wifi Dimmable Bayonet,BULBS,,,,TAPOL510B,Tapo Smart Wifi Dimmable
1192,TAPOL510E,Tapo Smart Wifi Dimmable,,PRODUCT,SOA_ONLY,1,False,False,True,,,,,,,TAPOL510E,Tapo Smart Wifi Dimmable
1193,TAPOL530B,Tapo Smart WiFi Multicolur,,PRODUCT,SOA_ONLY,1,False,False,True,,,,,,,TAPOL530B,Tapo Smart WiFi Multicolur
1194,TAPOL530E,Tapo Smart WiFi Multicolur Screw,BULBS,PRODUCT,SALES_SOA,2,True,False,True,TAPOL530E,Tapo Smart WiFi Multicolur Screw,BULBS,,,,TAPOL530E,Tapo Smart WiFi Multicolur Screw
1195,TAPOL9205,"Tapo Smart Light Strip, Multicolour",BULBS,PRODUCT,SALES_SOA,2,True,False,True,TAPOL9205,"Tapo Smart Light Strip, Multicolour",BULBS,,,,TAPOL9205,"Tapo Smart Light Strip,"
1196,TAPOP100,Tapo Mini Smart Wifi Socket,IT ACCESSORIES,PRODUCT,SALES_ONLY,1,True,False,False,TAPOP100,Tapo Mini Smart Wifi Socket,IT ACCESSORIES,,,,,
1197,TAPOP110,"TP Link Mini Smart Wi-Fi Socket, En",IT ACCESSORIES,PRODUCT,SALES_ONLY,1,True,False,False,TAPOP110,"TP Link Mini Smart Wi-Fi Socket, En",IT ACCESSORIES,,,,,
1198,TAPOP1102P,TP LINK SMART WIFI SOCKET 2,IT ACCESSORIES,PRODUCT,SALES_ONLY,1,True,False,False,TAPOP1102P,TP LINK SMART WIFI SOCKET 2,IT ACCESSORIES,,,,,
1199,TAPOT100,Tapo Smart Motion Sensor,SECURITY,PRODUCT,SALES_ONLY,1,True,False,False,TAPOT100,Tapo Smart Motion Sensor,SECURITY,,,,,
1200,TAPOT110,Tapo Smart Contact Sensor,,PRODUCT,SOA_ONLY,1,False,False,True,,,,,,,TAPOT110,Tapo Smart Contact Sensor
1201,TB201UK,Ninja Detect Power Blender Pro,,PRODUCT,SOA_ONLY,1,False,False,True,,,,,,,TB201UK,Ninja Detect Power Blender Pro
1202,TB301UK,Ninja Detect Duo Power Blender Pro,BLENDERS,PRODUCT,SALES_SOA,2,True,False,True,TB301UK,Ninja Detect Duo Power Blender Pro,BLENDERS,,,,TB301UK,Ninja Detect Duo Power Blender
1203,TB401UK,Ninja Detect Power Blender &,,PRODUCT,SOA_ONLY,1,False,False,True,,,,,,,TB401UK,Ninja Detect Power Blender &
1204,TC1714,"Tech Charge 12,000ma 1x USBC 2 x",IT ACCESSORIES,PRODUCT,SALES_ONLY,1,True,False,False,TC1714,"Tech Charge 12,000ma 1x USBC 2 x",IT ACCESSORIES,,,,,
1205,TC1737,TechCharge 5000ma Black Charger/,IT ACCESSORIES,PRODUCT,SALES_ONLY,1,True,False,False,TC1737,TechCharge 5000ma Black Charger/,IT ACCESSORIES,,,,,
1206,TCP05.C0DG,Kenwood Abbey Rose Gold Toaster,TOASTERS,PRODUCT,SALES_ONLY,1,True,False,False,TCP05.C0DG,Kenwood Abbey Rose Gold Toaster,TOASTERS,,,,,
1207,TDHPB80WH,NORDMENDE HEAT PUMP DRYER,TUMBLE DRYERS,PRODUCT,STOCK_ONLY,1,False,True,False,,,,TDHPB80WH,NORDMENDE HEAT PUMP DRYER,TUMBLE DRYERS,,
1208,TE7PB731AB,AEG PYRO BLACK SINGLE OVEN,SINGLE OVENS,PRODUCT,STOCK_ONLY,1,False,True,False,,,,TE7PB731AB,AEG PYRO BLACK SINGLE OVEN,SINGLE OVENS,,
1209,TE7PB731AT,AEG Pyroclean Black Single Oven,SINGLE OVENS,PRODUCT,STOCK_ONLY,1,False,True,False,,,,TE7PB731AT,AEG Pyroclean Black Single Oven,SINGLE OVENS,,
1210,TEA525WP,Miele 12736680 8kg Heat Pump Tumble Dryer,TUMBLE DRYERS,PRODUCT,STOCK_ONLY,1,False,True,False,,,,TEA525WP,Miele 12736680 8kg Heat Pump Tumble Dryer,TUMBLE DRYERS,,
1211,TEC645WP,Miele 12736690 8kg Heat Pump Dryer,TUMBLE DRYERS,PRODUCT,STOCK_ONLY,1,False,True,False,,,,TEC645WP,Miele 12736690 8kg Heat Pump Dryer,TUMBLE DRYERS,,
1212,TED645WP,Miele 9kg Eco 12736700 Speed Heatpump Dryer,TUMBLE DRYERS,PRODUCT,STOCK_ONLY,1,False,True,False,,,,TED645WP,Miele 9kg Eco 12736700 Speed Heatpump Dryer,TUMBLE DRYERS,,
1213,TEH785WP,Miele 12736710 9kg Heat Pump Dryer,TUMBLE DRYERS,PRODUCT,SALES_STOCK,2,True,True,False,TEH785WP,Miele 11871830 9kg Heat Pump,TUMBLE DRYERS,TEH785WP,Miele 12736710 9kg Heat Pump Dryer,TUMBLE DRYERS,,
1214,TEL785WP,Miele 11871900 9kg Tumble Dryer,TUMBLE DRYERS,PRODUCT,STOCK_ONLY,1,False,True,False,,,,TEL785WP,Miele 11871900 9kg Tumble Dryer,TUMBLE DRYERS,,
1215,TFP09.000BK,Kenwood Dawn Black 4 Slice Toaster,TOASTERS,PRODUCT,SALES_ONLY,1,True,False,False,TFP09.000BK,Kenwood Dawn Black 4 Slice Toaster,TOASTERS,,,,,
1216,TFP09.000CR,Kenwood Cream Dawn 4 Slice,TOASTERS,PRODUCT,SALES_ONLY,1,True,False,False,TFP09.000CR,Kenwood Cream Dawn 4 Slice,TOASTERS,,,,,
1217,TH200UK,Shark TurboBlade Cool & Heat,,PRODUCT,SOA_ONLY,1,False,False,True,,,,,,,TH200UK,Shark TurboBlade Cool & Heat
1218,TI64IG00FZ,AEG 60CM INDUCTION SAPHIR MATT TRIM,HOBS,PRODUCT,STOCK_ONLY,1,False,True,False,,,,TI64IG00FZ,AEG 60CM INDUCTION SAPHIR MATT TRIM,HOBS,,
1219,TI84IB00FZ,AEG 80CM INDUCTION SAPHIR MATT,HOBS,PRODUCT,STOCK_ONLY,1,False,True,False,,,,TI84IB00FZ,AEG 80CM INDUCTION SAPHIR MATT,HOBS,,
1220,TK85IM00FB,AEG 80CM INDUCTION 5 ZONE,HOBS,PRODUCT,STOCK_ONLY,1,False,True,False,,,,TK85IM00FB,AEG 80CM INDUCTION 5 ZONE,HOBS,,
1221,TK8NK721B,AEG BLACK COMBI OVEN,SINGLE OVENS,PRODUCT,STOCK_ONLY,1,False,True,False,,,,TK8NK721B,AEG BLACK COMBI OVEN,SINGLE OVENS,,
1222,TL-SG1005DV5-PORT,"Desktop Gigabit Switch, 5",IT ACCESSORIES,PRODUCT,SALES_ONLY,1,True,False,False,TL-SG1005DV5-port,"Desktop Gigabit Switch, 5",IT ACCESSORIES,,,,,
1223,TLS169BOXE,Boxed Uni Floor Tool 30-38MM,ACCESSORIES,PRODUCT,SALES_ONLY,1,True,False,False,TLS169BOXE,Boxed Uni Floor Tool 30-38MM,ACCESSORIES,,,,,
1224,TO64IA00FB,AEG 60cm Induction Hob,HOBS,PRODUCT,STOCK_ONLY,1,False,True,False,,,,TO64IA00FB,AEG 60cm Induction Hob,HOBS,,
1225,TO64IB00FZ,AEG 60CM INDUCTION SAPHIR MATT,HOBS,PRODUCT,STOCK_ONLY,1,False,True,False,,,,TO64IB00FZ,AEG 60CM INDUCTION SAPHIR MATT,HOBS,,
1226,TOLP110DFF,Rangemaster Toledo 110 Ind St/St,RANGE COOKERS,PRODUCT,SALES_ONLY,1,True,False,False,TOLP110DFF,Rangemaster Toledo 110 Ind St/St,RANGE COOKERS,,,,,
1227,TOTO13R,3mt TOSLINK to TOSLINK cable,CABLES,PRODUCT,SALES_ONLY,1,True,False,False,TOTO13R,3mt TOSLINK to TOSLINK cable,CABLES,,,,,
1228,TP61VR,Deltaco Cat6 U/UTP Patch cable 1M,CABLES,PRODUCT,SALES_ONLY,1,True,False,False,TP61VR,Deltaco Cat6 U/UTP Patch cable 1M,CABLES,,,,,
1229,TP62VR,Deltaco Cat6 U/UTP Patch cable 2M,CABLES,PRODUCT,SALES_ONLY,1,True,False,False,TP62VR,Deltaco Cat6 U/UTP Patch cable 2M,CABLES,,,,,
1230,TP65VR,Deltaco Cat6 U/UTP Patch cable 5M,CABLES,PRODUCT,SALES_ONLY,1,True,False,False,TP65VR,Deltaco Cat6 U/UTP Patch cable 5M,CABLES,,,,,
1231,TQ4160SBF,Hotpoint 60cm Induction Hob,HOBS,PRODUCT,STOCK_ONLY,1,False,True,False,,,,TQ4160SBF,Hotpoint 60cm Induction Hob,HOBS,,
1232,TR103BL,SMEG BLACK 100CM VICTORIA,RANGE COOKERS,PRODUCT,SALES_ONLY,1,True,False,False,TR103BL,SMEG BLACK 100CM VICTORIA,RANGE COOKERS,,,,,
1233,TR749GU4B,AEG DARK SILVER 9KG HEAT PUMP DRYER,TUMBLE DRYERS,PRODUCT,STOCK_ONLY,1,False,True,False,,,,TR749GU4B,AEG DARK SILVER 9KG HEAT PUMP DRYER,TUMBLE DRYERS,,
1234,TR848A4B2,AEG 8000 Series 8kg Heat Pump Dryer,TUMBLE DRYERS,PRODUCT,SALES_STOCK,2,True,True,False,TR848A4B2,AEG 8000 Series 8kg Heat Pump,TUMBLE DRYERS,TR848A4B2,AEG 8000 Series 8kg Heat Pump Dryer,TUMBLE DRYERS,,
1235,TRDSX40820EKENWOOD,Dragon 4 2KW Old Filled,HEATING,PRODUCT,SALES_ONLY,1,True,False,False,TRDSX40820EKenwood,Dragon 4 2KW Old Filled,HEATING,,,,,
1236,TRDX41025E,DeLonghi 2.5kW Dragon 4 Oil Filled,HEATING,PRODUCT,SALES_ONLY,1,True,False,False,TRDX41025E,DeLonghi 2.5kW Dragon 4 Oil Filled,HEATING,,,,,
1237,TRNS0505M,"DELONGHI 0.5KW ""BAMBINO""FOR",HEATING,PRODUCT,SALES_ONLY,1,True,False,False,TRNS0505M,"DELONGHI 0.5KW ""BAMBINO""FOR",HEATING,,,,,
1238,TRRS0920,DELONGHI RADIA S HEATER,HEATING,PRODUCT,SALES_ONLY,1,True,False,False,TRRS0920,DELONGHI RADIA S HEATER,HEATING,,,,,
1239,TRRS0920E.GDELONGHI,2Kw Oil Filled Radiator,HEATING,PRODUCT,SALES_ONLY,1,True,False,False,TRRS0920E.GDeLonghi,2Kw Oil Filled Radiator,HEATING,,,,,
1240,TS6PB521AB,AEG BLACK PYRO SINGLE OVEN KNOBS,SINGLE OVENS,PRODUCT,STOCK_ONLY,1,False,True,False,,,,TS6PB521AB,AEG BLACK PYRO SINGLE OVEN KNOBS,SINGLE OVENS,,
1241,TSF01BLMUK,TSF01BLMUK Two Slice Toaster in,TOASTERS,PRODUCT,SALES_ONLY,1,True,False,False,TSF01BLMUK,TSF01BLMUK Two Slice Toaster in,TOASTERS,,,,,
1242,TSF01CRUK,Smeg 2 Slice Cream Toaster,TOASTERS,PRODUCT,SALES_ONLY,1,True,False,False,TSF01CRUK,Smeg 2 Slice Cream Toaster,TOASTERS,,,,,
1243,TSF01EGMUKSMEG,Emerald Green Matte 2 Slice,TOASTERS,PRODUCT,SALES_ONLY,1,True,False,False,TSF01EGMUKSmeg,Emerald Green Matte 2 Slice,TOASTERS,,,,,
1244,TSF01SSUK,Smeg 2 Slice Chrome Toaster,TOASTERS,PRODUCT,SALES_ONLY,1,True,False,False,TSF01SSUK,Smeg 2 Slice Chrome Toaster,TOASTERS,,,,,
1245,TSF01WHUK,SMEG WHITE 2 SLICE TOASTER,TOASTERS,PRODUCT,SALES_ONLY,1,True,False,False,TSF01WHUK,SMEG WHITE 2 SLICE TOASTER,TOASTERS,,,,,
1246,U1ACE2AG3BNEFF,N50 Graphite Double Oven,DOUBLE OVENS,PRODUCT,SALES_ONLY,1,True,False,False,U1ACE2AG3BNeff,N50 Graphite Double Oven,DOUBLE OVENS,,,,,
1247,U1ACE2AN3B,*Neff N50 St/St Double Oven,DOUBLE OVENS,PRODUCT,STOCK_ONLY,1,False,True,False,,,,U1ACE2AN3B,*Neff N50 St/St Double Oven,DOUBLE OVENS,,
1248,U2ACH7AN7B,Neff St/St N50 Double Oven,DOUBLE OVENS,PRODUCT,STOCK_ONLY,1,False,True,False,,,,U2ACH7AN7B,Neff St/St N50 Double Oven,DOUBLE OVENS,,
1249,UB500,TP Link Bluetooth 5.0 USB,,PRODUCT,SOA_ONLY,1,False,False,True,,,,,,,UB500,TP Link Bluetooth 5.0 USB
1250,UE24F6000FKSAMSUNG,"24"" Smart Television",TV,PRODUCT,SALES_ONLY,1,True,False,False,UE24F6000FKSamsung,"24"" Smart Television",TV,,,,,
1251,UE32F6000FKSAMSUNG,"32"" Smart Television",TV 32,PRODUCT,SALES_ONLY,1,True,False,False,UE32F6000FKSamsung,"32"" Smart Television",TV 32,,,,,
1252,UE32F6000FKXXU,"Samsung 32"" Smart Television",,PRODUCT,SOA_ONLY,1,False,False,True,,,,,,,UE32F6000FKXXU,"Samsung 32"" Smart Television"
1253,UE32H5000FKSAMSUNG,"32"" Smart Television",TV 32,PRODUCT,SALES_ONLY,1,True,False,False,UE32H5000FKSamsung,"32"" Smart Television",TV 32,,,,,
1254,UE43U7000FKSAMSUNG,43 in 4K Smart TV,TV 33 - 43,PRODUCT,SALES_ONLY,1,True,False,False,UE43U7000FKSamsung,43 in 4K Smart TV,TV 33 - 43,,,,,
1255,UE43U7000FKXXU,Samsung 43 in 4K Smart TV,,PRODUCT,SOA_ONLY,1,False,False,True,,,,,,,UE43U7000FKXXU,Samsung 43 in 4K Smart TV
1256,UE43U8000FKSAMSUNG,"43"" UHD Smart Television",TV 33 - 43,PRODUCT,SALES_ONLY,1,True,False,False,UE43U8000FKSamsung,"43"" UHD Smart Television",TV 33 - 43,,,,,
1257,UE43U8000FKXXU,"Samsung 43"" UHD Smart",,PRODUCT,SOA_ONLY,1,False,False,True,,,,,,,UE43U8000FKXXU,"Samsung 43"" UHD Smart"
1258,UE50U7000FKXXU,Samsung 50 in Smart Television,,PRODUCT,SOA_ONLY,1,False,False,True,,,,,,,UE50U7000FKXXU,Samsung 50 in Smart Television
1259,UE50U8000FKSAMSUNG,"50"" UHD Smart Television",TV 44 - 50,PRODUCT,SALES_ONLY,1,True,False,False,UE50U8000FKSamsung,"50"" UHD Smart Television",TV 44 - 50,,,,,
1260,UE55DU7100K55,INCH 4K HDR10+ PUR COLOUR,TV 51 - 59,PRODUCT,SALES_ONLY,1,True,False,False,UE55DU7100K55,INCH 4K HDR10+ PUR COLOUR,TV 51 - 59,,,,,
1261,UE55DU8070,55 INCH DU8070 4K HDR10+,TV 51 - 59,PRODUCT,SALES_ONLY,1,True,False,False,UE55DU8070,55 INCH DU8070 4K HDR10+,TV 51 - 59,,,,,
1262,UE55U7000FKSAMSUNG,55 in Smart Television,TV 51 - 59,PRODUCT,SALES_ONLY,1,True,False,False,UE55U7000FKSamsung,55 in Smart Television,TV 51 - 59,,,,,
1263,UE55U7000FKXXU,Samsung 55 in Smart Television,,PRODUCT,SOA_ONLY,1,False,False,True,,,,,,,UE55U7000FKXXU,Samsung 55 in Smart Television
1264,UE55U8000FKSAMSUNG,"55"" UHD Smart Television",TV 51 - 59,PRODUCT,SALES_ONLY,1,True,False,False,UE55U8000FKSamsung,"55"" UHD Smart Television",TV 51 - 59,,,,,
1265,UE55U8000FKXXU,"Samsung 55"" UHD Smart",,PRODUCT,SOA_ONLY,1,False,False,True,,,,,,,UE55U8000FKXXU,"Samsung 55"" UHD Smart"
1266,UE65U7000FKXXU,Samsung 65 in Smart Television,,PRODUCT,SOA_ONLY,1,False,False,True,,,,,,,UE65U7000FKXXU,Samsung 65 in Smart Television
1267,UE65U8000FKSAMSUNG,"65"" UHD Smart Television",TV 60+,PRODUCT,SALES_ONLY,1,True,False,False,UE65U8000FKSamsung,"65"" UHD Smart Television",TV 60+,,,,,
1268,UE65U8000FKXXU,"Samsung 65"" UHD Smart",,PRODUCT,SOA_ONLY,1,False,False,True,,,,,,,UE65U8000FKXXU,"Samsung 65"" UHD Smart"
1269,UE75U7000FKXXU,Samsung 75 in Smart Television,,PRODUCT,SOA_ONLY,1,False,False,True,,,,,,,UE75U7000FKXXU,Samsung 75 in Smart Television
1270,UE75U8000FKXXU,"Samsung 75"" UHD Smart",,PRODUCT,SOA_ONLY,1,False,False,True,,,,,,,UE75U8000FKXXU,"Samsung 75"" UHD Smart"
1271,UE85U7000FKXXU,Samsung 85 in Smart Television,,PRODUCT,SOA_ONLY,1,False,False,True,,,,,,,UE85U7000FKXXU,Samsung 85 in Smart Television
1272,UE85U8000FKXXU,"Samsung 85"" UHD Smart",,PRODUCT,SOA_ONLY,1,False,False,True,,,,,,,UE85U8000FKXXU,"Samsung 85"" UHD Smart"
1273,URC1919,One for All Toshiba Remote Control,REMOTE CONTROLS,PRODUCT,SALES_ONLY,1,True,False,False,URC1919,One for All Toshiba Remote Control,REMOTE CONTROLS,,,,,
1274,URC3661,One for All Universal Remote Control,REMOTE CONTROLS,PRODUCT,SALES_ONLY,1,True,False,False,URC3661,One for All Universal Remote Control,REMOTE CONTROLS,,,,,
1275,URC4910,One for All Remote Control for,REMOTE CONTROLS,PRODUCT,SALES_ONLY,1,True,False,False,URC4910,One for All Remote Control for,REMOTE CONTROLS,,,,,
1276,URC4911,LG TV Replacement Remote Control,REMOTE CONTROLS,PRODUCT,SALES_ONLY,1,True,False,False,URC4911,LG TV Replacement Remote Control,REMOTE CONTROLS,,,,,
1277,URC7115,One for All Evolve TV Operate for 1,REMOTE CONTROLS,PRODUCT,SALES_ONLY,1,True,False,False,URC7115,One for All Evolve TV Operate for 1,REMOTE CONTROLS,,,,,
1278,US40T.DGBRLLG,2.1Ch Bluetooth Soundbar with,SPEAKERS,PRODUCT,SALES_ONLY,1,True,False,False,US40T.DGBRLLG,2.1Ch Bluetooth Soundbar with,SPEAKERS,,,,,
1279,US60TR.AGB,LG 5.1 Channel Home Cinema,HOME CINEMA,PRODUCT,SALES_ONLY,1,True,False,False,US60TR.AGB,LG 5.1 Channel Home Cinema,HOME CINEMA,,,,,
1280,USG10TY.DG,LG 3.1 Wireless Soundbar,SPEAKERS,PRODUCT,SALES_ONLY,1,True,False,False,USG10TY.DG,LG 3.1 Wireless Soundbar,SPEAKERS,,,,,
1281,V11T69C23,Samsung (E71025397)Tab A9,IT ACCESSORIES,PRODUCT,SALES_ONLY,1,True,False,False,V11T69C23,Samsung (E71025397)Tab A9,IT ACCESSORIES,,,,,
1282,V58NBS1L0,Neff N50 Venting Induction Hob,DOWNDRAFT HOBS,PRODUCT,STOCK_ONLY,1,False,True,False,,,,V58NBS1L0,Neff N50 Venting Induction Hob,DOWNDRAFT HOBS,,
1283,V58NHQ4L0,Neff N70 80cm Vented Hob,DOWNDRAFT HOBS,PRODUCT,STOCK_ONLY,1,False,True,False,,,,V58NHQ4L0,Neff N70 80cm Vented Hob,DOWNDRAFT HOBS,,
1284,V58PHQ4C0,Neff N70 80cm Flush Venting Hob,DOWNDRAFT HOBS,PRODUCT,STOCK_ONLY,1,False,True,False,,,,V58PHQ4C0,Neff N70 80cm Flush Venting Hob,DOWNDRAFT HOBS,,
1285,V68AUX4C0,Neff N90 Vented Hob,DOWNDRAFT HOBS,PRODUCT,STOCK_ONLY,1,False,True,False,,,,V68AUX4C0,Neff N90 Vented Hob,DOWNDRAFT HOBS,,
1286,VLT7B2,"Sanus TV bkt 46""-90"" 68kg Vesa",TV BRACKETS,PRODUCT,SALES_ONLY,1,True,False,False,VLT7B2,"Sanus TV bkt 46""-90"" 68kg Vesa",TV BRACKETS,,,,,
1287,VM131BL,CDA Black Integrated Microwave,INT MICROWAVES,PRODUCT,SALES_STOCK,2,True,True,False,VM131BL,CDA Black Integrated Microwave,INT MICROWAVES,VM131BL,CDA Black Integrated Microwave,INT MICROWAVES,,
1288,VM131SS,CDA St/St Integrated Microwave,INT MICROWAVES,PRODUCT,SALES_STOCK,2,True,True,False,VM131SS,CDA St/St Integrated Microwave,INT MICROWAVES,VM131SS,CDA St/St Integrated Microwave,INT MICROWAVES,,
1289,VS15A6031R4SAMSUNG,Jet 60 Cordless Vacuum,STICK VACS,PRODUCT,SALES_ONLY,1,True,False,False,VS15A6031R4Samsung,Jet 60 Cordless Vacuum,STICK VACS,,,,,
1290,VS20C8524TBSAMSUNG,Jet 85 Cordless Vac,STICK VACS,PRODUCT,SALES_ONLY,1,True,False,False,VS20C8524TBSamsung,Jet 85 Cordless Vac,STICK VACS,,,,,
1291,VS20C9547TBSAMSUNG,Jet 95 Cordless Vac,STICK VACS,PRODUCT,SALES_ONLY,1,True,False,False,VS20C9547TBSamsung,Jet 95 Cordless Vac,STICK VACS,,,,,
1292,W0M27GADSIRE,Whirlpool 12kg 1400Spin Auto Dose Washer,WASHING MACHINES,PRODUCT,STOCK_ONLY,1,False,True,False,,,,W0M27GADSIRE,Whirlpool 12kg 1400Spin Auto Dose Washer,WASHING MACHINES,,
1293,W11MW161UK,Whirlpool Integrated Microwave,INT MICROWAVES,PRODUCT,STOCK_ONLY,1,False,True,False,,,,W11MW161UK,Whirlpool Integrated Microwave,INT MICROWAVES,,
1294,W2FHD626UK,Whirlpool 14 Place Dish (Replace WFC3B19),DISHWASHERS,PRODUCT,STOCK_ONLY,1,False,True,False,,,,W2FHD626UK,Whirlpool 14 Place Dish (Replace WFC3B19),DISHWASHERS,,
1295,W7FHS51XUKWHIRLPOOL,Dishwasher Maxi Space,DISHWASHERS,PRODUCT,SALES_ONLY,1,True,False,False,W7FHS51XUKWhirlpool,Dishwasher Maxi Space,DISHWASHERS,,,,,
1296,W7IHF60TUSUK,Whirlpool Maxi Tub A Rated Hydro Rack Dish,INT DISHWASHERS,PRODUCT,STOCK_ONLY,1,False,True,False,,,,W7IHF60TUSUK,Whirlpool Maxi Tub A Rated Hydro Rack Dish,INT DISHWASHERS,,
1297,W809ADSSILENCEUK,Whirlpool Graphite 10kg 1400 Spin Washer,WASHING MACHINES,PRODUCT,STOCK_ONLY,1,False,True,False,,,,W809ADSSILENCEUK,Whirlpool Graphite 10kg 1400 Spin Washer,WASHING MACHINES,,
1298,W8FHP51XUK,Whirlpool Inox 60cm 15Pl Dishwasher,DISHWASHERS,PRODUCT,STOCK_ONLY,1,False,True,False,,,,W8FHP51XUK,Whirlpool Inox 60cm 15Pl Dishwasher,DISHWASHERS,,
1299,W8FHS61BSUK,Whirlpool Black Steel 60cm 15 Pl Dishwasher,DISHWASHERS,PRODUCT,STOCK_ONLY,1,False,True,False,,,,W8FHS61BSUK,Whirlpool Black Steel 60cm 15 Pl Dishwasher,DISHWASHERS,,
1300,W8IB15M6LUK,Whirlpool Maxi Tub Integrated Dishwasher,INT DISHWASHERS,PRODUCT,STOCK_ONLY,1,False,True,False,,,,W8IB15M6LUK,Whirlpool Maxi Tub Integrated Dishwasher,INT DISHWASHERS,,
1301,W8IHP42LUK,Whirlpool Int Dish Maxi Space (Replace WIO3041),INT DISHWASHERS,PRODUCT,STOCK_ONLY,1,False,True,False,,,,W8IHP42LUK,Whirlpool Int Dish Maxi Space (Replace WIO3041),INT DISHWASHERS,,
1302,W9OM24S1PBSS,Whirlpool Pyroclean Black 73L Single Oven,SINGLE OVENS,PRODUCT,STOCK_ONLY,1,False,True,False,,,,W9OM24S1PBSS,Whirlpool Pyroclean Black 73L Single Oven,SINGLE OVENS,,
1303,WA850RE,300Mbps Wall-plug Wireless N,IT ACCESSORIES,PRODUCT,SALES_SOA,2,True,False,True,WA850RE,300Mbps Wall-plug Wireless N,IT ACCESSORIES,,,,WA850RE,300Mbps Wall-plug Wireless N
1304,WAN28259GB,*Bosch Series 4 9kg 1400 Spin Washing Machine,WASHING MACHINES,PRODUCT,STOCK_ONLY,1,False,True,False,,,,WAN28259GB,*Bosch Series 4 9kg 1400 Spin Washing Machine,WASHING MACHINES,,
1305,WAN28259GB*BOSCH,Series 4 9kg 1400 Spin,WASHING MACHINES,PRODUCT,SALES_ONLY,1,True,False,False,WAN28259GB*Bosch,Series 4 9kg 1400 Spin,WASHING MACHINES,,,,,
1306,WCA132WCS,Miele 12946120 8kg 1400Spin Washing Machine,WASHING MACHINES,PRODUCT,SALES_STOCK,2,True,True,False,WCA132WCS,Miele 12946120 8kg 1400Spin,WASHING MACHINES,WCA132WCS,Miele 12946120 8kg 1400Spin Washing Machine,WASHING MACHINES,,
1307,WCW7O7HTSBUK,Whirlpool Black Combi Microwave Steam,SINGLE OVENS,PRODUCT,STOCK_ONLY,1,False,True,False,,,,WCW7O7HTSBUK,Whirlpool Black Combi Microwave Steam,SINGLE OVENS,,
1308,WCW9OWPHTSBUK,Whirlpool Black Combi Microwave,SINGLE OVENS,PRODUCT,STOCK_ONLY,1,False,True,False,,,,WCW9OWPHTSBUK,Whirlpool Black Combi Microwave,SINGLE OVENS,,
1309,WD110UK,Shark HydroVac Corded Hard,,PRODUCT,SOA_ONLY,1,False,False,True,,,,,,,WD110UK,Shark HydroVac Corded Hard
1310,WD210UK,Shark HydroVac Cordless Wet &,,PRODUCT,SOA_ONLY,1,False,False,True,,,,,,,WD210UK,Shark HydroVac Cordless Wet &
1311,WD80TA046BX/EU,Samsung 8kg Washer Dryer,,PRODUCT,SOA_ONLY,1,False,False,True,,,,,,,WD80TA046BX/EU,Samsung 8kg Washer Dryer
1312,WD90DG5G34BBE,Samsung Series 5 9kg/5kg,,PRODUCT,SOA_ONLY,1,False,False,True,,,,,,,WD90DG5G34BBE,Samsung Series 5 9kg/5kg
1313,WDF4840,Remington Cordless Lady Shaver,,PRODUCT,SOA_ONLY,1,False,False,True,,,,,,,WDF4840,Remington Cordless Lady Shaver
1314,WEA125WCS,Miele 12721200 8kg 1400 Spin Washing Machine,WASHING MACHINES,PRODUCT,STOCK_ONLY,1,False,True,False,,,,WEA125WCS,Miele 12721200 8kg 1400 Spin Washing Machine,WASHING MACHINES,,
1315,WEB365WCS,Miele 12721210 8kg 1400 Spin Washer,WASHING MACHINES,PRODUCT,STOCK_ONLY,1,False,True,False,,,,WEB365WCS,Miele 12721210 8kg 1400 Spin Washer,WASHING MACHINES,,
1316,WED385WCS,Miele 12721260 9kg Washer,WASHING MACHINES,PRODUCT,STOCK_ONLY,1,False,True,False,,,,WED385WCS,Miele 12721260 9kg Washer,WASHING MACHINES,,
1317,WEG885WCS,Miele 12721270 9kg 1400 Spin Washing Machine,WASHING MACHINES,PRODUCT,STOCK_ONLY,1,False,True,False,,,,WEG885WCS,Miele 12721270 9kg 1400 Spin Washing Machine,WASHING MACHINES,,
1318,WEG885WCSMIELE,12721270 9kg 1400 Spin,WASHING MACHINES,PRODUCT,SALES_ONLY,1,True,False,False,WEG885WCSMiele,12721270 9kg 1400 Spin,WASHING MACHINES,,,,,
1319,WEJ885WCS,Miele 12774970 9kg 1600 Spin Washing Machine,WASHING MACHINES,PRODUCT,SALES_STOCK,2,True,True,False,WEJ885WCS,Miele 12774970 9kg 1600 Spin,WASHING MACHINES,WEJ885WCS,Miele 12774970 9kg 1600 Spin Washing Machine,WASHING MACHINES,,
1320,WEK365WCS,Miele (12392780) 10kg 1400 Spin Washer,WASHING MACHINES,PRODUCT,SALES_STOCK,2,True,True,False,WEK365WCS,Miele (12392780) 10kg 1400 Spin,WASHING MACHINES,WEK365WCS,Miele (12392780) 10kg 1400 Spin Washer,WASHING MACHINES,,
1321,WF-2930DWF,Epson WF-2930DWF WorkForce,,PRODUCT,SOA_ONLY,1,False,False,True,,,,,,,WF-2930DWF,Epson WF-2930DWF WorkForce
1322,WF-7830DTWF,Epson C11CH68401 Workforce,,PRODUCT,SOA_ONLY,1,False,False,True,,,,,,,WF-7830DTWF,Epson C11CH68401 Workforce
1323,WF1000XM5BCE7,SONY BLACK XM5 IN EAR,,PRODUCT,SOA_ONLY,1,False,False,True,,,,,,,WF1000XM5BCE7,SONY BLACK XM5 IN EAR
1324,WF90F09C4SU1,Samsung Series 9 9kg Washing,,PRODUCT,SOA_ONLY,1,False,False,True,,,,,,,WF90F09C4SU1,Samsung Series 9 9kg Washing
1325,WFC510BCE7,"Sony White ear buds, IPX4, 9",,PRODUCT,SOA_ONLY,1,False,False,True,,,,,,,WFC510BCE7,"Sony White ear buds, IPX4, 9"
1326,WFC510BCE7SONY,"White ear buds, IPX4, 9",HEADPHONES,PRODUCT,SALES_ONLY,1,True,False,False,WFC510BCE7Sony,"White ear buds, IPX4, 9",HEADPHONES,,,,,
1327,WFC510WCE,"Sony White ear buds, IPX4, 10",HEADPHONES,PRODUCT,SALES_ONLY,1,True,False,False,WFC510WCE,"Sony White ear buds, IPX4, 10",HEADPHONES,,,,,
1328,WFC510WCE7,"Sony White ear buds, IPX4, 10",,PRODUCT,SOA_ONLY,1,False,False,True,,,,,,,WFC510WCE7,"Sony White ear buds, IPX4, 10"
1329,WFC700NWC,Sony Wht True Wireless Noise,HEADPHONES,PRODUCT,SALES_ONLY,1,True,False,False,WFC700NWC,Sony Wht True Wireless Noise,HEADPHONES,,,,,
1330,WFC710NWCE7,"Sony White In ear buds, Active",,PRODUCT,SOA_ONLY,1,False,False,True,,,,,,,WFC710NWCE7,"Sony White In ear buds, Active"
1331,WG46G2Z1GB,Siemens iQ500 9g 1600 Spin Washing Machine,WASHING MACHINES,PRODUCT,STOCK_ONLY,1,False,True,False,,,,WG46G2Z1GB,Siemens iQ500 9g 1600 Spin Washing Machine,WASHING MACHINES,,
1332,WG56G2Z0GB,Siemens iQ500 10kg 1600 Spin Washer,WASHING MACHINES,PRODUCT,STOCK_ONLY,1,False,True,False,,,,WG56G2Z0GB,Siemens iQ500 10kg 1600 Spin Washer,WASHING MACHINES,,
1333,WGG24400GB,Bosch Series 6 9kg 1400 Spin,WASHING MACHINES,PRODUCT,STOCK_ONLY,1,False,True,False,,,,WGG24400GB,Bosch Series 6 9kg 1400 Spin,WASHING MACHINES,,
1334,WGG24400GBBOSCH,Series 6 9kg 1400 Spin,WASHING MACHINES,PRODUCT,SALES_ONLY,1,True,False,False,WGG24400GBBosch,Series 6 9kg 1400 Spin,WASHING MACHINES,,,,,
1335,WGG244ZCG,Bosch Graphite 9kg 1400 Spin,WASHING MACHINES,PRODUCT,SALES_ONLY,1,True,False,False,WGG244ZCG,Bosch Graphite 9kg 1400 Spin,WASHING MACHINES,,,,,
1336,WGG244ZCGB,*Bosch Cast Iron 9kg 1400 Spin Washer,WASHING MACHINES,PRODUCT,STOCK_ONLY,1,False,True,False,,,,WGG244ZCGB,*Bosch Cast Iron 9kg 1400 Spin Washer,WASHING MACHINES,,
1337,WGG254F1GB,*Bosch iDos 10kg 1400 Spin Washing Machine,WASHING MACHINES,PRODUCT,STOCK_ONLY,1,False,True,False,,,,WGG254F1GB,*Bosch iDos 10kg 1400 Spin Washing Machine,WASHING MACHINES,,
1338,WGG254F1GBBOSCH,iDos 10kg 1400 Spin Washing,WASHING MACHINES,PRODUCT,SALES_ONLY,1,True,False,False,WGG254F1GBBosch,iDos 10kg 1400 Spin Washing,WASHING MACHINES,,,,,
1339,WGG254Z0GB*BOSCH,Series 6 10kg 1400 Spin,WASHING MACHINES,PRODUCT,SALES_ONLY,1,True,False,False,WGG254Z0GB*Bosch,Series 6 10kg 1400 Spin,WASHING MACHINES,,,,,
1340,WGG254Z1GB,*Bosch Series 6 10kg 1400 Spin Washer,WASHING MACHINES,PRODUCT,STOCK_ONLY,1,False,True,False,,,,WGG254Z1GB,*Bosch Series 6 10kg 1400 Spin Washer,WASHING MACHINES,,
1341,WGG254Z1GBBOSCH,Series 6 10kg 1400 Spin,WASHING MACHINES,PRODUCT,SALES_ONLY,1,True,False,False,WGG254Z1GBBosch,Series 6 10kg 1400 Spin,WASHING MACHINES,,,,,
1342,WGH254ARG,Bosch 10kg 1400Spin Cast Iron Gray,WASHING MACHINES,PRODUCT,SALES_ONLY,1,True,False,False,WGH254ARG,Bosch 10kg 1400Spin Cast Iron Gray,WASHING MACHINES,,,,,
1343,WGH254ARGB,Bosch 10kg 1400Spin Cast Iron Gray Washer,WASHING MACHINES,PRODUCT,STOCK_ONLY,1,False,True,False,,,,WGH254ARGB,Bosch 10kg 1400Spin Cast Iron Gray Washer,WASHING MACHINES,,
1344,WH1000XM4BSONY,Black Wireless Headphones,HEADPHONES,PRODUCT,SALES_ONLY,1,True,False,False,WH1000XM4BSony,Black Wireless Headphones,HEADPHONES,,,,,
1345,WH1000XM5BCE7,Sony Black Mark 5 Heaphones,,PRODUCT,SOA_ONLY,1,False,False,True,,,,,,,WH1000XM5BCE7,Sony Black Mark 5 Heaphones
1346,WH1000XM5BSONY,Black Mark 5 Heaphones,HEADPHONES,PRODUCT,SALES_ONLY,1,True,False,False,WH1000XM5BSony,Black Mark 5 Heaphones,HEADPHONES,,,,,
1347,WH1000XM5SCE7,Sony Silver Mark 5 Headphones,,PRODUCT,SOA_ONLY,1,False,False,True,,,,,,,WH1000XM5SCE7,Sony Silver Mark 5 Headphones
1348,WHC18D041A1,Whirlpool 70/30 Int FF ART6550,INT FRIDGE FREEZERS,PRODUCT,STOCK_ONLY,1,False,True,False,,,,WHC18D041A1,Whirlpool 70/30 Int FF ART6550,INT FRIDGE FREEZERS,,
1349,WHC20T322UK,Whirlpool 1935H Integratred Fridge Freezer,INT FRIDGE FREEZERS,PRODUCT,STOCK_ONLY,1,False,True,False,,,,WHC20T322UK,Whirlpool 1935H Integratred Fridge Freezer,INT FRIDGE FREEZERS,,
1350,WHCH520BCE7,Sony Over Ear Headphones Black,,PRODUCT,SOA_ONLY,1,False,False,True,,,,,,,WHCH520BCE7,Sony Over Ear Headphones Black
1351,WHCH520CCE7,Sony Over Ear Headphones,,PRODUCT,SOA_ONLY,1,False,False,True,,,,,,,WHCH520CCE7,Sony Over Ear Headphones
1352,WHCH520LCE7,Sony Over Ear Headphones Blue,,PRODUCT,SOA_ONLY,1,False,False,True,,,,,,,WHCH520LCE7,Sony Over Ear Headphones Blue
1353,WHCH520LCESONY,Over Ear Headphones Blue,HEADPHONES,PRODUCT,SALES_ONLY,1,True,False,False,WHCH520LCESony,Over Ear Headphones Blue,HEADPHONES,,,,,
1354,WHCH520PCE7,Sony Pink Bluetooth v5.2 10mt,,PRODUCT,SOA_ONLY,1,False,False,True,,,,,,,WHCH520PCE7,Sony Pink Bluetooth v5.2 10mt
1355,WHCH520WCE7,Sony Over Ear Headphones White,,PRODUCT,SOA_ONLY,1,False,False,True,,,,,,,WHCH520WCE7,Sony Over Ear Headphones White
1356,WHCH720NBCE7,Sony Over Ear Noise Cancelling,,PRODUCT,SOA_ONLY,1,False,False,True,,,,,,,WHCH720NBCE7,Sony Over Ear Noise Cancelling
1357,WHCH720NLCE7,Sony Over Ear Noise Cancelling,,PRODUCT,SOA_ONLY,1,False,False,True,,,,,,,WHCH720NLCE7,Sony Over Ear Noise Cancelling
1358,WHCH720NLCSONY,Over Ear Noise Cancelling Blue,HEADPHONES,PRODUCT,SALES_ONLY,1,True,False,False,WHCH720NLCSony,Over Ear Noise Cancelling Blue,HEADPHONES,,,,,
1359,WHCH720NWCE7,Sony White Noise Cancelling,,PRODUCT,SOA_ONLY,1,False,False,True,,,,,,,WHCH720NWCE7,Sony White Noise Cancelling
1360,WHCH720WCSONY,White Noise Cancel H/phone,HEADPHONES,PRODUCT,SALES_ONLY,1,True,False,False,WHCH720WCSony,White Noise Cancel H/phone,HEADPHONES,,,,,
1361,WHG26513XK4UK,Whirlpool Black 1823 x 832 USA FF,USA F/F,PRODUCT,STOCK_ONLY,1,False,True,False,,,,WHG26513XK4UK,Whirlpool Black 1823 x 832 USA FF,USA F/F,,
1362,WHSD18A033C1,Whirlpool Tall Integrated Larder Fridge,INT FRIDGES,PRODUCT,STOCK_ONLY,1,False,True,False,,,,WHSD18A033C1,Whirlpool Tall Integrated Larder Fridge,INT FRIDGES,,
1363,WHSD18F023C1,Whirlpool Integrated Tall Freezer,INT FREEZERS,PRODUCT,STOCK_ONLY,1,False,True,False,,,,WHSD18F023C1,Whirlpool Integrated Tall Freezer,INT FREEZERS,,
1364,WHSP70T122UK,Whirlpool 70cm Integrated Fridge Freezer,INT FRIDGE FREEZERS,PRODUCT,STOCK_ONLY,1,False,True,False,,,,WHSP70T122UK,Whirlpool 70cm Integrated Fridge Freezer,INT FRIDGE FREEZERS,,
1365,WHULT900NBCE7,"SONY Black Bluetooth 5.2, NC",,PRODUCT,SOA_ONLY,1,False,False,True,,,,,,,WHULT900NBCE7,"SONY Black Bluetooth 5.2, NC"
1366,WHULT900NBSONY,"Black Bluetooth 5.2, NC",HEADPHONES,PRODUCT,SALES_ONLY,1,True,False,False,WHULT900NBSONY,"Black Bluetooth 5.2, NC",HEADPHONES,,,,,
1367,WHULT900NHCE7,Sony Dark Grey Bluetooth®,,PRODUCT,SOA_ONLY,1,False,False,True,,,,,,,WHULT900NHCE7,Sony Dark Grey Bluetooth®
1368,WHULT900NHSONY,Dark Grey Bluetooth®,HEADPHONES,PRODUCT,SALES_ONLY,1,True,False,False,WHULT900NHSony,Dark Grey Bluetooth®,HEADPHONES,,,,,
1369,WHULT900NWCE7,"Sony White Bluetooth® 5.2, NC",,PRODUCT,SOA_ONLY,1,False,False,True,,,,,,,WHULT900NWCE7,"Sony White Bluetooth® 5.2, NC"
1370,WIW28502GBBOSCH,Serie 8 Integrated 8kg,INT WASHING MACHINES,PRODUCT,SALES_ONLY,1,True,False,False,WIW28502GBBosch,Serie 8 Integrated 8kg,INT WASHING MACHINES,,,,,
1371,WM2221,"One for All 13 "" to 40""",TV BRACKETS,PRODUCT,SALES_ONLY,1,True,False,False,WM2221,"One for All 13 "" to 40""",TV BRACKETS,,,,,
1372,WM2251,One for All Tilt & Turn 180 for 132 to,TV BRACKETS,PRODUCT,SALES_ONLY,1,True,False,False,WM2251,One for All Tilt & Turn 180 for 132 to,TV BRACKETS,,,,,
1373,WM2411,ONE FOR ALL TV BRACKET,TV BRACKETS,PRODUCT,SALES_ONLY,1,True,False,False,WM2411,ONE FOR ALL TV BRACKET,TV BRACKETS,,,,,
1374,WM2421,"One for All Tilt for Screens 32"" to 55""",TV BRACKETS,PRODUCT,SALES_ONLY,1,True,False,False,WM2421,"One for All Tilt for Screens 32"" to 55""",TV BRACKETS,,,,,
1375,WM2451,"One for All Tilt & Turn 180 Deg 13"" to",TV BRACKETS,PRODUCT,SALES_ONLY,1,True,False,False,WM2451,"One for All Tilt & Turn 180 Deg 13"" to",TV BRACKETS,,,,,
1376,WM2470,One for All Universal TV Pedestal,TV BRACKETS,PRODUCT,SALES_ONLY,1,True,False,False,WM2470,One for All Universal TV Pedestal,TV BRACKETS,,,,,
1377,WM2621,OFA WALL MOUNT TILT FOR,REMOTE CONTROLS,PRODUCT,SALES_ONLY,1,True,False,False,WM2621,OFA WALL MOUNT TILT FOR,REMOTE CONTROLS,,,,,
1378,WM2651,"One for All Tilt & Turn 180 Deg 32"" to",TV BRACKETS,PRODUCT,SALES_ONLY,1,True,False,False,WM2651,"One for All Tilt & Turn 180 Deg 32"" to",TV BRACKETS,,,,,
1379,WM4452,One For All Solid Wall Mount,TV BRACKETS,PRODUCT,SALES_ONLY,1,True,False,False,WM4452,One For All Solid Wall Mount,TV BRACKETS,,,,,
1380,WM4453,"OFA TV wall mount , Tilt 20°, 32 to",TV BRACKETS,PRODUCT,SALES_ONLY,1,True,False,False,WM4453,"OFA TV wall mount , Tilt 20°, 32 to",TV BRACKETS,,,,,
1381,WM4661,One for All Tilt & Turn 120 deg 32 to,TV BRACKETS,PRODUCT,SALES_ONLY,1,True,False,False,WM4661,One for All Tilt & Turn 120 deg 32 to,TV BRACKETS,,,,,
1382,WM6661,"OFA Ultra Slim XL Tilt & Turn 120 32""",TV BRACKETS,PRODUCT,SALES_ONLY,1,True,False,False,WM6661,"OFA Ultra Slim XL Tilt & Turn 120 32""",TV BRACKETS,,,,,
1383,WMA1270WH,Nordmende CONTRACT White 7kg 1200 Spin Washing Mac,WASHING MACHINES,PRODUCT,STOCK_ONLY,1,False,True,False,,,,WMA1270WH,Nordmende CONTRACT White 7kg 1200 Spin Washing Mac,WASHING MACHINES,,
1384,WNC254ARG,Bosch Graphite 10.5/6kg Washer,WASHER DRYERS,PRODUCT,SALES_ONLY,1,True,False,False,WNC254ARG,Bosch Graphite 10.5/6kg Washer,WASHER DRYERS,,,,,
1385,WOI78FPT1SBA,Whirlpool Black Single Pyroclean Oven,SINGLE OVENS,PRODUCT,STOCK_ONLY,1,False,True,False,,,,WOI78FPT1SBA,Whirlpool Black Single Pyroclean Oven,SINGLE OVENS,,
1386,WP100EU,Ninja Wireless Food Probe,ACCESSORIES,PRODUCT,SALES_SOA,2,True,False,True,WP100EU,Ninja Wireless Food Probe,ACCESSORIES,,,,WP100EU,Ninja Wireless Food Probe
1387,WQ45G200GB,Siemens iQ500 9kg Heat Pump Dryer,TUMBLE DRYERS,PRODUCT,STOCK_ONLY,1,False,True,False,,,,WQ45G200GB,Siemens iQ500 9kg Heat Pump Dryer,TUMBLE DRYERS,,
1388,WQG24500GB,*Bosch Series 6 9kg White Heat Pump Dryer,TUMBLE DRYERS,PRODUCT,STOCK_ONLY,1,False,True,False,,,,WQG24500GB,*Bosch Series 6 9kg White Heat Pump Dryer,TUMBLE DRYERS,,
1389,WQG245A0G,Bosch Series 6 Heat Pump Dryer,TUMBLE DRYERS,PRODUCT,SALES_ONLY,1,True,False,False,WQG245A0G,Bosch Series 6 Heat Pump Dryer,TUMBLE DRYERS,,,,,
1390,WQG245R1G,Bosch Graphite 9kg Heat Pump Dryer,TUMBLE DRYERS,PRODUCT,SALES_ONLY,1,True,False,False,WQG245R1G,Bosch Graphite 9kg Heat Pump Dryer,TUMBLE DRYERS,,,,,
1391,WQG245R1GB,*Bosch Cast Iron 9kg Heat Pump Dryer,TUMBLE DRYERS,PRODUCT,STOCK_ONLY,1,False,True,False,,,,WQG245R1GB,*Bosch Cast Iron 9kg Heat Pump Dryer,TUMBLE DRYERS,,
1392,WQH246DRIE,Bosch Series 6 9kg Cast Iron Grey Dryer,TUMBLE DRYERS,PRODUCT,STOCK_ONLY,1,False,True,False,,,,WQH246DRIE,Bosch Series 6 9kg Cast Iron Grey Dryer,TUMBLE DRYERS,,
1393,WSQ2160NE,WHIRLPOOL 60CM INDUCTION HOB,HOBS,PRODUCT,STOCK_ONLY,1,False,True,False,,,,WSQ2160NE,WHIRLPOOL 60CM INDUCTION HOB,HOBS,,
1394,WTH84001GB*BOSCH,"Series 4, 8kg Heat Pump",TUMBLE DRYERS,PRODUCT,SALES_ONLY,1,True,False,False,WTH84001GB*Bosch,"Series 4, 8kg Heat Pump",TUMBLE DRYERS,,,,,
1395,WTH85224GB,*Bosch Series 4 8kg White Heat Pump Dryer,TUMBLE DRYERS,PRODUCT,STOCK_ONLY,1,False,True,False,,,,WTH85224GB,*Bosch Series 4 8kg White Heat Pump Dryer,TUMBLE DRYERS,,
1396,WTH85224GBBOSCH,Series 4 8kg White Heat,TUMBLE DRYERS,PRODUCT,SALES_ONLY,1,True,False,False,WTH85224GBBosch,Series 4 8kg White Heat,TUMBLE DRYERS,,,,,
1397,WTH85225IE,*Bosch Series 4 8kg Heat Pump Dryer,TUMBLE DRYERS,PRODUCT,SALES_STOCK,2,True,True,False,WTH85225IE,Bosch Series 4 8kg Heat Pump Dryer,TUMBLE DRYERS,WTH85225IE,*Bosch Series 4 8kg Heat Pump Dryer,TUMBLE DRYERS,,
1398,WV270UK,Shark Cordless Handheld Vacuum,,PRODUCT,SOA_ONLY,1,False,False,True,,,,,,,WV270UK,Shark Cordless Handheld Vacuum
1399,WW10FG5U34AEE,Samsung White 10kg 1400 Spin,,PRODUCT,SOA_ONLY,1,False,False,True,,,,,,,WW10FG5U34AEE,Samsung White 10kg 1400 Spin
1400,WW11DB8B95GBU,Samsung Blk Stl Series 8 11Kg,,PRODUCT,SOA_ONLY,1,False,False,True,,,,,,,WW11DB8B95GBU,Samsung Blk Stl Series 8 11Kg
1401,WW11DB8B95GBU1,Samsung Blk Stl Series 8 11Kg 1400 Spin Washer,WASHING MACHINES,PRODUCT,STOCK_ONLY,1,False,True,False,,,,WW11DB8B95GBU1,Samsung Blk Stl Series 8 11Kg 1400 Spin Washer,WASHING MACHINES,,
1402,WW11DB8B95SAMSUNG,Blk Stl Series 8 11Kg 1400,WASHING MACHINES,PRODUCT,SALES_ONLY,1,True,False,False,WW11DB8B95Samsung,Blk Stl Series 8 11Kg 1400,WASHING MACHINES,,,,,
1403,WW11DG5B25ABE,Samsung Blk Stl Series 5 11Kg,,PRODUCT,SOA_ONLY,1,False,False,True,,,,,,,WW11DG5B25ABE,Samsung Blk Stl Series 5 11Kg
1404,WW11DG5B25AEE,Samsung 11kg 1400 Spin Series,,PRODUCT,SOA_ONLY,1,False,False,True,,,,,,,WW11DG5B25AEE,Samsung 11kg 1400 Spin Series
1405,WW11DG6B8,Samsung Black Series 6 1400,WASHING MACHINES,PRODUCT,SALES_ONLY,1,True,False,False,WW11DG6B8,Samsung Black Series 6 1400,WASHING MACHINES,,,,,
1406,WW11DG6B85LBU,Samsung Black Series 6 1400,,PRODUCT,SOA_ONLY,1,False,False,True,,,,,,,WW11DG6B85LBU,Samsung Black Series 6 1400
1407,WW80CGC04,SAMSUNG Series 5 AI Energy Washing,WASHING MACHINES,PRODUCT,SALES_ONLY,1,True,False,False,WW80CGC04,SAMSUNG Series 5 AI Energy Washing,WASHING MACHINES,,,,,
1408,WW90CGC04,Samsung 9kg Eco Bubble Washer,WASHING MACHINES,PRODUCT,SALES_ONLY,1,True,False,False,WW90CGC04,Samsung 9kg Eco Bubble Washer,WASHING MACHINES,,,,,
1409,WW90CGC04DABE,Samsung 9kg Ecobubble Washer,,PRODUCT,SOA_ONLY,1,False,False,True,,,,,,,WW90CGC04DABE,Samsung 9kg Ecobubble Washer
1410,WW90CGC04DAEE,Samsung 9kg Eco Bubble Washer,,PRODUCT,SOA_ONLY,1,False,False,True,,,,,,,WW90CGC04DAEE,Samsung 9kg Eco Bubble Washer
1411,WW90CGC04DAEEU,Samsung 9kg Eco Bubble Washer White,WASHING MACHINES,PRODUCT,STOCK_ONLY,1,False,True,False,,,,WW90CGC04DAEEU,Samsung 9kg Eco Bubble Washer White,WASHING MACHINES,,
1412,WW90DG6U8,Samsung Series 6 9kg 1400 Spin,WASHING MACHINES,PRODUCT,SALES_ONLY,1,True,False,False,WW90DG6U8,Samsung Series 6 9kg 1400 Spin,WASHING MACHINES,,,,,
1413,WW90DG6U85LBU,Samsung Series 6 9kg 1400 Spin,,PRODUCT,SOA_ONLY,1,False,False,True,,,,,,,WW90DG6U85LBU,Samsung Series 6 9kg 1400 Spin
1414,WW90DG6U85LBU1,Samsung Series 6 Graphite Washing Machine,WASHING MACHINES,PRODUCT,STOCK_ONLY,1,False,True,False,,,,WW90DG6U85LBU1,Samsung Series 6 Graphite Washing Machine,WASHING MACHINES,,
1415,WW90DG6U85LEU,Samsung White 9kg 1400 Spin,,PRODUCT,SOA_ONLY,1,False,False,True,,,,,,,WW90DG6U85LEU,Samsung White 9kg 1400 Spin
1416,WW90T534DASAMSUNG,9KH AUTO DOSE,WASHING MACHINES,PRODUCT,SALES_ONLY,1,True,False,False,WW90T534DASAMSUNG,9KH AUTO DOSE,WASHING MACHINES,,,,,
1417,WWR15,Winterwarm 1.5KW Heater,HEATING,PRODUCT,SALES_ONLY,1,True,False,False,WWR15,Winterwarm 1.5KW Heater,HEATING,,,,,
1418,WWR20,Winterwarm 2kw Radiator,HEATING,PRODUCT,SALES_ONLY,1,True,False,False,WWR20,Winterwarm 2kw Radiator,HEATING,,,,,
1419,X1605ZA-MB1ASUS,"16"" i7 8GB/512 SSD Laptop",LAPTOPS,PRODUCT,SALES_ONLY,1,True,False,False,X1605ZA-MB1Asus,"16"" i7 8GB/512 SSD Laptop",LAPTOPS,,,,,
1420,XP-2205,Epson C11CK67402 Printer,PRINTERS,PRODUCT,SALES_ONLY,1,True,False,False,XP-2205,Epson C11CK67402 Printer,PRINTERS,,,,,
1421,XP2200,Epson XP-2200 Printer,,PRODUCT,SOA_ONLY,1,False,False,True,,,,,,,XP2200,Epson XP-2200 Printer
1422,XP3200,Epson Expression Home XP-3200,PRINTERS,PRODUCT,SALES_SOA,2,True,False,True,XP3200,Epson Expression Home XP-3200,PRINTERS,,,,XP3200,Epson Expression Home
1423,XP4200,Epson XP-4200 Printer,,PRODUCT,SOA_ONLY,1,False,False,True,,,,,,,XP4200,Epson XP-4200 Printer
1424,XR1600,Remington RX7 Shaver,,PRODUCT,SOA_ONLY,1,False,False,True,,,,,,,XR1600,Remington RX7 Shaver
1425,XRFSD5265,Liebherr SXS,FRIDGE FREEZERS,PRODUCT,SALES_ONLY,1,True,False,False,XRFSD5265,Liebherr SXS,FRIDGE FREEZERS,,,,,
1426,XRFSF5220,Liebherr SXB SFNSFD5227&RSFD5220,FRIDGE FREEZERS,PRODUCT,STOCK_ONLY,1,False,True,False,,,,XRFSF5220,Liebherr SXB SFNSFD5227&RSFD5220,FRIDGE FREEZERS,,
1427,YC-MS02U-S,Sharp 20L 800W Silver Microwave,MICROWAVE OVENS,PRODUCT,STOCK_ONLY,1,False,True,False,,,,YC-MS02U-S,Sharp 20L 800W Silver Microwave,MICROWAVE OVENS,,
1428,YC-MS252AU-B,SHARP MICROWAVE 25LTR,MICROWAVE OVENS,PRODUCT,STOCK_ONLY,1,False,True,False,,,,YC-MS252AU-B,SHARP MICROWAVE 25LTR,MICROWAVE OVENS,,
1429,Z1608BX0,Neff Clip Rail Full Extension St/St,WHITES ACCESSORIES,PRODUCT,SALES_ONLY,1,True,False,False,Z1608BX0,Neff Clip Rail Full Extension St/St,WHITES ACCESSORIES,,,,,
1430,Z1608CX0,Neff Clip Rail Full Extention Runners,WHITES ACCESSORIES,PRODUCT,SALES_ONLY,1,True,False,False,Z1608CX0,Neff Clip Rail Full Extention Runners,WHITES ACCESSORIES,,,,,
1431,ZCI66280XA,Zanussi 60cm Induction Cooker St/St,COOKERS,PRODUCT,SALES_ONLY,1,True,False,False,ZCI66280XA,Zanussi 60cm Induction Cooker St/St,COOKERS,,,,,
1432,ZJP05.C0DG,Kenwood Abbey Rose Gold Kettle,KETTLES,PRODUCT,SALES_ONLY,1,True,False,False,ZJP05.C0DG,Kenwood Abbey Rose Gold Kettle,KETTLES,,,,,
1433,ZJP09.000BK,Kenwood Black Dawn Kettle,KETTLES,PRODUCT,SALES_ONLY,1,True,False,False,ZJP09.000BK,Kenwood Black Dawn Kettle,KETTLES,,,,,
1434,ZJP11.A0PU,Kenwood Elegancy Purple 1.7 Kettle,KETTLES,PRODUCT,SALES_ONLY,1,True,False,False,ZJP11.A0PU,Kenwood Elegancy Purple 1.7 Kettle,KETTLES,,,,,
1435,ZMSN5SX,ZANUSSI INT MICROWAVE,INT MICROWAVES,PRODUCT,STOCK_ONLY,1,False,True,False,,,,ZMSN5SX,ZANUSSI INT MICROWAVE,INT MICROWAVES,,
1436,ZOOMBOXFMCD,"Boombox, FM/AM Radio, Stereo",RADIOS,PRODUCT,SALES_ONLY,1,True,False,False,ZOOMBOXFMCD,"Boombox, FM/AM Radio, Stereo",RADIOS,,,,,