Product_ID,Model,Store,Category,Description,Quantity,Stock_Status,Outstanding_Order_Qty,store_id
221,980531,Belfast,MICROWAVE OVENS,DIMPLEX 20 LITRE  800 WATT WHITE MANUAL,2,IN_STOCK,0,1
221,980531,Blanch,MICROWAVE OVENS,DIMPLEX 20 LITRE  800 WATT WHITE MANUAL,3,IN_STOCK,0,2
221,980531,Cavan,MICROWAVE OVENS,DIMPLEX 20 LITRE  800 WATT WHITE MANUAL,3,IN_STOCK,0,3
221,980531,Dundrum,MICROWAVE OVENS,DIMPLEX 20 LITRE  800 WATT WHITE MANUAL,1,IN_STOCK,0,4
221,980531,Gorey,MICROWAVE OVENS,DIMPLEX 20 LITRE  800 WATT WHITE MANUAL,0,OUT_OF_STOCK,0,5
221,980531,Navan,MICROWAVE OVENS,DIMPLEX 20 LITRE  800 WATT WHITE MANUAL,2,IN_STOCK,0,6
221,980531,Sandyford,MICROWAVE OVENS,DIMPLEX 20 LITRE  800 WATT WHITE MANUAL,3,IN_STOCK,0,7
222,980532,Belfast,MICROWAVE OVENS,DIMPLEX 20 LITRE  800 WATT SILVER MANUAL,1,IN_STOCK,0,1
222,980532,Blanch,MICROWAVE OVENS,DIMPLEX 20 LITRE  800 WATT SILVER MANUAL,4,IN_STOCK,0,2
222,980532,Cavan,MICROWAVE OVENS,DIMPLEX 20 LITRE  800 WATT SILVER MANUAL,2,IN_STOCK,0,3
222,980532,Dundrum,MICROWAVE OVENS,DIMPLEX 20 LITRE  800 WATT SILVER MANUAL,4,IN_STOCK,0,4
222,980532,Gorey,MICROWAVE OVENS,DIMPLEX 20 LITRE  800 WATT SILVER MANUAL,0,OUT_OF_STOCK,0,5
222,980532,Navan,MICROWAVE OVENS,DIMPLEX 20 LITRE  800 WATT SILVER MANUAL,4,IN_STOCK,0,6
222,980532,Sandyford,MICROWAVE OVENS,DIMPLEX 20 LITRE  800 WATT SILVER MANUAL,2,IN_STOCK,0,7
223,980533,Belfast,MICROWAVE OVENS,DIMPLEX 20 LITRE  800 WATT BLACK MANUAL,2,IN_STOCK,0,1
223,980533,Blanch,MICROWAVE OVENS,DIMPLEX 20 LITRE  800 WATT BLACK MANUAL,4,IN_STOCK,0,2
223,980533,Cavan,MICROWAVE OVENS,DIMPLEX 20 LITRE  800 WATT BLACK MANUAL,2,IN_STOCK,0,3
223,980533,Dundrum,MICROWAVE OVENS,DIMPLEX 20 LITRE  800 WATT BLACK MANUAL,1,IN_STOCK,0,4
223,980533,Gorey,MICROWAVE OVENS,DIMPLEX 20 LITRE  800 WATT BLACK MANUAL,-2,CUSTOMER_ORDER_OUTSTANDING,2,5
223,980533,Navan,MICROWAVE OVENS,DIMPLEX 20 LITRE  800 WATT BLACK MANUAL,2,IN_STOCK,0,6
223,980533,Sandyford,MICROWAVE OVENS,DIMPLEX 20 LITRE  800 WATT BLACK MANUAL,2,IN_STOCK,0,7
224,980535,Belfast,MICROWAVE OVENS,DIMPLEX 20 LITRE 800 WATT SILVER,1,IN_STOCK,0,1
224,980535,Blanch,MICROWAVE OVENS,DIMPLEX 20 LITRE 800 WATT SILVER,4,IN_STOCK,0,2
224,980535,Cavan,MICROWAVE OVENS,DIMPLEX 20 LITRE 800 WATT SILVER,3,IN_STOCK,0,3
224,980535,Dundrum,MICROWAVE OVENS,DIMPLEX 20 LITRE 800 WATT SILVER,2,IN_STOCK,0,4
224,980535,Gorey,MICROWAVE OVENS,DIMPLEX 20 LITRE 800 WATT SILVER,4,IN_STOCK,0,5
224,980535,Navan,MICROWAVE OVENS,DIMPLEX 20 LITRE 800 WATT SILVER,2,IN_STOCK,0,6
224,980535,Sandyford,MICROWAVE OVENS,DIMPLEX 20 LITRE 800 WATT SILVER,2,IN_STOCK,0,7
225,980536,Belfast,MICROWAVE OVENS,DIMPLEX 20 LITRE 800 WATT BLACK,1,IN_STOCK,0,1
225,980536,Blanch,MICROWAVE OVENS,DIMPLEX 20 LITRE 800 WATT BLACK,4,IN_STOCK,0,2
225,980536,Cavan,MICROWAVE OVENS,DIMPLEX 20 LITRE 800 WATT BLACK,1,IN_STOCK,0,3
225,980536,Dundrum,MICROWAVE OVENS,DIMPLEX 20 LITRE 800 WATT BLACK,2,IN_STOCK,0,4
225,980536,Gorey,MICROWAVE OVENS,DIMPLEX 20 LITRE 800 WATT BLACK,4,IN_STOCK,0,5
225,980536,Navan,MICROWAVE OVENS,DIMPLEX 20 LITRE 800 WATT BLACK,2,IN_STOCK,0,6
225,980536,Sandyford,MICROWAVE OVENS,DIMPLEX 20 LITRE 800 WATT BLACK,2,IN_STOCK,0,7
226,980538,Belfast,MICROWAVE OVENS,DIMPLEX 23 LITRE 900 WATT SILVER,1,IN_STOCK,0,1
226,980538,Blanch,MICROWAVE OVENS,DIMPLEX 23 LITRE 900 WATT SILVER,0,OUT_OF_STOCK,0,2
226,980538,Cavan,MICROWAVE OVENS,DIMPLEX 23 LITRE 900 WATT SILVER,1,IN_STOCK,0,3
226,980538,Dundrum,MICROWAVE OVENS,DIMPLEX 23 LITRE 900 WATT SILVER,1,IN_STOCK,0,4
226,980538,Gorey,MICROWAVE OVENS,DIMPLEX 23 LITRE 900 WATT SILVER,0,OUT_OF_STOCK,0,5
226,980538,Navan,MICROWAVE OVENS,DIMPLEX 23 LITRE 900 WATT SILVER,2,IN_STOCK,0,6
226,980538,Sandyford,MICROWAVE OVENS,DIMPLEX 23 LITRE 900 WATT SILVER,1,IN_STOCK,0,7
227,980539,Belfast,MICROWAVE OVENS,Dimplex Black 23L 900 Watts Microwave,2,IN_STOCK,0,1
227,980539,Blanch,MICROWAVE OVENS,Dimplex Black 23L 900 Watts Microwave,2,IN_STOCK,0,2
227,980539,Cavan,MICROWAVE OVENS,Dimplex Black 23L 900 Watts Microwave,2,IN_STOCK,0,3
227,980539,Dundrum,MICROWAVE OVENS,Dimplex Black 23L 900 Watts Microwave,1,IN_STOCK,0,4
227,980539,Gorey,MICROWAVE OVENS,Dimplex Black 23L 900 Watts Microwave,0,OUT_OF_STOCK,0,5
227,980539,Navan,MICROWAVE OVENS,Dimplex Black 23L 900 Watts Microwave,0,OUT_OF_STOCK,0,6
227,980539,Sandyford,MICROWAVE OVENS,Dimplex Black 23L 900 Watts Microwave,2,IN_STOCK,0,7
228,980543,Belfast,MICROWAVE OVENS,Sona 20L 700W White Microwave,3,IN_STOCK,0,1
228,980543,Blanch,MICROWAVE OVENS,Sona 20L 700W White Microwave,2,IN_STOCK,0,2
228,980543,Cavan,MICROWAVE OVENS,Sona 20L 700W White Microwave,0,OUT_OF_STOCK,0,3
228,980543,Dundrum,MICROWAVE OVENS,Sona 20L 700W White Microwave,2,IN_STOCK,0,4
228,980543,Gorey,MICROWAVE OVENS,Sona 20L 700W White Microwave,5,IN_STOCK,0,5
228,980543,Navan,MICROWAVE OVENS,Sona 20L 700W White Microwave,5,IN_STOCK,0,6
228,980543,Sandyford,MICROWAVE OVENS,Sona 20L 700W White Microwave,4,IN_STOCK,0,7
234,980585,Belfast,MICROWAVE OVENS,Dimplex 26L 900W Combi Microwave with Grill,1,IN_STOCK,0,1
234,980585,Blanch,MICROWAVE OVENS,Dimplex 26L 900W Combi Microwave with Grill,1,IN_STOCK,0,2
234,980585,Cavan,MICROWAVE OVENS,Dimplex 26L 900W Combi Microwave with Grill,1,IN_STOCK,0,3
234,980585,Dundrum,MICROWAVE OVENS,Dimplex 26L 900W Combi Microwave with Grill,1,IN_STOCK,0,4
234,980585,Gorey,MICROWAVE OVENS,Dimplex 26L 900W Combi Microwave with Grill,1,IN_STOCK,0,5
234,980585,Navan,MICROWAVE OVENS,Dimplex 26L 900W Combi Microwave with Grill,2,IN_STOCK,0,6
234,980585,Sandyford,MICROWAVE OVENS,Dimplex 26L 900W Combi Microwave with Grill,1,IN_STOCK,0,7
239,980610,Belfast,MICROWAVE OVENS,Sona 20L 700W White Microwave,0,OUT_OF_STOCK,0,1
239,980610,Blanch,MICROWAVE OVENS,Sona 20L 700W White Microwave,0,OUT_OF_STOCK,0,2
239,980610,Cavan,MICROWAVE OVENS,Sona 20L 700W White Microwave,3,IN_STOCK,0,3
239,980610,Dundrum,MICROWAVE OVENS,Sona 20L 700W White Microwave,4,IN_STOCK,0,4
239,980610,Gorey,MICROWAVE OVENS,Sona 20L 700W White Microwave,1,IN_STOCK,0,5
239,980610,Navan,MICROWAVE OVENS,Sona 20L 700W White Microwave,0,OUT_OF_STOCK,0,6
239,980610,Sandyford,MICROWAVE OVENS,Sona 20L 700W White Microwave,0,OUT_OF_STOCK,0,7
240,980611,Belfast,MICROWAVE OVENS,Sona Black 20L 700W Microwave,0,OUT_OF_STOCK,0,1
240,980611,Blanch,MICROWAVE OVENS,Sona Black 20L 700W Microwave,5,IN_STOCK,0,2
240,980611,Cavan,MICROWAVE OVENS,Sona Black 20L 700W Microwave,2,IN_STOCK,0,3
240,980611,Dundrum,MICROWAVE OVENS,Sona Black 20L 700W Microwave,2,IN_STOCK,0,4
240,980611,Gorey,MICROWAVE OVENS,Sona Black 20L 700W Microwave,1,IN_STOCK,0,5
240,980611,Navan,MICROWAVE OVENS,Sona Black 20L 700W Microwave,2,IN_STOCK,0,6
240,980611,Sandyford,MICROWAVE OVENS,Sona Black 20L 700W Microwave,4,IN_STOCK,0,7
241,980612,Belfast,MICROWAVE OVENS,Sona Sliver 20L 700W Microwave,0,OUT_OF_STOCK,0,1
241,980612,Blanch,MICROWAVE OVENS,Sona Sliver 20L 700W Microwave,4,IN_STOCK,0,2
241,980612,Cavan,MICROWAVE OVENS,Sona Sliver 20L 700W Microwave,0,OUT_OF_STOCK,0,3
241,980612,Dundrum,MICROWAVE OVENS,Sona Sliver 20L 700W Microwave,4,IN_STOCK,0,4
241,980612,Gorey,MICROWAVE OVENS,Sona Sliver 20L 700W Microwave,2,IN_STOCK,0,5
241,980612,Navan,MICROWAVE OVENS,Sona Sliver 20L 700W Microwave,0,OUT_OF_STOCK,0,6
241,980612,Sandyford,MICROWAVE OVENS,Sona Sliver 20L 700W Microwave,4,IN_STOCK,0,7
242,ABK818E6NC,Belfast,INT FREEZERS,AEG Integrated Freezer,0,OUT_OF_STOCK,0,1
242,ABK818E6NC,Blanch,INT FREEZERS,AEG Integrated Freezer,2,IN_STOCK,0,2
242,ABK818E6NC,Cavan,INT FREEZERS,AEG Integrated Freezer,0,OUT_OF_STOCK,0,3
242,ABK818E6NC,Dundrum,INT FREEZERS,AEG Integrated Freezer,1,IN_STOCK,0,4
242,ABK818E6NC,Gorey,INT FREEZERS,AEG Integrated Freezer,3,IN_STOCK,0,5
242,ABK818E6NC,Navan,INT FREEZERS,AEG Integrated Freezer,0,OUT_OF_STOCK,0,6
242,ABK818E6NC,Sandyford,INT FREEZERS,AEG Integrated Freezer,0,OUT_OF_STOCK,0,7
255,AFB18432,Belfast,INT FREEZERS,Whirlpool Integrated Tall Freezer,2,IN_STOCK,0,1
255,AFB18432,Blanch,INT FREEZERS,Whirlpool Integrated Tall Freezer,1,IN_STOCK,0,2
255,AFB18432,Cavan,INT FREEZERS,Whirlpool Integrated Tall Freezer,0,OUT_OF_STOCK,0,3
255,AFB18432,Dundrum,INT FREEZERS,Whirlpool Integrated Tall Freezer,0,OUT_OF_STOCK,0,4
255,AFB18432,Gorey,INT FREEZERS,Whirlpool Integrated Tall Freezer,2,IN_STOCK,0,5
255,AFB18432,Navan,INT FREEZERS,Whirlpool Integrated Tall Freezer,0,OUT_OF_STOCK,0,6
255,AFB18432,Sandyford,INT FREEZERS,Whirlpool Integrated Tall Freezer,1,IN_STOCK,0,7
272,B54CR71G0B,Belfast,SINGLE OVENS,Neff N70 Graphite Single Oven,1,IN_STOCK,0,1
272,B54CR71G0B,Blanch,SINGLE OVENS,Neff N70 Graphite Single Oven,3,IN_STOCK,0,2
272,B54CR71G0B,Cavan,SINGLE OVENS,Neff N70 Graphite Single Oven,6,IN_STOCK,0,3
272,B54CR71G0B,Dundrum,SINGLE OVENS,Neff N70 Graphite Single Oven,1,IN_STOCK,0,4
272,B54CR71G0B,Gorey,SINGLE OVENS,Neff N70 Graphite Single Oven,-1,CUSTOMER_ORDER_OUTSTANDING,1,5
272,B54CR71G0B,Navan,SINGLE OVENS,Neff N70 Graphite Single Oven,0,OUT_OF_STOCK,0,6
272,B54CR71G0B,Sandyford,SINGLE OVENS,Neff N70 Graphite Single Oven,2,IN_STOCK,0,7
273,B54CR71N0B,Belfast,SINGLE OVENS,Neff N70 St/St Single Oven,1,IN_STOCK,0,1
273,B54CR71N0B,Blanch,SINGLE OVENS,Neff N70 St/St Single Oven,0,OUT_OF_STOCK,0,2
273,B54CR71N0B,Cavan,SINGLE OVENS,Neff N70 St/St Single Oven,2,IN_STOCK,0,3
273,B54CR71N0B,Dundrum,SINGLE OVENS,Neff N70 St/St Single Oven,2,IN_STOCK,0,4
273,B54CR71N0B,Gorey,SINGLE OVENS,Neff N70 St/St Single Oven,4,IN_STOCK,0,5
273,B54CR71N0B,Navan,SINGLE OVENS,Neff N70 St/St Single Oven,0,OUT_OF_STOCK,0,6
273,B54CR71N0B,Sandyford,SINGLE OVENS,Neff N70 St/St Single Oven,0,OUT_OF_STOCK,0,7
274,B58CT68H0B,Belfast,SINGLE OVENS,Neff Single Oven Home Connect,0,OUT_OF_STOCK,0,1
274,B58CT68H0B,Blanch,SINGLE OVENS,Neff Single Oven Home Connect,1,IN_STOCK,0,2
274,B58CT68H0B,Cavan,SINGLE OVENS,Neff Single Oven Home Connect,4,IN_STOCK,0,3
274,B58CT68H0B,Dundrum,SINGLE OVENS,Neff Single Oven Home Connect,0,OUT_OF_STOCK,0,4
274,B58CT68H0B,Gorey,SINGLE OVENS,Neff Single Oven Home Connect,2,IN_STOCK,0,5
274,B58CT68H0B,Navan,SINGLE OVENS,Neff Single Oven Home Connect,1,IN_STOCK,0,6
274,B58CT68H0B,Sandyford,SINGLE OVENS,Neff Single Oven Home Connect,2,IN_STOCK,0,7
277,B64CS71G0B,Belfast,SINGLE OVENS,Neff Graphite Single Oven,1,IN_STOCK,0,1
277,B64CS71G0B,Blanch,SINGLE OVENS,Neff Graphite Single Oven,2,IN_STOCK,0,2
277,B64CS71G0B,Cavan,SINGLE OVENS,Neff Graphite Single Oven,2,IN_STOCK,0,3
277,B64CS71G0B,Dundrum,SINGLE OVENS,Neff Graphite Single Oven,0,OUT_OF_STOCK,0,4
277,B64CS71G0B,Gorey,SINGLE OVENS,Neff Graphite Single Oven,2,IN_STOCK,0,5
277,B64CS71G0B,Navan,SINGLE OVENS,Neff Graphite Single Oven,0,OUT_OF_STOCK,0,6
277,B64CS71G0B,Sandyford,SINGLE OVENS,Neff Graphite Single Oven,2,IN_STOCK,0,7
278,B64CT73G0B,Belfast,SINGLE OVENS,Neff Graphite Single Oven,2,IN_STOCK,0,1
278,B64CT73G0B,Blanch,SINGLE OVENS,Neff Graphite Single Oven,1,IN_STOCK,0,2
278,B64CT73G0B,Cavan,SINGLE OVENS,Neff Graphite Single Oven,4,IN_STOCK,0,3
278,B64CT73G0B,Dundrum,SINGLE OVENS,Neff Graphite Single Oven,0,OUT_OF_STOCK,0,4
278,B64CT73G0B,Gorey,SINGLE OVENS,Neff Graphite Single Oven,2,IN_STOCK,0,5
278,B64CT73G0B,Navan,SINGLE OVENS,Neff Graphite Single Oven,0,OUT_OF_STOCK,0,6
278,B64CT73G0B,Sandyford,SINGLE OVENS,Neff Graphite Single Oven,0,OUT_OF_STOCK,0,7
280,B64FT53G0B,Belfast,SINGLE OVENS,Neff Graphite Single Oven with Steam,1,IN_STOCK,0,1
280,B64FT53G0B,Blanch,SINGLE OVENS,Neff Graphite Single Oven with Steam,2,IN_STOCK,0,2
280,B64FT53G0B,Cavan,SINGLE OVENS,Neff Graphite Single Oven with Steam,1,IN_STOCK,0,3
280,B64FT53G0B,Dundrum,SINGLE OVENS,Neff Graphite Single Oven with Steam,1,IN_STOCK,0,4
280,B64FT53G0B,Gorey,SINGLE OVENS,Neff Graphite Single Oven with Steam,1,IN_STOCK,0,5
280,B64FT53G0B,Navan,SINGLE OVENS,Neff Graphite Single Oven with Steam,0,OUT_OF_STOCK,0,6
280,B64FT53G0B,Sandyford,SINGLE OVENS,Neff Graphite Single Oven with Steam,1,IN_STOCK,0,7
281,B64VS71G0B,Belfast,SINGLE OVENS,Neff Graphite Single Oven,1,IN_STOCK,0,1
281,B64VS71G0B,Blanch,SINGLE OVENS,Neff Graphite Single Oven,0,OUT_OF_STOCK,0,2
281,B64VS71G0B,Cavan,SINGLE OVENS,Neff Graphite Single Oven,3,IN_STOCK,0,3
281,B64VS71G0B,Dundrum,SINGLE OVENS,Neff Graphite Single Oven,0,OUT_OF_STOCK,0,4
281,B64VS71G0B,Gorey,SINGLE OVENS,Neff Graphite Single Oven,3,IN_STOCK,0,5
281,B64VS71G0B,Navan,SINGLE OVENS,Neff Graphite Single Oven,1,IN_STOCK,0,6
281,B64VS71G0B,Sandyford,SINGLE OVENS,Neff Graphite Single Oven,0,OUT_OF_STOCK,0,7
283,B6ACH7AG7B,Belfast,SINGLE OVENS,Neff N50 Graphite Single Oven,0,OUT_OF_STOCK,0,1
283,B6ACH7AG7B,Blanch,SINGLE OVENS,Neff N50 Graphite Single Oven,4,IN_STOCK,0,2
283,B6ACH7AG7B,Cavan,SINGLE OVENS,Neff N50 Graphite Single Oven,2,IN_STOCK,0,3
283,B6ACH7AG7B,Dundrum,SINGLE OVENS,Neff N50 Graphite Single Oven,2,IN_STOCK,0,4
283,B6ACH7AG7B,Gorey,SINGLE OVENS,Neff N50 Graphite Single Oven,0,OUT_OF_STOCK,0,5
283,B6ACH7AG7B,Navan,SINGLE OVENS,Neff N50 Graphite Single Oven,0,OUT_OF_STOCK,0,6
283,B6ACH7AG7B,Sandyford,SINGLE OVENS,Neff N50 Graphite Single Oven,1,IN_STOCK,0,7
297,BFL523MS0B,Belfast,INT MICROWAVES,*BOSCH MICROWAVE OVENS RED DISPLAY UPTO 800W 20L 5,2,IN_STOCK,0,1
297,BFL523MS0B,Blanch,INT MICROWAVES,*BOSCH MICROWAVE OVENS RED DISPLAY UPTO 800W 20L 5,2,IN_STOCK,0,2
297,BFL523MS0B,Cavan,INT MICROWAVES,*BOSCH MICROWAVE OVENS RED DISPLAY UPTO 800W 20L 5,4,IN_STOCK,0,3
297,BFL523MS0B,Dundrum,INT MICROWAVES,*BOSCH MICROWAVE OVENS RED DISPLAY UPTO 800W 20L 5,0,OUT_OF_STOCK,0,4
297,BFL523MS0B,Gorey,INT MICROWAVES,*BOSCH MICROWAVE OVENS RED DISPLAY UPTO 800W 20L 5,3,IN_STOCK,0,5
297,BFL523MS0B,Navan,INT MICROWAVES,*BOSCH MICROWAVE OVENS RED DISPLAY UPTO 800W 20L 5,0,OUT_OF_STOCK,0,6
297,BFL523MS0B,Sandyford,INT MICROWAVES,*BOSCH MICROWAVE OVENS RED DISPLAY UPTO 800W 20L 5,0,OUT_OF_STOCK,0,7
298,BFL553MB0B,Belfast,INT MICROWAVES,BOSCH MICROWAVE OVENS RED DISPLAY UPTO 900W 25L 5,1,IN_STOCK,0,1
298,BFL553MB0B,Blanch,INT MICROWAVES,BOSCH MICROWAVE OVENS RED DISPLAY UPTO 900W 25L 5,2,IN_STOCK,0,2
298,BFL553MB0B,Cavan,INT MICROWAVES,BOSCH MICROWAVE OVENS RED DISPLAY UPTO 900W 25L 5,4,IN_STOCK,0,3
298,BFL553MB0B,Dundrum,INT MICROWAVES,BOSCH MICROWAVE OVENS RED DISPLAY UPTO 900W 25L 5,0,OUT_OF_STOCK,0,4
298,BFL553MB0B,Gorey,INT MICROWAVES,BOSCH MICROWAVE OVENS RED DISPLAY UPTO 900W 25L 5,2,IN_STOCK,0,5
298,BFL553MB0B,Navan,INT MICROWAVES,BOSCH MICROWAVE OVENS RED DISPLAY UPTO 900W 25L 5,0,OUT_OF_STOCK,0,6
298,BFL553MB0B,Sandyford,INT MICROWAVES,BOSCH MICROWAVE OVENS RED DISPLAY UPTO 900W 25L 5,1,IN_STOCK,0,7
303,BI710C1B1B,Belfast,WARMING DRAWERS,Siemens Black 14cm Warming Drawer,2,IN_STOCK,0,1
303,BI710C1B1B,Blanch,WARMING DRAWERS,Siemens Black 14cm Warming Drawer,1,IN_STOCK,0,2
303,BI710C1B1B,Cavan,WARMING DRAWERS,Siemens Black 14cm Warming Drawer,1,IN_STOCK,0,3
303,BI710C1B1B,Dundrum,WARMING DRAWERS,Siemens Black 14cm Warming Drawer,0,OUT_OF_STOCK,0,4
303,BI710C1B1B,Gorey,WARMING DRAWERS,Siemens Black 14cm Warming Drawer,2,IN_STOCK,0,5
303,BI710C1B1B,Navan,WARMING DRAWERS,Siemens Black 14cm Warming Drawer,0,OUT_OF_STOCK,0,6
303,BI710C1B1B,Sandyford,WARMING DRAWERS,Siemens Black 14cm Warming Drawer,1,IN_STOCK,0,7
316,BRR29723EWW/EU,Belfast,INT FRIDGES,Samsung Built In Larder Fridge,0,OUT_OF_STOCK,0,1
316,BRR29723EWW/EU,Blanch,INT FRIDGES,Samsung Built In Larder Fridge,1,IN_STOCK,0,2
316,BRR29723EWW/EU,Cavan,INT FRIDGES,Samsung Built In Larder Fridge,3,IN_STOCK,0,3
316,BRR29723EWW/EU,Dundrum,INT FRIDGES,Samsung Built In Larder Fridge,0,OUT_OF_STOCK,0,4
316,BRR29723EWW/EU,Gorey,INT FRIDGES,Samsung Built In Larder Fridge,6,IN_STOCK,0,5
316,BRR29723EWW/EU,Navan,INT FRIDGES,Samsung Built In Larder Fridge,0,OUT_OF_STOCK,0,6
316,BRR29723EWW/EU,Sandyford,INT FRIDGES,Samsung Built In Larder Fridge,1,IN_STOCK,0,7
320,C1AMG84G1B,Belfast,SINGLE OVENS,*Neff Graphite N50 Integrated Combi Microwave,0,OUT_OF_STOCK,0,1
320,C1AMG84G1B,Blanch,SINGLE OVENS,*Neff Graphite N50 Integrated Combi Microwave,3,IN_STOCK,0,2
320,C1AMG84G1B,Cavan,SINGLE OVENS,*Neff Graphite N50 Integrated Combi Microwave,4,IN_STOCK,0,3
320,C1AMG84G1B,Dundrum,SINGLE OVENS,*Neff Graphite N50 Integrated Combi Microwave,0,OUT_OF_STOCK,0,4
320,C1AMG84G1B,Gorey,SINGLE OVENS,*Neff Graphite N50 Integrated Combi Microwave,3,IN_STOCK,0,5
320,C1AMG84G1B,Navan,SINGLE OVENS,*Neff Graphite N50 Integrated Combi Microwave,1,IN_STOCK,0,6
320,C1AMG84G1B,Sandyford,SINGLE OVENS,*Neff Graphite N50 Integrated Combi Microwave,1,IN_STOCK,0,7
323,C1AMG84N1B,Belfast,SINGLE OVENS,*Neff St/St Integrated Combi Microwave,2,IN_STOCK,0,1
323,C1AMG84N1B,Blanch,SINGLE OVENS,*Neff St/St Integrated Combi Microwave,1,IN_STOCK,0,2
323,C1AMG84N1B,Cavan,SINGLE OVENS,*Neff St/St Integrated Combi Microwave,2,IN_STOCK,0,3
323,C1AMG84N1B,Dundrum,SINGLE OVENS,*Neff St/St Integrated Combi Microwave,0,OUT_OF_STOCK,0,4
323,C1AMG84N1B,Gorey,SINGLE OVENS,*Neff St/St Integrated Combi Microwave,2,IN_STOCK,0,5
323,C1AMG84N1B,Navan,SINGLE OVENS,*Neff St/St Integrated Combi Microwave,0,OUT_OF_STOCK,0,6
323,C1AMG84N1B,Sandyford,SINGLE OVENS,*Neff St/St Integrated Combi Microwave,0,OUT_OF_STOCK,0,7
325,C24MR21G0B,Belfast,SINGLE OVENS,Neff N70 Compact Oven with Microwave Function,2,IN_STOCK,0,1
325,C24MR21G0B,Blanch,SINGLE OVENS,Neff N70 Compact Oven with Microwave Function,4,IN_STOCK,0,2
325,C24MR21G0B,Cavan,SINGLE OVENS,Neff N70 Compact Oven with Microwave Function,10,IN_STOCK,0,3
325,C24MR21G0B,Dundrum,SINGLE OVENS,Neff N70 Compact Oven with Microwave Function,0,OUT_OF_STOCK,0,4
325,C24MR21G0B,Gorey,SINGLE OVENS,Neff N70 Compact Oven with Microwave Function,7,IN_STOCK,0,5
325,C24MR21G0B,Navan,SINGLE OVENS,Neff N70 Compact Oven with Microwave Function,1,IN_STOCK,0,6
325,C24MR21G0B,Sandyford,SINGLE OVENS,Neff N70 Compact Oven with Microwave Function,1,IN_STOCK,0,7
326,C24MR21N0B,Belfast,SINGLE OVENS,Neff St/St Compact Oven with Microwave,1,IN_STOCK,0,1
326,C24MR21N0B,Blanch,SINGLE OVENS,Neff St/St Compact Oven with Microwave,1,IN_STOCK,0,2
326,C24MR21N0B,Cavan,SINGLE OVENS,Neff St/St Compact Oven with Microwave,2,IN_STOCK,0,3
326,C24MR21N0B,Dundrum,SINGLE OVENS,Neff St/St Compact Oven with Microwave,1,IN_STOCK,0,4
326,C24MR21N0B,Gorey,SINGLE OVENS,Neff St/St Compact Oven with Microwave,4,IN_STOCK,0,5
326,C24MR21N0B,Navan,SINGLE OVENS,Neff St/St Compact Oven with Microwave,0,OUT_OF_STOCK,0,6
326,C24MR21N0B,Sandyford,SINGLE OVENS,Neff St/St Compact Oven with Microwave,0,OUT_OF_STOCK,0,7
327,C24MS71G0B,Belfast,SINGLE OVENS,Neff Graphite Compact Oven with Microwave,1,IN_STOCK,0,1
327,C24MS71G0B,Blanch,SINGLE OVENS,Neff Graphite Compact Oven with Microwave,2,IN_STOCK,0,2
327,C24MS71G0B,Cavan,SINGLE OVENS,Neff Graphite Compact Oven with Microwave,2,IN_STOCK,0,3
327,C24MS71G0B,Dundrum,SINGLE OVENS,Neff Graphite Compact Oven with Microwave,1,IN_STOCK,0,4
327,C24MS71G0B,Gorey,SINGLE OVENS,Neff Graphite Compact Oven with Microwave,4,IN_STOCK,0,5
327,C24MS71G0B,Navan,SINGLE OVENS,Neff Graphite Compact Oven with Microwave,0,OUT_OF_STOCK,0,6
327,C24MS71G0B,Sandyford,SINGLE OVENS,Neff Graphite Compact Oven with Microwave,1,IN_STOCK,0,7
328,C24MT73G0B,Belfast,SINGLE OVENS,Neff Graphite Compact Oven with Microwave,1,IN_STOCK,0,1
328,C24MT73G0B,Blanch,SINGLE OVENS,Neff Graphite Compact Oven with Microwave,2,IN_STOCK,0,2
328,C24MT73G0B,Cavan,SINGLE OVENS,Neff Graphite Compact Oven with Microwave,1,IN_STOCK,0,3
328,C24MT73G0B,Dundrum,SINGLE OVENS,Neff Graphite Compact Oven with Microwave,0,OUT_OF_STOCK,0,4
328,C24MT73G0B,Gorey,SINGLE OVENS,Neff Graphite Compact Oven with Microwave,3,IN_STOCK,0,5
328,C24MT73G0B,Navan,SINGLE OVENS,Neff Graphite Compact Oven with Microwave,0,OUT_OF_STOCK,0,6
328,C24MT73G0B,Sandyford,SINGLE OVENS,Neff Graphite Compact Oven with Microwave,1,IN_STOCK,0,7
329,C29MR21Y0B,Belfast,SINGLE OVENS,Neff N 70 Flex Design Compact Oven,0,OUT_OF_STOCK,0,1
329,C29MR21Y0B,Blanch,SINGLE OVENS,Neff N 70 Flex Design Compact Oven,2,IN_STOCK,0,2
329,C29MR21Y0B,Cavan,SINGLE OVENS,Neff N 70 Flex Design Compact Oven,0,OUT_OF_STOCK,0,3
329,C29MR21Y0B,Dundrum,SINGLE OVENS,Neff N 70 Flex Design Compact Oven,0,OUT_OF_STOCK,0,4
329,C29MR21Y0B,Gorey,SINGLE OVENS,Neff N 70 Flex Design Compact Oven,4,IN_STOCK,0,5
329,C29MR21Y0B,Navan,SINGLE OVENS,Neff N 70 Flex Design Compact Oven,0,OUT_OF_STOCK,0,6
329,C29MR21Y0B,Sandyford,SINGLE OVENS,Neff N 70 Flex Design Compact Oven,1,IN_STOCK,0,7
344,CM724G1B1B,Belfast,SINGLE OVENS,Siemens Black Compact Oven with Microwave,1,IN_STOCK,0,1
344,CM724G1B1B,Blanch,SINGLE OVENS,Siemens Black Compact Oven with Microwave,1,IN_STOCK,0,2
344,CM724G1B1B,Cavan,SINGLE OVENS,Siemens Black Compact Oven with Microwave,1,IN_STOCK,0,3
344,CM724G1B1B,Dundrum,SINGLE OVENS,Siemens Black Compact Oven with Microwave,1,IN_STOCK,0,4
344,CM724G1B1B,Gorey,SINGLE OVENS,Siemens Black Compact Oven with Microwave,4,IN_STOCK,0,5
344,CM724G1B1B,Navan,SINGLE OVENS,Siemens Black Compact Oven with Microwave,0,OUT_OF_STOCK,0,6
344,CM724G1B1B,Sandyford,SINGLE OVENS,Siemens Black Compact Oven with Microwave,0,OUT_OF_STOCK,0,7
345,CM778GNB1B,Belfast,SINGLE OVENS,Siemens Black Compact Oven with Microwave,1,IN_STOCK,0,1
345,CM778GNB1B,Blanch,SINGLE OVENS,Siemens Black Compact Oven with Microwave,0,OUT_OF_STOCK,0,2
345,CM778GNB1B,Cavan,SINGLE OVENS,Siemens Black Compact Oven with Microwave,2,IN_STOCK,0,3
345,CM778GNB1B,Dundrum,SINGLE OVENS,Siemens Black Compact Oven with Microwave,1,IN_STOCK,0,4
345,CM778GNB1B,Gorey,SINGLE OVENS,Siemens Black Compact Oven with Microwave,7,IN_STOCK,0,5
345,CM778GNB1B,Navan,SINGLE OVENS,Siemens Black Compact Oven with Microwave,1,IN_STOCK,0,6
345,CM778GNB1B,Sandyford,SINGLE OVENS,Siemens Black Compact Oven with Microwave,1,IN_STOCK,0,7
346,CMG7241B1B,Belfast,SINGLE OVENS,Bosch Black Compact Oven with Microwave,1,IN_STOCK,0,1
346,CMG7241B1B,Blanch,SINGLE OVENS,Bosch Black Compact Oven with Microwave,1,IN_STOCK,0,2
346,CMG7241B1B,Cavan,SINGLE OVENS,Bosch Black Compact Oven with Microwave,2,IN_STOCK,0,3
346,CMG7241B1B,Dundrum,SINGLE OVENS,Bosch Black Compact Oven with Microwave,0,OUT_OF_STOCK,0,4
346,CMG7241B1B,Gorey,SINGLE OVENS,Bosch Black Compact Oven with Microwave,1,IN_STOCK,0,5
346,CMG7241B1B,Navan,SINGLE OVENS,Bosch Black Compact Oven with Microwave,0,OUT_OF_STOCK,0,6
346,CMG7241B1B,Sandyford,SINGLE OVENS,Bosch Black Compact Oven with Microwave,1,IN_STOCK,0,7
347,CONBFL523MB0B,Belfast,INT MICROWAVES,CONTRACT BOSCH MICROWAVE INTEGRATED,0,OUT_OF_STOCK,0,1
347,CONBFL523MB0B,Blanch,INT MICROWAVES,CONTRACT BOSCH MICROWAVE INTEGRATED,1,IN_STOCK,0,2
347,CONBFL523MB0B,Cavan,INT MICROWAVES,CONTRACT BOSCH MICROWAVE INTEGRATED,2,IN_STOCK,0,3
347,CONBFL523MB0B,Dundrum,INT MICROWAVES,CONTRACT BOSCH MICROWAVE INTEGRATED,1,IN_STOCK,0,4
347,CONBFL523MB0B,Gorey,INT MICROWAVES,CONTRACT BOSCH MICROWAVE INTEGRATED,2,IN_STOCK,0,5
347,CONBFL523MB0B,Navan,INT MICROWAVES,CONTRACT BOSCH MICROWAVE INTEGRATED,0,OUT_OF_STOCK,0,6
347,CONBFL523MB0B,Sandyford,INT MICROWAVES,CONTRACT BOSCH MICROWAVE INTEGRATED,0,OUT_OF_STOCK,0,7
348,CONKI5871SE0G,Belfast,INT FRIDGE FREEZERS,CONTRACT NEFF INT FRIDGE FREEZER,0,OUT_OF_STOCK,0,1
348,CONKI5871SE0G,Blanch,INT FRIDGE FREEZERS,CONTRACT NEFF INT FRIDGE FREEZER,0,OUT_OF_STOCK,0,2
348,CONKI5871SE0G,Cavan,INT FRIDGE FREEZERS,CONTRACT NEFF INT FRIDGE FREEZER,0,OUT_OF_STOCK,0,3
348,CONKI5871SE0G,Dundrum,INT FRIDGE FREEZERS,CONTRACT NEFF INT FRIDGE FREEZER,0,OUT_OF_STOCK,0,4
348,CONKI5871SE0G,Gorey,INT FRIDGE FREEZERS,CONTRACT NEFF INT FRIDGE FREEZER,8,IN_STOCK,0,5
348,CONKI5871SE0G,Navan,INT FRIDGE FREEZERS,CONTRACT NEFF INT FRIDGE FREEZER,0,OUT_OF_STOCK,0,6
348,CONKI5871SE0G,Sandyford,INT FRIDGE FREEZERS,CONTRACT NEFF INT FRIDGE FREEZER,0,OUT_OF_STOCK,0,7
349,CONS153HTX02G,Belfast,INT DISHWASHERS,CONTRACT NEFF INT DISHWASHER,0,OUT_OF_STOCK,0,1
349,CONS153HTX02G,Blanch,INT DISHWASHERS,CONTRACT NEFF INT DISHWASHER,0,OUT_OF_STOCK,0,2
349,CONS153HTX02G,Cavan,INT DISHWASHERS,CONTRACT NEFF INT DISHWASHER,1,IN_STOCK,0,3
349,CONS153HTX02G,Dundrum,INT DISHWASHERS,CONTRACT NEFF INT DISHWASHER,0,OUT_OF_STOCK,0,4
349,CONS153HTX02G,Gorey,INT DISHWASHERS,CONTRACT NEFF INT DISHWASHER,5,IN_STOCK,0,5
349,CONS153HTX02G,Navan,INT DISHWASHERS,CONTRACT NEFF INT DISHWASHER,0,OUT_OF_STOCK,0,6
349,CONS153HTX02G,Sandyford,INT DISHWASHERS,CONTRACT NEFF INT DISHWASHER,0,OUT_OF_STOCK,0,7
350,CONT36CA50X1U,Belfast,HOBS,CONTRACT NEFF HOB,0,OUT_OF_STOCK,0,1
350,CONT36CA50X1U,Blanch,HOBS,CONTRACT NEFF HOB,1,IN_STOCK,0,2
350,CONT36CA50X1U,Cavan,HOBS,CONTRACT NEFF HOB,0,OUT_OF_STOCK,0,3
350,CONT36CA50X1U,Dundrum,HOBS,CONTRACT NEFF HOB,0,OUT_OF_STOCK,0,4
350,CONT36CA50X1U,Gorey,HOBS,CONTRACT NEFF HOB,7,IN_STOCK,0,5
350,CONT36CA50X1U,Navan,HOBS,CONTRACT NEFF HOB,0,OUT_OF_STOCK,0,6
350,CONT36CA50X1U,Sandyford,HOBS,CONTRACT NEFF HOB,0,OUT_OF_STOCK,0,7
351,CONU1DCC0AK3B,Belfast,DOUBLE OVENS,Neff Black N30 Double Oven,0,OUT_OF_STOCK,0,1
351,CONU1DCC0AK3B,Blanch,DOUBLE OVENS,Neff Black N30 Double Oven,0,OUT_OF_STOCK,0,2
351,CONU1DCC0AK3B,Cavan,DOUBLE OVENS,Neff Black N30 Double Oven,0,OUT_OF_STOCK,0,3
351,CONU1DCC0AK3B,Dundrum,DOUBLE OVENS,Neff Black N30 Double Oven,0,OUT_OF_STOCK,0,4
351,CONU1DCC0AK3B,Gorey,DOUBLE OVENS,Neff Black N30 Double Oven,9,IN_STOCK,0,5
351,CONU1DCC0AK3B,Navan,DOUBLE OVENS,Neff Black N30 Double Oven,0,OUT_OF_STOCK,0,6
351,CONU1DCC0AK3B,Sandyford,DOUBLE OVENS,Neff Black N30 Double Oven,0,OUT_OF_STOCK,0,7
362,DCE731110M,Belfast,DOUBLE OVENS,AEG St/St Double Oven,2,IN_STOCK,0,1
362,DCE731110M,Blanch,DOUBLE OVENS,AEG St/St Double Oven,2,IN_STOCK,0,2
362,DCE731110M,Cavan,DOUBLE OVENS,AEG St/St Double Oven,1,IN_STOCK,0,3
362,DCE731110M,Dundrum,DOUBLE OVENS,AEG St/St Double Oven,1,IN_STOCK,0,4
362,DCE731110M,Gorey,DOUBLE OVENS,AEG St/St Double Oven,4,IN_STOCK,0,5
362,DCE731110M,Navan,DOUBLE OVENS,AEG St/St Double Oven,0,OUT_OF_STOCK,0,6
362,DCE731110M,Sandyford,DOUBLE OVENS,AEG St/St Double Oven,0,OUT_OF_STOCK,0,7
376,DF587HMS,Belfast,DISHWASHERS,LG Black 60cm Dishwasher,0,OUT_OF_STOCK,0,1
376,DF587HMS,Blanch,DISHWASHERS,LG Black 60cm Dishwasher,2,IN_STOCK,0,2
376,DF587HMS,Cavan,DISHWASHERS,LG Black 60cm Dishwasher,2,IN_STOCK,0,3
376,DF587HMS,Dundrum,DISHWASHERS,LG Black 60cm Dishwasher,0,OUT_OF_STOCK,0,4
376,DF587HMS,Gorey,DISHWASHERS,LG Black 60cm Dishwasher,1,IN_STOCK,0,5
376,DF587HMS,Navan,DISHWASHERS,LG Black 60cm Dishwasher,0,OUT_OF_STOCK,0,6
376,DF587HMS,Sandyford,DISHWASHERS,LG Black 60cm Dishwasher,1,IN_STOCK,0,7
377,DF63,Belfast,INT DISHWASHERS,Nordmende 60cm Integrated Dishwasher,0,OUT_OF_STOCK,0,1
377,DF63,Blanch,INT DISHWASHERS,Nordmende 60cm Integrated Dishwasher,0,OUT_OF_STOCK,0,2
377,DF63,Cavan,INT DISHWASHERS,Nordmende 60cm Integrated Dishwasher,0,OUT_OF_STOCK,0,3
377,DF63,Dundrum,INT DISHWASHERS,Nordmende 60cm Integrated Dishwasher,0,OUT_OF_STOCK,0,4
377,DF63,Gorey,INT DISHWASHERS,Nordmende 60cm Integrated Dishwasher,121,IN_STOCK,0,5
377,DF63,Navan,INT DISHWASHERS,Nordmende 60cm Integrated Dishwasher,0,OUT_OF_STOCK,0,6
377,DF63,Sandyford,INT DISHWASHERS,Nordmende 60cm Integrated Dishwasher,0,OUT_OF_STOCK,0,7
380,DGE5861HM,Belfast,COOKER HOODS,AEG 80cm Canopy Cooker Hood,2,IN_STOCK,0,1
380,DGE5861HM,Blanch,COOKER HOODS,AEG 80cm Canopy Cooker Hood,2,IN_STOCK,0,2
380,DGE5861HM,Cavan,COOKER HOODS,AEG 80cm Canopy Cooker Hood,0,OUT_OF_STOCK,0,3
380,DGE5861HM,Dundrum,COOKER HOODS,AEG 80cm Canopy Cooker Hood,0,OUT_OF_STOCK,0,4
380,DGE5861HM,Gorey,COOKER HOODS,AEG 80cm Canopy Cooker Hood,2,IN_STOCK,0,5
380,DGE5861HM,Navan,COOKER HOODS,AEG 80cm Canopy Cooker Hood,0,OUT_OF_STOCK,0,6
380,DGE5861HM,Sandyford,COOKER HOODS,AEG 80cm Canopy Cooker Hood,1,IN_STOCK,0,7
381,DI362DQ,Belfast,INT DISHWASHERS,Smeg Integrated Dishwasher New,4,IN_STOCK,0,1
381,DI362DQ,Blanch,INT DISHWASHERS,Smeg Integrated Dishwasher New,8,IN_STOCK,0,2
381,DI362DQ,Cavan,INT DISHWASHERS,Smeg Integrated Dishwasher New,11,IN_STOCK,0,3
381,DI362DQ,Dundrum,INT DISHWASHERS,Smeg Integrated Dishwasher New,1,IN_STOCK,0,4
381,DI362DQ,Gorey,INT DISHWASHERS,Smeg Integrated Dishwasher New,16,IN_STOCK,0,5
381,DI362DQ,Navan,INT DISHWASHERS,Smeg Integrated Dishwasher New,1,IN_STOCK,0,6
381,DI362DQ,Sandyford,INT DISHWASHERS,Smeg Integrated Dishwasher New,1,IN_STOCK,0,7
382,DII10DIX,Belfast,DOUBLE OVENS,Indesit St/St Double Oven,0,OUT_OF_STOCK,0,1
382,DII10DIX,Blanch,DOUBLE OVENS,Indesit St/St Double Oven,4,IN_STOCK,0,2
382,DII10DIX,Cavan,DOUBLE OVENS,Indesit St/St Double Oven,1,IN_STOCK,0,3
382,DII10DIX,Dundrum,DOUBLE OVENS,Indesit St/St Double Oven,0,OUT_OF_STOCK,0,4
382,DII10DIX,Gorey,DOUBLE OVENS,Indesit St/St Double Oven,12,IN_STOCK,0,5
382,DII10DIX,Navan,DOUBLE OVENS,Indesit St/St Double Oven,1,IN_STOCK,0,6
382,DII10DIX,Sandyford,DOUBLE OVENS,Indesit St/St Double Oven,0,OUT_OF_STOCK,0,7
394,DV90DB8845GBU1,Belfast,TUMBLE DRYERS,Samsung Series 8 9kg Heat Pump Dryer,1,IN_STOCK,0,1
394,DV90DB8845GBU1,Blanch,TUMBLE DRYERS,Samsung Series 8 9kg Heat Pump Dryer,4,IN_STOCK,0,2
394,DV90DB8845GBU1,Cavan,TUMBLE DRYERS,Samsung Series 8 9kg Heat Pump Dryer,3,IN_STOCK,0,3
394,DV90DB8845GBU1,Dundrum,TUMBLE DRYERS,Samsung Series 8 9kg Heat Pump Dryer,1,IN_STOCK,0,4
394,DV90DB8845GBU1,Gorey,TUMBLE DRYERS,Samsung Series 8 9kg Heat Pump Dryer,7,IN_STOCK,0,5
394,DV90DB8845GBU1,Navan,TUMBLE DRYERS,Samsung Series 8 9kg Heat Pump Dryer,-1,CUSTOMER_ORDER_OUTSTANDING,1,6
394,DV90DB8845GBU1,Sandyford,TUMBLE DRYERS,Samsung Series 8 9kg Heat Pump Dryer,1,IN_STOCK,0,7
397,DV90DG52A0AEEU,Belfast,TUMBLE DRYERS,Samsung Series 5 Tumble Dryer,0,OUT_OF_STOCK,0,1
397,DV90DG52A0AEEU,Blanch,TUMBLE DRYERS,Samsung Series 5 Tumble Dryer,4,IN_STOCK,0,2
397,DV90DG52A0AEEU,Cavan,TUMBLE DRYERS,Samsung Series 5 Tumble Dryer,3,IN_STOCK,0,3
397,DV90DG52A0AEEU,Dundrum,TUMBLE DRYERS,Samsung Series 5 Tumble Dryer,1,IN_STOCK,0,4
397,DV90DG52A0AEEU,Gorey,TUMBLE DRYERS,Samsung Series 5 Tumble Dryer,3,IN_STOCK,0,5
397,DV90DG52A0AEEU,Navan,TUMBLE DRYERS,Samsung Series 5 Tumble Dryer,1,IN_STOCK,0,6
397,DV90DG52A0AEEU,Sandyford,TUMBLE DRYERS,Samsung Series 5 Tumble Dryer,1,IN_STOCK,0,7
398,DV90DG6845LBU1,Belfast,TUMBLE DRYERS,Samsung Series 6 9kg Heat Pump Dryer,1,IN_STOCK,0,1
398,DV90DG6845LBU1,Blanch,TUMBLE DRYERS,Samsung Series 6 9kg Heat Pump Dryer,1,IN_STOCK,0,2
398,DV90DG6845LBU1,Cavan,TUMBLE DRYERS,Samsung Series 6 9kg Heat Pump Dryer,4,IN_STOCK,0,3
398,DV90DG6845LBU1,Dundrum,TUMBLE DRYERS,Samsung Series 6 9kg Heat Pump Dryer,1,IN_STOCK,0,4
398,DV90DG6845LBU1,Gorey,TUMBLE DRYERS,Samsung Series 6 9kg Heat Pump Dryer,0,OUT_OF_STOCK,0,5
398,DV90DG6845LBU1,Navan,TUMBLE DRYERS,Samsung Series 6 9kg Heat Pump Dryer,0,OUT_OF_STOCK,0,6
398,DV90DG6845LBU1,Sandyford,TUMBLE DRYERS,Samsung Series 6 9kg Heat Pump Dryer,0,OUT_OF_STOCK,0,7
399,DV90DG6845LEU1,Belfast,TUMBLE DRYERS,Sumsung White 9kg Heat Pump Dryer,1,IN_STOCK,0,1
399,DV90DG6845LEU1,Blanch,TUMBLE DRYERS,Sumsung White 9kg Heat Pump Dryer,0,OUT_OF_STOCK,0,2
399,DV90DG6845LEU1,Cavan,TUMBLE DRYERS,Sumsung White 9kg Heat Pump Dryer,1,IN_STOCK,0,3
399,DV90DG6845LEU1,Dundrum,TUMBLE DRYERS,Sumsung White 9kg Heat Pump Dryer,1,IN_STOCK,0,4
399,DV90DG6845LEU1,Gorey,TUMBLE DRYERS,Sumsung White 9kg Heat Pump Dryer,1,IN_STOCK,0,5
399,DV90DG6845LEU1,Navan,TUMBLE DRYERS,Sumsung White 9kg Heat Pump Dryer,1,IN_STOCK,0,6
399,DV90DG6845LEU1,Sandyford,TUMBLE DRYERS,Sumsung White 9kg Heat Pump Dryer,1,IN_STOCK,0,7
413,DW642WH,Belfast,DISHWASHERS,NordMende 60cm Freestanding Dishwasher White,0,OUT_OF_STOCK,0,1
413,DW642WH,Blanch,DISHWASHERS,NordMende 60cm Freestanding Dishwasher White,4,IN_STOCK,0,2
413,DW642WH,Cavan,DISHWASHERS,NordMende 60cm Freestanding Dishwasher White,1,IN_STOCK,0,3
413,DW642WH,Dundrum,DISHWASHERS,NordMende 60cm Freestanding Dishwasher White,1,IN_STOCK,0,4
413,DW642WH,Gorey,DISHWASHERS,NordMende 60cm Freestanding Dishwasher White,2,IN_STOCK,0,5
413,DW642WH,Navan,DISHWASHERS,NordMende 60cm Freestanding Dishwasher White,0,OUT_OF_STOCK,0,6
413,DW642WH,Sandyford,DISHWASHERS,NordMende 60cm Freestanding Dishwasher White,1,IN_STOCK,0,7
433,ED851HQ26E,Belfast,HOBS,Siemens iQ500 80cm Venting Hob,0,OUT_OF_STOCK,0,1
433,ED851HQ26E,Blanch,HOBS,Siemens iQ500 80cm Venting Hob,3,IN_STOCK,0,2
433,ED851HQ26E,Cavan,HOBS,Siemens iQ500 80cm Venting Hob,0,OUT_OF_STOCK,0,3
433,ED851HQ26E,Dundrum,HOBS,Siemens iQ500 80cm Venting Hob,1,IN_STOCK,0,4
433,ED851HQ26E,Gorey,HOBS,Siemens iQ500 80cm Venting Hob,1,IN_STOCK,0,5
433,ED851HQ26E,Navan,HOBS,Siemens iQ500 80cm Venting Hob,0,OUT_OF_STOCK,0,6
433,ED851HQ26E,Sandyford,HOBS,Siemens iQ500 80cm Venting Hob,1,IN_STOCK,0,7
434,ED851HWB1E,Belfast,HOBS,Siemens iQ500 80cm Induction Hob,1,IN_STOCK,0,1
434,ED851HWB1E,Blanch,HOBS,Siemens iQ500 80cm Induction Hob,1,IN_STOCK,0,2
434,ED851HWB1E,Cavan,HOBS,Siemens iQ500 80cm Induction Hob,2,IN_STOCK,0,3
434,ED851HWB1E,Dundrum,HOBS,Siemens iQ500 80cm Induction Hob,1,IN_STOCK,0,4
434,ED851HWB1E,Gorey,HOBS,Siemens iQ500 80cm Induction Hob,1,IN_STOCK,0,5
434,ED851HWB1E,Navan,HOBS,Siemens iQ500 80cm Induction Hob,1,IN_STOCK,0,6
434,ED851HWB1E,Sandyford,HOBS,Siemens iQ500 80cm Induction Hob,1,IN_STOCK,0,7
435,EDFDC46K,Belfast,DOUBLE OVENS,Electrolux BLACK Double Oven,2,IN_STOCK,0,1
435,EDFDC46K,Blanch,DOUBLE OVENS,Electrolux BLACK Double Oven,3,IN_STOCK,0,2
435,EDFDC46K,Cavan,DOUBLE OVENS,Electrolux BLACK Double Oven,3,IN_STOCK,0,3
435,EDFDC46K,Dundrum,DOUBLE OVENS,Electrolux BLACK Double Oven,1,IN_STOCK,0,4
435,EDFDC46K,Gorey,DOUBLE OVENS,Electrolux BLACK Double Oven,10,IN_STOCK,0,5
435,EDFDC46K,Navan,DOUBLE OVENS,Electrolux BLACK Double Oven,1,IN_STOCK,0,6
435,EDFDC46K,Sandyford,DOUBLE OVENS,Electrolux BLACK Double Oven,1,IN_STOCK,0,7
436,EDFDC46UX,Belfast,DOUBLE OVENS,Electrolux Built Under Double Oven,2,IN_STOCK,0,1
436,EDFDC46UX,Blanch,DOUBLE OVENS,Electrolux Built Under Double Oven,1,IN_STOCK,0,2
436,EDFDC46UX,Cavan,DOUBLE OVENS,Electrolux Built Under Double Oven,3,IN_STOCK,0,3
436,EDFDC46UX,Dundrum,DOUBLE OVENS,Electrolux Built Under Double Oven,0,OUT_OF_STOCK,0,4
436,EDFDC46UX,Gorey,DOUBLE OVENS,Electrolux Built Under Double Oven,0,OUT_OF_STOCK,0,5
436,EDFDC46UX,Navan,DOUBLE OVENS,Electrolux Built Under Double Oven,0,OUT_OF_STOCK,0,6
436,EDFDC46UX,Sandyford,DOUBLE OVENS,Electrolux Built Under Double Oven,0,OUT_OF_STOCK,0,7
437,EDFDC46X,Belfast,DOUBLE OVENS,Electrolux Double Oven St/St,2,IN_STOCK,0,1
437,EDFDC46X,Blanch,DOUBLE OVENS,Electrolux Double Oven St/St,5,IN_STOCK,0,2
437,EDFDC46X,Cavan,DOUBLE OVENS,Electrolux Double Oven St/St,5,IN_STOCK,0,3
437,EDFDC46X,Dundrum,DOUBLE OVENS,Electrolux Double Oven St/St,1,IN_STOCK,0,4
437,EDFDC46X,Gorey,DOUBLE OVENS,Electrolux Double Oven St/St,11,IN_STOCK,0,5
437,EDFDC46X,Navan,DOUBLE OVENS,Electrolux Double Oven St/St,0,OUT_OF_STOCK,0,6
437,EDFDC46X,Sandyford,DOUBLE OVENS,Electrolux Double Oven St/St,0,OUT_OF_STOCK,0,7
439,EDHI618WD,Belfast,TUMBLE DRYERS,Electrolux 8kg Heat Pump Dryer,2,IN_STOCK,0,1
439,EDHI618WD,Blanch,TUMBLE DRYERS,Electrolux 8kg Heat Pump Dryer,8,IN_STOCK,0,2
439,EDHI618WD,Cavan,TUMBLE DRYERS,Electrolux 8kg Heat Pump Dryer,13,IN_STOCK,0,3
439,EDHI618WD,Dundrum,TUMBLE DRYERS,Electrolux 8kg Heat Pump Dryer,1,IN_STOCK,0,4
439,EDHI618WD,Gorey,TUMBLE DRYERS,Electrolux 8kg Heat Pump Dryer,9,IN_STOCK,0,5
439,EDHI618WD,Navan,TUMBLE DRYERS,Electrolux 8kg Heat Pump Dryer,1,IN_STOCK,0,6
439,EDHI618WD,Sandyford,TUMBLE DRYERS,Electrolux 8kg Heat Pump Dryer,0,OUT_OF_STOCK,0,7
440,EDHI6285B,Belfast,TUMBLE DRYERS,Electrolux 8kg Heat Pump Dryer,3,IN_STOCK,0,1
440,EDHI6285B,Blanch,TUMBLE DRYERS,Electrolux 8kg Heat Pump Dryer,8,IN_STOCK,0,2
440,EDHI6285B,Cavan,TUMBLE DRYERS,Electrolux 8kg Heat Pump Dryer,21,IN_STOCK,0,3
440,EDHI6285B,Dundrum,TUMBLE DRYERS,Electrolux 8kg Heat Pump Dryer,1,IN_STOCK,0,4
440,EDHI6285B,Gorey,TUMBLE DRYERS,Electrolux 8kg Heat Pump Dryer,19,IN_STOCK,0,5
440,EDHI6285B,Navan,TUMBLE DRYERS,Electrolux 8kg Heat Pump Dryer,1,IN_STOCK,0,6
440,EDHI6285B,Sandyford,TUMBLE DRYERS,Electrolux 8kg Heat Pump Dryer,1,IN_STOCK,0,7
441,EDHI739U4B,Belfast,TUMBLE DRYERS,Electrolux 9kg Heat Pump Dryer,2,IN_STOCK,0,1
441,EDHI739U4B,Blanch,TUMBLE DRYERS,Electrolux 9kg Heat Pump Dryer,5,IN_STOCK,0,2
441,EDHI739U4B,Cavan,TUMBLE DRYERS,Electrolux 9kg Heat Pump Dryer,15,IN_STOCK,0,3
441,EDHI739U4B,Dundrum,TUMBLE DRYERS,Electrolux 9kg Heat Pump Dryer,1,IN_STOCK,0,4
441,EDHI739U4B,Gorey,TUMBLE DRYERS,Electrolux 9kg Heat Pump Dryer,23,IN_STOCK,0,5
441,EDHI739U4B,Navan,TUMBLE DRYERS,Electrolux 9kg Heat Pump Dryer,1,IN_STOCK,0,6
441,EDHI739U4B,Sandyford,TUMBLE DRYERS,Electrolux 9kg Heat Pump Dryer,1,IN_STOCK,0,7
442,EES47410L,Belfast,INT DISHWASHERS,Electrolux Integrated Dishwasher,3,IN_STOCK,0,1
442,EES47410L,Blanch,INT DISHWASHERS,Electrolux Integrated Dishwasher,1,IN_STOCK,0,2
442,EES47410L,Cavan,INT DISHWASHERS,Electrolux Integrated Dishwasher,1,IN_STOCK,0,3
442,EES47410L,Dundrum,INT DISHWASHERS,Electrolux Integrated Dishwasher,0,OUT_OF_STOCK,0,4
442,EES47410L,Gorey,INT DISHWASHERS,Electrolux Integrated Dishwasher,1,IN_STOCK,0,5
442,EES47410L,Navan,INT DISHWASHERS,Electrolux Integrated Dishwasher,0,OUT_OF_STOCK,0,6
442,EES47410L,Sandyford,INT DISHWASHERS,Electrolux Integrated Dishwasher,0,OUT_OF_STOCK,0,7
443,EES48410L,Belfast,INT DISHWASHERS,Electrolux Integrated Dishwasher,4,IN_STOCK,0,1
443,EES48410L,Blanch,INT DISHWASHERS,Electrolux Integrated Dishwasher,6,IN_STOCK,0,2
443,EES48410L,Cavan,INT DISHWASHERS,Electrolux Integrated Dishwasher,8,IN_STOCK,0,3
443,EES48410L,Dundrum,INT DISHWASHERS,Electrolux Integrated Dishwasher,1,IN_STOCK,0,4
443,EES48410L,Gorey,INT DISHWASHERS,Electrolux Integrated Dishwasher,9,IN_STOCK,0,5
443,EES48410L,Navan,INT DISHWASHERS,Electrolux Integrated Dishwasher,2,IN_STOCK,0,6
443,EES48410L,Sandyford,INT DISHWASHERS,Electrolux Integrated Dishwasher,1,IN_STOCK,0,7
444,EFI61141B,Belfast,WASHING MACHINES,Electrolux 10kg 1400 Spin Washing Machine,4,IN_STOCK,0,1
444,EFI61141B,Blanch,WASHING MACHINES,Electrolux 10kg 1400 Spin Washing Machine,2,IN_STOCK,0,2
444,EFI61141B,Cavan,WASHING MACHINES,Electrolux 10kg 1400 Spin Washing Machine,15,IN_STOCK,0,3
444,EFI61141B,Dundrum,WASHING MACHINES,Electrolux 10kg 1400 Spin Washing Machine,1,IN_STOCK,0,4
444,EFI61141B,Gorey,WASHING MACHINES,Electrolux 10kg 1400 Spin Washing Machine,3,IN_STOCK,0,5
444,EFI61141B,Navan,WASHING MACHINES,Electrolux 10kg 1400 Spin Washing Machine,2,IN_STOCK,0,6
444,EFI61141B,Sandyford,WASHING MACHINES,Electrolux 10kg 1400 Spin Washing Machine,1,IN_STOCK,0,7
445,EFI61841B,Belfast,WASHING MACHINES,Electrolux 8kg 1400 Spin Washing Machine,3,IN_STOCK,0,1
445,EFI61841B,Blanch,WASHING MACHINES,Electrolux 8kg 1400 Spin Washing Machine,3,IN_STOCK,0,2
445,EFI61841B,Cavan,WASHING MACHINES,Electrolux 8kg 1400 Spin Washing Machine,15,IN_STOCK,0,3
445,EFI61841B,Dundrum,WASHING MACHINES,Electrolux 8kg 1400 Spin Washing Machine,0,OUT_OF_STOCK,0,4
445,EFI61841B,Gorey,WASHING MACHINES,Electrolux 8kg 1400 Spin Washing Machine,13,IN_STOCK,0,5
445,EFI61841B,Navan,WASHING MACHINES,Electrolux 8kg 1400 Spin Washing Machine,1,IN_STOCK,0,6
445,EFI61841B,Sandyford,WASHING MACHINES,Electrolux 8kg 1400 Spin Washing Machine,1,IN_STOCK,0,7
446,EFI61941B,Belfast,WASHING MACHINES,Electrolux 9kg 1400 Spin Washing Machine,4,IN_STOCK,0,1
446,EFI61941B,Blanch,WASHING MACHINES,Electrolux 9kg 1400 Spin Washing Machine,5,IN_STOCK,0,2
446,EFI61941B,Cavan,WASHING MACHINES,Electrolux 9kg 1400 Spin Washing Machine,10,IN_STOCK,0,3
446,EFI61941B,Dundrum,WASHING MACHINES,Electrolux 9kg 1400 Spin Washing Machine,0,OUT_OF_STOCK,0,4
446,EFI61941B,Gorey,WASHING MACHINES,Electrolux 9kg 1400 Spin Washing Machine,17,IN_STOCK,0,5
446,EFI61941B,Navan,WASHING MACHINES,Electrolux 9kg 1400 Spin Washing Machine,1,IN_STOCK,0,6
446,EFI61941B,Sandyford,WASHING MACHINES,Electrolux 9kg 1400 Spin Washing Machine,1,IN_STOCK,0,7
447,EFI62142B,Belfast,WASHING MACHINES,Electrolux 10kg 1400 Spin Washing Machine,2,IN_STOCK,0,1
447,EFI62142B,Blanch,WASHING MACHINES,Electrolux 10kg 1400 Spin Washing Machine,4,IN_STOCK,0,2
447,EFI62142B,Cavan,WASHING MACHINES,Electrolux 10kg 1400 Spin Washing Machine,11,IN_STOCK,0,3
447,EFI62142B,Dundrum,WASHING MACHINES,Electrolux 10kg 1400 Spin Washing Machine,1,IN_STOCK,0,4
447,EFI62142B,Gorey,WASHING MACHINES,Electrolux 10kg 1400 Spin Washing Machine,5,IN_STOCK,0,5
447,EFI62142B,Navan,WASHING MACHINES,Electrolux 10kg 1400 Spin Washing Machine,1,IN_STOCK,0,6
447,EFI62142B,Sandyford,WASHING MACHINES,Electrolux 10kg 1400 Spin Washing Machine,1,IN_STOCK,0,7
448,EFI63142UD,Belfast,WASHING MACHINES,Electrolux 10kg 1400 Spin Universal Dose Washer,4,IN_STOCK,0,1
448,EFI63142UD,Blanch,WASHING MACHINES,Electrolux 10kg 1400 Spin Universal Dose Washer,4,IN_STOCK,0,2
448,EFI63142UD,Cavan,WASHING MACHINES,Electrolux 10kg 1400 Spin Universal Dose Washer,8,IN_STOCK,0,3
448,EFI63142UD,Dundrum,WASHING MACHINES,Electrolux 10kg 1400 Spin Universal Dose Washer,1,IN_STOCK,0,4
448,EFI63142UD,Gorey,WASHING MACHINES,Electrolux 10kg 1400 Spin Universal Dose Washer,16,IN_STOCK,0,5
448,EFI63142UD,Navan,WASHING MACHINES,Electrolux 10kg 1400 Spin Universal Dose Washer,1,IN_STOCK,0,6
448,EFI63142UD,Sandyford,WASHING MACHINES,Electrolux 10kg 1400 Spin Universal Dose Washer,1,IN_STOCK,0,7
449,EGS6426SX,Belfast,GAS HOBS,Electrolux 60cm St/St Gas Hob,0,OUT_OF_STOCK,0,1
449,EGS6426SX,Blanch,GAS HOBS,Electrolux 60cm St/St Gas Hob,2,IN_STOCK,0,2
449,EGS6426SX,Cavan,GAS HOBS,Electrolux 60cm St/St Gas Hob,2,IN_STOCK,0,3
449,EGS6426SX,Dundrum,GAS HOBS,Electrolux 60cm St/St Gas Hob,0,OUT_OF_STOCK,0,4
449,EGS6426SX,Gorey,GAS HOBS,Electrolux 60cm St/St Gas Hob,3,IN_STOCK,0,5
449,EGS6426SX,Navan,GAS HOBS,Electrolux 60cm St/St Gas Hob,0,OUT_OF_STOCK,0,6
449,EGS6426SX,Sandyford,GAS HOBS,Electrolux 60cm St/St Gas Hob,0,OUT_OF_STOCK,0,7
450,EHF6140ISK,Belfast,HOBS,ELECTROLUX 60CM HOB,1,IN_STOCK,0,1
450,EHF6140ISK,Blanch,HOBS,ELECTROLUX 60CM HOB,1,IN_STOCK,0,2
450,EHF6140ISK,Cavan,HOBS,ELECTROLUX 60CM HOB,5,IN_STOCK,0,3
450,EHF6140ISK,Dundrum,HOBS,ELECTROLUX 60CM HOB,1,IN_STOCK,0,4
450,EHF6140ISK,Gorey,HOBS,ELECTROLUX 60CM HOB,3,IN_STOCK,0,5
450,EHF6140ISK,Navan,HOBS,ELECTROLUX 60CM HOB,1,IN_STOCK,0,6
450,EHF6140ISK,Sandyford,HOBS,ELECTROLUX 60CM HOB,0,OUT_OF_STOCK,0,7
451,EHF6241FOK,Belfast,HOBS,Electrolux 60cm Touch Control Ceramic Hob,3,IN_STOCK,0,1
451,EHF6241FOK,Blanch,HOBS,Electrolux 60cm Touch Control Ceramic Hob,2,IN_STOCK,0,2
451,EHF6241FOK,Cavan,HOBS,Electrolux 60cm Touch Control Ceramic Hob,5,IN_STOCK,0,3
451,EHF6241FOK,Dundrum,HOBS,Electrolux 60cm Touch Control Ceramic Hob,0,OUT_OF_STOCK,0,4
451,EHF6241FOK,Gorey,HOBS,Electrolux 60cm Touch Control Ceramic Hob,2,IN_STOCK,0,5
451,EHF6241FOK,Navan,HOBS,Electrolux 60cm Touch Control Ceramic Hob,1,IN_STOCK,0,6
451,EHF6241FOK,Sandyford,HOBS,Electrolux 60cm Touch Control Ceramic Hob,2,IN_STOCK,0,7
452,EIV84550,Belfast,HOBS,Electrolux 80cm 5 Zone Induction Hob,2,IN_STOCK,0,1
452,EIV84550,Blanch,HOBS,Electrolux 80cm 5 Zone Induction Hob,7,IN_STOCK,0,2
452,EIV84550,Cavan,HOBS,Electrolux 80cm 5 Zone Induction Hob,4,IN_STOCK,0,3
452,EIV84550,Dundrum,HOBS,Electrolux 80cm 5 Zone Induction Hob,2,IN_STOCK,0,4
452,EIV84550,Gorey,HOBS,Electrolux 80cm 5 Zone Induction Hob,7,IN_STOCK,0,5
452,EIV84550,Navan,HOBS,Electrolux 80cm 5 Zone Induction Hob,2,IN_STOCK,0,6
452,EIV84550,Sandyford,HOBS,Electrolux 80cm 5 Zone Induction Hob,1,IN_STOCK,0,7
455,EOD6C46K2,Belfast,SINGLE OVENS,ELECTROLUX SINGLE OVEN BLACK,3,IN_STOCK,0,1
455,EOD6C46K2,Blanch,SINGLE OVENS,ELECTROLUX SINGLE OVEN BLACK,3,IN_STOCK,0,2
455,EOD6C46K2,Cavan,SINGLE OVENS,ELECTROLUX SINGLE OVEN BLACK,4,IN_STOCK,0,3
455,EOD6C46K2,Dundrum,SINGLE OVENS,ELECTROLUX SINGLE OVEN BLACK,0,OUT_OF_STOCK,0,4
455,EOD6C46K2,Gorey,SINGLE OVENS,ELECTROLUX SINGLE OVEN BLACK,3,IN_STOCK,0,5
455,EOD6C46K2,Navan,SINGLE OVENS,ELECTROLUX SINGLE OVEN BLACK,1,IN_STOCK,0,6
455,EOD6C46K2,Sandyford,SINGLE OVENS,ELECTROLUX SINGLE OVEN BLACK,1,IN_STOCK,0,7
456,EOD6C46X2,Belfast,SINGLE OVENS,ELECTROLUX SINGLE OVEN ST STEEL,3,IN_STOCK,0,1
456,EOD6C46X2,Blanch,SINGLE OVENS,ELECTROLUX SINGLE OVEN ST STEEL,7,IN_STOCK,0,2
456,EOD6C46X2,Cavan,SINGLE OVENS,ELECTROLUX SINGLE OVEN ST STEEL,7,IN_STOCK,0,3
456,EOD6C46X2,Dundrum,SINGLE OVENS,ELECTROLUX SINGLE OVEN ST STEEL,1,IN_STOCK,0,4
456,EOD6C46X2,Gorey,SINGLE OVENS,ELECTROLUX SINGLE OVEN ST STEEL,5,IN_STOCK,0,5
456,EOD6C46X2,Navan,SINGLE OVENS,ELECTROLUX SINGLE OVEN ST STEEL,2,IN_STOCK,0,6
456,EOD6C46X2,Sandyford,SINGLE OVENS,ELECTROLUX SINGLE OVEN ST STEEL,1,IN_STOCK,0,7
457,EOE8P09X,Belfast,SINGLE OVENS,ELECTROLUX PYRO OVEN WITH PROBE,3,IN_STOCK,0,1
457,EOE8P09X,Blanch,SINGLE OVENS,ELECTROLUX PYRO OVEN WITH PROBE,4,IN_STOCK,0,2
457,EOE8P09X,Cavan,SINGLE OVENS,ELECTROLUX PYRO OVEN WITH PROBE,6,IN_STOCK,0,3
457,EOE8P09X,Dundrum,SINGLE OVENS,ELECTROLUX PYRO OVEN WITH PROBE,1,IN_STOCK,0,4
457,EOE8P09X,Gorey,SINGLE OVENS,ELECTROLUX PYRO OVEN WITH PROBE,5,IN_STOCK,0,5
457,EOE8P09X,Navan,SINGLE OVENS,ELECTROLUX PYRO OVEN WITH PROBE,1,IN_STOCK,0,6
457,EOE8P09X,Sandyford,SINGLE OVENS,ELECTROLUX PYRO OVEN WITH PROBE,1,IN_STOCK,0,7
458,EOF6P46X,Belfast,SINGLE OVENS,ELECTROLUX SINGLE OVEN ST STEEL,3,IN_STOCK,0,1
458,EOF6P46X,Blanch,SINGLE OVENS,ELECTROLUX SINGLE OVEN ST STEEL,5,IN_STOCK,0,2
458,EOF6P46X,Cavan,SINGLE OVENS,ELECTROLUX SINGLE OVEN ST STEEL,5,IN_STOCK,0,3
458,EOF6P46X,Dundrum,SINGLE OVENS,ELECTROLUX SINGLE OVEN ST STEEL,2,IN_STOCK,0,4
458,EOF6P46X,Gorey,SINGLE OVENS,ELECTROLUX SINGLE OVEN ST STEEL,5,IN_STOCK,0,5
458,EOF6P46X,Navan,SINGLE OVENS,ELECTROLUX SINGLE OVEN ST STEEL,2,IN_STOCK,0,6
458,EOF6P46X,Sandyford,SINGLE OVENS,ELECTROLUX SINGLE OVEN ST STEEL,1,IN_STOCK,0,7
459,EOM6P46K,Belfast,SINGLE OVENS,Electrolux Black AirFry Pyrolituc Single Oven,4,IN_STOCK,0,1
459,EOM6P46K,Blanch,SINGLE OVENS,Electrolux Black AirFry Pyrolituc Single Oven,4,IN_STOCK,0,2
459,EOM6P46K,Cavan,SINGLE OVENS,Electrolux Black AirFry Pyrolituc Single Oven,15,IN_STOCK,0,3
459,EOM6P46K,Dundrum,SINGLE OVENS,Electrolux Black AirFry Pyrolituc Single Oven,1,IN_STOCK,0,4
459,EOM6P46K,Gorey,SINGLE OVENS,Electrolux Black AirFry Pyrolituc Single Oven,9,IN_STOCK,0,5
459,EOM6P46K,Navan,SINGLE OVENS,Electrolux Black AirFry Pyrolituc Single Oven,1,IN_STOCK,0,6
459,EOM6P46K,Sandyford,SINGLE OVENS,Electrolux Black AirFry Pyrolituc Single Oven,2,IN_STOCK,0,7
460,EOM6P46X,Belfast,SINGLE OVENS,Electrolux St/St AirFry Single Oven,3,IN_STOCK,0,1
460,EOM6P46X,Blanch,SINGLE OVENS,Electrolux St/St AirFry Single Oven,3,IN_STOCK,0,2
460,EOM6P46X,Cavan,SINGLE OVENS,Electrolux St/St AirFry Single Oven,3,IN_STOCK,0,3
460,EOM6P46X,Dundrum,SINGLE OVENS,Electrolux St/St AirFry Single Oven,0,OUT_OF_STOCK,0,4
460,EOM6P46X,Gorey,SINGLE OVENS,Electrolux St/St AirFry Single Oven,3,IN_STOCK,0,5
460,EOM6P46X,Navan,SINGLE OVENS,Electrolux St/St AirFry Single Oven,1,IN_STOCK,0,6
460,EOM6P46X,Sandyford,SINGLE OVENS,Electrolux St/St AirFry Single Oven,0,OUT_OF_STOCK,0,7
461,ERACIXA60,Belfast,COOKER HOODS,Elica 52cm Canopy Hood for 60cm units,0,OUT_OF_STOCK,0,1
461,ERACIXA60,Blanch,COOKER HOODS,Elica 52cm Canopy Hood for 60cm units,1,IN_STOCK,0,2
461,ERACIXA60,Cavan,COOKER HOODS,Elica 52cm Canopy Hood for 60cm units,0,OUT_OF_STOCK,0,3
461,ERACIXA60,Dundrum,COOKER HOODS,Elica 52cm Canopy Hood for 60cm units,0,OUT_OF_STOCK,0,4
461,ERACIXA60,Gorey,COOKER HOODS,Elica 52cm Canopy Hood for 60cm units,71,IN_STOCK,0,5
461,ERACIXA60,Navan,COOKER HOODS,Elica 52cm Canopy Hood for 60cm units,4,IN_STOCK,0,6
461,ERACIXA60,Sandyford,COOKER HOODS,Elica 52cm Canopy Hood for 60cm units,0,OUT_OF_STOCK,0,7
466,ESA17210SW,Belfast,DISHWASHERS,ELECTROLUX 13 PLACE FREESTANDING DISHWASHER - WHIE,2,IN_STOCK,0,1
466,ESA17210SW,Blanch,DISHWASHERS,ELECTROLUX 13 PLACE FREESTANDING DISHWASHER - WHIE,4,IN_STOCK,0,2
466,ESA17210SW,Cavan,DISHWASHERS,ELECTROLUX 13 PLACE FREESTANDING DISHWASHER - WHIE,2,IN_STOCK,0,3
466,ESA17210SW,Dundrum,DISHWASHERS,ELECTROLUX 13 PLACE FREESTANDING DISHWASHER - WHIE,1,IN_STOCK,0,4
466,ESA17210SW,Gorey,DISHWASHERS,ELECTROLUX 13 PLACE FREESTANDING DISHWASHER - WHIE,4,IN_STOCK,0,5
466,ESA17210SW,Navan,DISHWASHERS,ELECTROLUX 13 PLACE FREESTANDING DISHWASHER - WHIE,1,IN_STOCK,0,6
466,ESA17210SW,Sandyford,DISHWASHERS,ELECTROLUX 13 PLACE FREESTANDING DISHWASHER - WHIE,1,IN_STOCK,0,7
467,ESA17210SX,Belfast,DISHWASHERS,ELECTROLUX 13 PLACE FREESTANDING DISHWASHER ST/ST,2,IN_STOCK,0,1
467,ESA17210SX,Blanch,DISHWASHERS,ELECTROLUX 13 PLACE FREESTANDING DISHWASHER ST/ST,1,IN_STOCK,0,2
467,ESA17210SX,Cavan,DISHWASHERS,ELECTROLUX 13 PLACE FREESTANDING DISHWASHER ST/ST,1,IN_STOCK,0,3
467,ESA17210SX,Dundrum,DISHWASHERS,ELECTROLUX 13 PLACE FREESTANDING DISHWASHER ST/ST,1,IN_STOCK,0,4
467,ESA17210SX,Gorey,DISHWASHERS,ELECTROLUX 13 PLACE FREESTANDING DISHWASHER ST/ST,5,IN_STOCK,0,5
467,ESA17210SX,Navan,DISHWASHERS,ELECTROLUX 13 PLACE FREESTANDING DISHWASHER ST/ST,0,OUT_OF_STOCK,0,6
467,ESA17210SX,Sandyford,DISHWASHERS,ELECTROLUX 13 PLACE FREESTANDING DISHWASHER ST/ST,1,IN_STOCK,0,7
469,ESDLO110EIPMNT/AB1,Belfast,RANGE COOKERS,Rangemaster Estel DLX Induction 110cm Mint,0,OUT_OF_STOCK,0,1
469,ESDLO110EIPMNT/AB1,Blanch,RANGE COOKERS,Rangemaster Estel DLX Induction 110cm Mint,1,IN_STOCK,0,2
469,ESDLO110EIPMNT/AB1,Cavan,RANGE COOKERS,Rangemaster Estel DLX Induction 110cm Mint,1,IN_STOCK,0,3
469,ESDLO110EIPMNT/AB1,Dundrum,RANGE COOKERS,Rangemaster Estel DLX Induction 110cm Mint,1,IN_STOCK,0,4
469,ESDLO110EIPMNT/AB1,Gorey,RANGE COOKERS,Rangemaster Estel DLX Induction 110cm Mint,2,IN_STOCK,0,5
469,ESDLO110EIPMNT/AB1,Navan,RANGE COOKERS,Rangemaster Estel DLX Induction 110cm Mint,1,IN_STOCK,0,6
469,ESDLO110EIPMNT/AB1,Sandyford,RANGE COOKERS,Rangemaster Estel DLX Induction 110cm Mint,0,OUT_OF_STOCK,0,7
473,EU611BEB5E,Belfast,HOBS,Siemens iQ100 60cm Induction Hob,1,IN_STOCK,0,1
473,EU611BEB5E,Blanch,HOBS,Siemens iQ100 60cm Induction Hob,2,IN_STOCK,0,2
473,EU611BEB5E,Cavan,HOBS,Siemens iQ100 60cm Induction Hob,1,IN_STOCK,0,3
473,EU611BEB5E,Dundrum,HOBS,Siemens iQ100 60cm Induction Hob,1,IN_STOCK,0,4
473,EU611BEB5E,Gorey,HOBS,Siemens iQ100 60cm Induction Hob,2,IN_STOCK,0,5
473,EU611BEB5E,Navan,HOBS,Siemens iQ100 60cm Induction Hob,0,OUT_OF_STOCK,0,6
473,EU611BEB5E,Sandyford,HOBS,Siemens iQ100 60cm Induction Hob,0,OUT_OF_STOCK,0,7
474,EVLBE08X,Belfast,SINGLE OVENS,Electrolux Combi Oven,4,IN_STOCK,0,1
474,EVLBE08X,Blanch,SINGLE OVENS,Electrolux Combi Oven,3,IN_STOCK,0,2
474,EVLBE08X,Cavan,SINGLE OVENS,Electrolux Combi Oven,3,IN_STOCK,0,3
474,EVLBE08X,Dundrum,SINGLE OVENS,Electrolux Combi Oven,2,IN_STOCK,0,4
474,EVLBE08X,Gorey,SINGLE OVENS,Electrolux Combi Oven,4,IN_STOCK,0,5
474,EVLBE08X,Navan,SINGLE OVENS,Electrolux Combi Oven,1,IN_STOCK,0,6
474,EVLBE08X,Sandyford,SINGLE OVENS,Electrolux Combi Oven,1,IN_STOCK,0,7
475,EVLDE46K,Belfast,SINGLE OVENS,Electrolux Black Compack Oven with MW,3,IN_STOCK,0,1
475,EVLDE46K,Blanch,SINGLE OVENS,Electrolux Black Compack Oven with MW,6,IN_STOCK,0,2
475,EVLDE46K,Cavan,SINGLE OVENS,Electrolux Black Compack Oven with MW,7,IN_STOCK,0,3
475,EVLDE46K,Dundrum,SINGLE OVENS,Electrolux Black Compack Oven with MW,1,IN_STOCK,0,4
475,EVLDE46K,Gorey,SINGLE OVENS,Electrolux Black Compack Oven with MW,10,IN_STOCK,0,5
475,EVLDE46K,Navan,SINGLE OVENS,Electrolux Black Compack Oven with MW,0,OUT_OF_STOCK,0,6
475,EVLDE46K,Sandyford,SINGLE OVENS,Electrolux Black Compack Oven with MW,1,IN_STOCK,0,7
476,EVLDE46X,Belfast,SINGLE OVENS,ELECTROLUX 43LITRE COMPACT COMBINATION MICROWAVE N,1,IN_STOCK,0,1
476,EVLDE46X,Blanch,SINGLE OVENS,ELECTROLUX 43LITRE COMPACT COMBINATION MICROWAVE N,3,IN_STOCK,0,2
476,EVLDE46X,Cavan,SINGLE OVENS,ELECTROLUX 43LITRE COMPACT COMBINATION MICROWAVE N,2,IN_STOCK,0,3
476,EVLDE46X,Dundrum,SINGLE OVENS,ELECTROLUX 43LITRE COMPACT COMBINATION MICROWAVE N,0,OUT_OF_STOCK,0,4
476,EVLDE46X,Gorey,SINGLE OVENS,ELECTROLUX 43LITRE COMPACT COMBINATION MICROWAVE N,5,IN_STOCK,0,5
476,EVLDE46X,Navan,SINGLE OVENS,ELECTROLUX 43LITRE COMPACT COMBINATION MICROWAVE N,1,IN_STOCK,0,6
476,EVLDE46X,Sandyford,SINGLE OVENS,ELECTROLUX 43LITRE COMPACT COMBINATION MICROWAVE N,1,IN_STOCK,0,7
478,EWDK5846B,Belfast,WASHER DRYERS,ELECTROLUX 8KG/4KG WASHER DRYER,2,IN_STOCK,0,1
478,EWDK5846B,Blanch,WASHER DRYERS,ELECTROLUX 8KG/4KG WASHER DRYER,1,IN_STOCK,0,2
478,EWDK5846B,Cavan,WASHER DRYERS,ELECTROLUX 8KG/4KG WASHER DRYER,4,IN_STOCK,0,3
478,EWDK5846B,Dundrum,WASHER DRYERS,ELECTROLUX 8KG/4KG WASHER DRYER,1,IN_STOCK,0,4
478,EWDK5846B,Gorey,WASHER DRYERS,ELECTROLUX 8KG/4KG WASHER DRYER,1,IN_STOCK,0,5
478,EWDK5846B,Navan,WASHER DRYERS,ELECTROLUX 8KG/4KG WASHER DRYER,1,IN_STOCK,0,6
478,EWDK5846B,Sandyford,WASHER DRYERS,ELECTROLUX 8KG/4KG WASHER DRYER,1,IN_STOCK,0,7
495,FE1404,Belfast,U/C FREEZER,Liebherr U/C Freezer 55cm with Handle,2,IN_STOCK,0,1
495,FE1404,Blanch,U/C FREEZER,Liebherr U/C Freezer 55cm with Handle,5,IN_STOCK,0,2
495,FE1404,Cavan,U/C FREEZER,Liebherr U/C Freezer 55cm with Handle,6,IN_STOCK,0,3
495,FE1404,Dundrum,U/C FREEZER,Liebherr U/C Freezer 55cm with Handle,1,IN_STOCK,0,4
495,FE1404,Gorey,U/C FREEZER,Liebherr U/C Freezer 55cm with Handle,2,IN_STOCK,0,5
495,FE1404,Navan,U/C FREEZER,Liebherr U/C Freezer 55cm with Handle,0,OUT_OF_STOCK,0,6
495,FE1404,Sandyford,U/C FREEZER,Liebherr U/C Freezer 55cm with Handle,1,IN_STOCK,0,7
496,FEL023MS2B,Belfast,MICROWAVE OVENS,Bosch 20 L Microwave,1,IN_STOCK,0,1
496,FEL023MS2B,Blanch,MICROWAVE OVENS,Bosch 20 L Microwave,1,IN_STOCK,0,2
496,FEL023MS2B,Cavan,MICROWAVE OVENS,Bosch 20 L Microwave,3,IN_STOCK,0,3
496,FEL023MS2B,Dundrum,MICROWAVE OVENS,Bosch 20 L Microwave,0,OUT_OF_STOCK,0,4
496,FEL023MS2B,Gorey,MICROWAVE OVENS,Bosch 20 L Microwave,1,IN_STOCK,0,5
496,FEL023MS2B,Navan,MICROWAVE OVENS,Bosch 20 L Microwave,0,OUT_OF_STOCK,0,6
496,FEL023MS2B,Sandyford,MICROWAVE OVENS,Bosch 20 L Microwave,0,OUT_OF_STOCK,0,7
499,FFL020MS2B,Belfast,MICROWAVE OVENS,Series 2 free-standing microwave 44 x 26 cm SS,0,OUT_OF_STOCK,0,1
499,FFL020MS2B,Blanch,MICROWAVE OVENS,Series 2 free-standing microwave 44 x 26 cm SS,2,IN_STOCK,0,2
499,FFL020MS2B,Cavan,MICROWAVE OVENS,Series 2 free-standing microwave 44 x 26 cm SS,3,IN_STOCK,0,3
499,FFL020MS2B,Dundrum,MICROWAVE OVENS,Series 2 free-standing microwave 44 x 26 cm SS,1,IN_STOCK,0,4
499,FFL020MS2B,Gorey,MICROWAVE OVENS,Series 2 free-standing microwave 44 x 26 cm SS,2,IN_STOCK,0,5
499,FFL020MS2B,Navan,MICROWAVE OVENS,Series 2 free-standing microwave 44 x 26 cm SS,1,IN_STOCK,0,6
499,FFL020MS2B,Sandyford,MICROWAVE OVENS,Series 2 free-standing microwave 44 x 26 cm SS,1,IN_STOCK,0,7
500,FFTM229X2BUK,Belfast,TUMBLE DRYERS,Whirlpool 9kg Heat Pump Tumble Dryer,2,IN_STOCK,0,1
500,FFTM229X2BUK,Blanch,TUMBLE DRYERS,Whirlpool 9kg Heat Pump Tumble Dryer,2,IN_STOCK,0,2
500,FFTM229X2BUK,Cavan,TUMBLE DRYERS,Whirlpool 9kg Heat Pump Tumble Dryer,0,OUT_OF_STOCK,0,3
500,FFTM229X2BUK,Dundrum,TUMBLE DRYERS,Whirlpool 9kg Heat Pump Tumble Dryer,1,IN_STOCK,0,4
500,FFTM229X2BUK,Gorey,TUMBLE DRYERS,Whirlpool 9kg Heat Pump Tumble Dryer,1,IN_STOCK,0,5
500,FFTM229X2BUK,Navan,TUMBLE DRYERS,Whirlpool 9kg Heat Pump Tumble Dryer,0,OUT_OF_STOCK,0,6
500,FFTM229X2BUK,Sandyford,TUMBLE DRYERS,Whirlpool 9kg Heat Pump Tumble Dryer,1,IN_STOCK,0,7
512,FSE83837P,Belfast,INT DISHWASHERS,AEG Comfort Lift Integrated Dishwasher,2,IN_STOCK,0,1
512,FSE83837P,Blanch,INT DISHWASHERS,AEG Comfort Lift Integrated Dishwasher,1,IN_STOCK,0,2
512,FSE83837P,Cavan,INT DISHWASHERS,AEG Comfort Lift Integrated Dishwasher,1,IN_STOCK,0,3
512,FSE83837P,Dundrum,INT DISHWASHERS,AEG Comfort Lift Integrated Dishwasher,1,IN_STOCK,0,4
512,FSE83837P,Gorey,INT DISHWASHERS,AEG Comfort Lift Integrated Dishwasher,1,IN_STOCK,0,5
512,FSE83837P,Navan,INT DISHWASHERS,AEG Comfort Lift Integrated Dishwasher,0,OUT_OF_STOCK,0,6
512,FSE83837P,Sandyford,INT DISHWASHERS,AEG Comfort Lift Integrated Dishwasher,1,IN_STOCK,0,7
513,FSS96828P,Belfast,INT DISHWASHERS,AEG A Rated Integrated Dishwasher,1,IN_STOCK,0,1
513,FSS96828P,Blanch,INT DISHWASHERS,AEG A Rated Integrated Dishwasher,2,IN_STOCK,0,2
513,FSS96828P,Cavan,INT DISHWASHERS,AEG A Rated Integrated Dishwasher,10,IN_STOCK,0,3
513,FSS96828P,Dundrum,INT DISHWASHERS,AEG A Rated Integrated Dishwasher,0,OUT_OF_STOCK,0,4
513,FSS96828P,Gorey,INT DISHWASHERS,AEG A Rated Integrated Dishwasher,8,IN_STOCK,0,5
513,FSS96828P,Navan,INT DISHWASHERS,AEG A Rated Integrated Dishwasher,0,OUT_OF_STOCK,0,6
513,FSS96828P,Sandyford,INT DISHWASHERS,AEG A Rated Integrated Dishwasher,0,OUT_OF_STOCK,0,7
519,G5851SCVI,Belfast,INT DISHWASHERS,Miele 12865000 Integrated Dishwasher,0,OUT_OF_STOCK,0,1
519,G5851SCVI,Blanch,INT DISHWASHERS,Miele 12865000 Integrated Dishwasher,4,IN_STOCK,0,2
519,G5851SCVI,Cavan,INT DISHWASHERS,Miele 12865000 Integrated Dishwasher,3,IN_STOCK,0,3
519,G5851SCVI,Dundrum,INT DISHWASHERS,Miele 12865000 Integrated Dishwasher,1,IN_STOCK,0,4
519,G5851SCVI,Gorey,INT DISHWASHERS,Miele 12865000 Integrated Dishwasher,7,IN_STOCK,0,5
519,G5851SCVI,Navan,INT DISHWASHERS,Miele 12865000 Integrated Dishwasher,0,OUT_OF_STOCK,0,6
519,G5851SCVI,Sandyford,INT DISHWASHERS,Miele 12865000 Integrated Dishwasher,0,OUT_OF_STOCK,0,7
522,GI7812EE0G,Belfast,INT FREEZERS,Neff N50 No Frost Integrated Freezer Fixed Hine,1,IN_STOCK,0,1
522,GI7812EE0G,Blanch,INT FREEZERS,Neff N50 No Frost Integrated Freezer Fixed Hine,2,IN_STOCK,0,2
522,GI7812EE0G,Cavan,INT FREEZERS,Neff N50 No Frost Integrated Freezer Fixed Hine,2,IN_STOCK,0,3
522,GI7812EE0G,Dundrum,INT FREEZERS,Neff N50 No Frost Integrated Freezer Fixed Hine,0,OUT_OF_STOCK,0,4
522,GI7812EE0G,Gorey,INT FREEZERS,Neff N50 No Frost Integrated Freezer Fixed Hine,5,IN_STOCK,0,5
522,GI7812EE0G,Navan,INT FREEZERS,Neff N50 No Frost Integrated Freezer Fixed Hine,0,OUT_OF_STOCK,0,6
522,GI7812EE0G,Sandyford,INT FREEZERS,Neff N50 No Frost Integrated Freezer Fixed Hine,1,IN_STOCK,0,7
523,GI81NVEE0G,Belfast,INT FREEZERS,Siemens iQ300 Tall Integrated Freezer,0,OUT_OF_STOCK,0,1
523,GI81NVEE0G,Blanch,INT FREEZERS,Siemens iQ300 Tall Integrated Freezer,4,IN_STOCK,0,2
523,GI81NVEE0G,Cavan,INT FREEZERS,Siemens iQ300 Tall Integrated Freezer,3,IN_STOCK,0,3
523,GI81NVEE0G,Dundrum,INT FREEZERS,Siemens iQ300 Tall Integrated Freezer,1,IN_STOCK,0,4
523,GI81NVEE0G,Gorey,INT FREEZERS,Siemens iQ300 Tall Integrated Freezer,5,IN_STOCK,0,5
523,GI81NVEE0G,Navan,INT FREEZERS,Siemens iQ300 Tall Integrated Freezer,0,OUT_OF_STOCK,0,6
523,GI81NVEE0G,Sandyford,INT FREEZERS,Siemens iQ300 Tall Integrated Freezer,0,OUT_OF_STOCK,0,7
524,GIN81VEE0G,Belfast,INT FREEZERS,Bosch Built in Freezer,1,IN_STOCK,0,1
524,GIN81VEE0G,Blanch,INT FREEZERS,Bosch Built in Freezer,4,IN_STOCK,0,2
524,GIN81VEE0G,Cavan,INT FREEZERS,Bosch Built in Freezer,2,IN_STOCK,0,3
524,GIN81VEE0G,Dundrum,INT FREEZERS,Bosch Built in Freezer,0,OUT_OF_STOCK,0,4
524,GIN81VEE0G,Gorey,INT FREEZERS,Bosch Built in Freezer,7,IN_STOCK,0,5
524,GIN81VEE0G,Navan,INT FREEZERS,Bosch Built in Freezer,0,OUT_OF_STOCK,0,6
524,GIN81VEE0G,Sandyford,INT FREEZERS,Bosch Built in Freezer,0,OUT_OF_STOCK,0,7
531,GS36NVIEPG,Belfast,FREEZERS,Siemens iQ300 186 x 60 Brushed St Freezer,1,IN_STOCK,0,1
531,GS36NVIEPG,Blanch,FREEZERS,Siemens iQ300 186 x 60 Brushed St Freezer,1,IN_STOCK,0,2
531,GS36NVIEPG,Cavan,FREEZERS,Siemens iQ300 186 x 60 Brushed St Freezer,2,IN_STOCK,0,3
531,GS36NVIEPG,Dundrum,FREEZERS,Siemens iQ300 186 x 60 Brushed St Freezer,1,IN_STOCK,0,4
531,GS36NVIEPG,Gorey,FREEZERS,Siemens iQ300 186 x 60 Brushed St Freezer,1,IN_STOCK,0,5
531,GS36NVIEPG,Navan,FREEZERS,Siemens iQ300 186 x 60 Brushed St Freezer,1,IN_STOCK,0,6
531,GS36NVIEPG,Sandyford,FREEZERS,Siemens iQ300 186 x 60 Brushed St Freezer,1,IN_STOCK,0,7
537,GSXE91EVAD,Belfast,USA F/F,LG Black Instaview USA Fridge Freezer,0,OUT_OF_STOCK,0,1
537,GSXE91EVAD,Blanch,USA F/F,LG Black Instaview USA Fridge Freezer,0,OUT_OF_STOCK,0,2
537,GSXE91EVAD,Cavan,USA F/F,LG Black Instaview USA Fridge Freezer,2,IN_STOCK,0,3
537,GSXE91EVAD,Dundrum,USA F/F,LG Black Instaview USA Fridge Freezer,0,OUT_OF_STOCK,0,4
537,GSXE91EVAD,Gorey,USA F/F,LG Black Instaview USA Fridge Freezer,5,IN_STOCK,0,5
537,GSXE91EVAD,Navan,USA F/F,LG Black Instaview USA Fridge Freezer,0,OUT_OF_STOCK,0,6
537,GSXE91EVAD,Sandyford,USA F/F,LG Black Instaview USA Fridge Freezer,0,OUT_OF_STOCK,0,7
539,GU21NVFE0G,Belfast,INT FREEZERS,Siemens U/C Integrated Freezer,1,IN_STOCK,0,1
539,GU21NVFE0G,Blanch,INT FREEZERS,Siemens U/C Integrated Freezer,2,IN_STOCK,0,2
539,GU21NVFE0G,Cavan,INT FREEZERS,Siemens U/C Integrated Freezer,0,OUT_OF_STOCK,0,3
539,GU21NVFE0G,Dundrum,INT FREEZERS,Siemens U/C Integrated Freezer,0,OUT_OF_STOCK,0,4
539,GU21NVFE0G,Gorey,INT FREEZERS,Siemens U/C Integrated Freezer,5,IN_STOCK,0,5
539,GU21NVFE0G,Navan,INT FREEZERS,Siemens U/C Integrated Freezer,0,OUT_OF_STOCK,0,6
539,GU21NVFE0G,Sandyford,INT FREEZERS,Siemens U/C Integrated Freezer,1,IN_STOCK,0,7
540,GUN21VFE0G,Belfast,U/C FREEZER,Bosch U/C Integrated Freezer Flat Hinge,0,OUT_OF_STOCK,0,1
540,GUN21VFE0G,Blanch,U/C FREEZER,Bosch U/C Integrated Freezer Flat Hinge,1,IN_STOCK,0,2
540,GUN21VFE0G,Cavan,U/C FREEZER,Bosch U/C Integrated Freezer Flat Hinge,3,IN_STOCK,0,3
540,GUN21VFE0G,Dundrum,U/C FREEZER,Bosch U/C Integrated Freezer Flat Hinge,1,IN_STOCK,0,4
540,GUN21VFE0G,Gorey,U/C FREEZER,Bosch U/C Integrated Freezer Flat Hinge,3,IN_STOCK,0,5
540,GUN21VFE0G,Navan,U/C FREEZER,Bosch U/C Integrated Freezer Flat Hinge,-1,CUSTOMER_ORDER_OUTSTANDING,1,6
540,GUN21VFE0G,Sandyford,U/C FREEZER,Bosch U/C Integrated Freezer Flat Hinge,0,OUT_OF_STOCK,0,7
554,H2455BBK,Belfast,SINGLE OVENS,Miele Blk 12408770 Single Oven,0,OUT_OF_STOCK,0,1
554,H2455BBK,Blanch,SINGLE OVENS,Miele Blk 12408770 Single Oven,2,IN_STOCK,0,2
554,H2455BBK,Cavan,SINGLE OVENS,Miele Blk 12408770 Single Oven,2,IN_STOCK,0,3
554,H2455BBK,Dundrum,SINGLE OVENS,Miele Blk 12408770 Single Oven,0,OUT_OF_STOCK,0,4
554,H2455BBK,Gorey,SINGLE OVENS,Miele Blk 12408770 Single Oven,12,IN_STOCK,0,5
554,H2455BBK,Navan,SINGLE OVENS,Miele Blk 12408770 Single Oven,0,OUT_OF_STOCK,0,6
554,H2455BBK,Sandyford,SINGLE OVENS,Miele Blk 12408770 Single Oven,1,IN_STOCK,0,7
555,H2IHD526BUK,Belfast,INT DISHWASHERS,Hotpoint Integrated Dishwasher,1,IN_STOCK,0,1
555,H2IHD526BUK,Blanch,INT DISHWASHERS,Hotpoint Integrated Dishwasher,1,IN_STOCK,0,2
555,H2IHD526BUK,Cavan,INT DISHWASHERS,Hotpoint Integrated Dishwasher,1,IN_STOCK,0,3
555,H2IHD526BUK,Dundrum,INT DISHWASHERS,Hotpoint Integrated Dishwasher,2,IN_STOCK,0,4
555,H2IHD526BUK,Gorey,INT DISHWASHERS,Hotpoint Integrated Dishwasher,2,IN_STOCK,0,5
555,H2IHD526BUK,Navan,INT DISHWASHERS,Hotpoint Integrated Dishwasher,0,OUT_OF_STOCK,0,6
555,H2IHD526BUK,Sandyford,INT DISHWASHERS,Hotpoint Integrated Dishwasher,1,IN_STOCK,0,7
556,H7145BMBLK,Belfast,SINGLE OVENS,Miele 12105860 Black Combi Oven,0,OUT_OF_STOCK,0,1
556,H7145BMBLK,Blanch,SINGLE OVENS,Miele 12105860 Black Combi Oven,1,IN_STOCK,0,2
556,H7145BMBLK,Cavan,SINGLE OVENS,Miele 12105860 Black Combi Oven,1,IN_STOCK,0,3
556,H7145BMBLK,Dundrum,SINGLE OVENS,Miele 12105860 Black Combi Oven,1,IN_STOCK,0,4
556,H7145BMBLK,Gorey,SINGLE OVENS,Miele 12105860 Black Combi Oven,3,IN_STOCK,0,5
556,H7145BMBLK,Navan,SINGLE OVENS,Miele 12105860 Black Combi Oven,0,OUT_OF_STOCK,0,6
556,H7145BMBLK,Sandyford,SINGLE OVENS,Miele 12105860 Black Combi Oven,0,OUT_OF_STOCK,0,7
557,H7240BM,Belfast,SINGLE OVENS,Miele 11093470 Combi Microwave,1,IN_STOCK,0,1
557,H7240BM,Blanch,SINGLE OVENS,Miele 11093470 Combi Microwave,5,IN_STOCK,0,2
557,H7240BM,Cavan,SINGLE OVENS,Miele 11093470 Combi Microwave,3,IN_STOCK,0,3
557,H7240BM,Dundrum,SINGLE OVENS,Miele 11093470 Combi Microwave,1,IN_STOCK,0,4
557,H7240BM,Gorey,SINGLE OVENS,Miele 11093470 Combi Microwave,18,IN_STOCK,0,5
557,H7240BM,Navan,SINGLE OVENS,Miele 11093470 Combi Microwave,0,OUT_OF_STOCK,0,6
557,H7240BM,Sandyford,SINGLE OVENS,Miele 11093470 Combi Microwave,1,IN_STOCK,0,7
558,H7260BP,Belfast,SINGLE OVENS,Miele 11093490 Clean Steel Oven,1,IN_STOCK,0,1
558,H7260BP,Blanch,SINGLE OVENS,Miele 11093490 Clean Steel Oven,3,IN_STOCK,0,2
558,H7260BP,Cavan,SINGLE OVENS,Miele 11093490 Clean Steel Oven,0,OUT_OF_STOCK,0,3
558,H7260BP,Dundrum,SINGLE OVENS,Miele 11093490 Clean Steel Oven,1,IN_STOCK,0,4
558,H7260BP,Gorey,SINGLE OVENS,Miele 11093490 Clean Steel Oven,3,IN_STOCK,0,5
558,H7260BP,Navan,SINGLE OVENS,Miele 11093490 Clean Steel Oven,0,OUT_OF_STOCK,0,6
558,H7260BP,Sandyford,SINGLE OVENS,Miele 11093490 Clean Steel Oven,1,IN_STOCK,0,7
559,H7440BMOBBL,Belfast,SINGLE OVENS,Miele (11093530) Black Combi Oven,1,IN_STOCK,0,1
559,H7440BMOBBL,Blanch,SINGLE OVENS,Miele (11093530) Black Combi Oven,2,IN_STOCK,0,2
559,H7440BMOBBL,Cavan,SINGLE OVENS,Miele (11093530) Black Combi Oven,1,IN_STOCK,0,3
559,H7440BMOBBL,Dundrum,SINGLE OVENS,Miele (11093530) Black Combi Oven,0,OUT_OF_STOCK,0,4
559,H7440BMOBBL,Gorey,SINGLE OVENS,Miele (11093530) Black Combi Oven,10,IN_STOCK,0,5
559,H7440BMOBBL,Navan,SINGLE OVENS,Miele (11093530) Black Combi Oven,0,OUT_OF_STOCK,0,6
559,H7440BMOBBL,Sandyford,SINGLE OVENS,Miele (11093530) Black Combi Oven,1,IN_STOCK,0,7
560,H7464BPBL,Belfast,SINGLE OVENS,Miele Black 11093600 Pyro Single Oven,1,IN_STOCK,0,1
560,H7464BPBL,Blanch,SINGLE OVENS,Miele Black 11093600 Pyro Single Oven,2,IN_STOCK,0,2
560,H7464BPBL,Cavan,SINGLE OVENS,Miele Black 11093600 Pyro Single Oven,2,IN_STOCK,0,3
560,H7464BPBL,Dundrum,SINGLE OVENS,Miele Black 11093600 Pyro Single Oven,1,IN_STOCK,0,4
560,H7464BPBL,Gorey,SINGLE OVENS,Miele Black 11093600 Pyro Single Oven,3,IN_STOCK,0,5
560,H7464BPBL,Navan,SINGLE OVENS,Miele Black 11093600 Pyro Single Oven,0,OUT_OF_STOCK,0,6
560,H7464BPBL,Sandyford,SINGLE OVENS,Miele Black 11093600 Pyro Single Oven,1,IN_STOCK,0,7
562,HB772G1B1B,Belfast,SINGLE OVENS,Siemens iQ700 Black Single Oven,1,IN_STOCK,0,1
562,HB772G1B1B,Blanch,SINGLE OVENS,Siemens iQ700 Black Single Oven,1,IN_STOCK,0,2
562,HB772G1B1B,Cavan,SINGLE OVENS,Siemens iQ700 Black Single Oven,2,IN_STOCK,0,3
562,HB772G1B1B,Dundrum,SINGLE OVENS,Siemens iQ700 Black Single Oven,0,OUT_OF_STOCK,0,4
562,HB772G1B1B,Gorey,SINGLE OVENS,Siemens iQ700 Black Single Oven,5,IN_STOCK,0,5
562,HB772G1B1B,Navan,SINGLE OVENS,Siemens iQ700 Black Single Oven,0,OUT_OF_STOCK,0,6
562,HB772G1B1B,Sandyford,SINGLE OVENS,Siemens iQ700 Black Single Oven,1,IN_STOCK,0,7
563,HB778G3B1B,Belfast,SINGLE OVENS,Siemens Black iQ700 Single Oven,2,IN_STOCK,0,1
563,HB778G3B1B,Blanch,SINGLE OVENS,Siemens Black iQ700 Single Oven,1,IN_STOCK,0,2
563,HB778G3B1B,Cavan,SINGLE OVENS,Siemens Black iQ700 Single Oven,4,IN_STOCK,0,3
563,HB778G3B1B,Dundrum,SINGLE OVENS,Siemens Black iQ700 Single Oven,1,IN_STOCK,0,4
563,HB778G3B1B,Gorey,SINGLE OVENS,Siemens Black iQ700 Single Oven,4,IN_STOCK,0,5
563,HB778G3B1B,Navan,SINGLE OVENS,Siemens Black iQ700 Single Oven,1,IN_STOCK,0,6
563,HB778G3B1B,Sandyford,SINGLE OVENS,Siemens Black iQ700 Single Oven,1,IN_STOCK,0,7
565,HBG7764B1B,Belfast,SINGLE OVENS,Bosch Series 8 Black Single Oven,3,IN_STOCK,0,1
565,HBG7764B1B,Blanch,SINGLE OVENS,Bosch Series 8 Black Single Oven,2,IN_STOCK,0,2
565,HBG7764B1B,Cavan,SINGLE OVENS,Bosch Series 8 Black Single Oven,3,IN_STOCK,0,3
565,HBG7764B1B,Dundrum,SINGLE OVENS,Bosch Series 8 Black Single Oven,0,OUT_OF_STOCK,0,4
565,HBG7764B1B,Gorey,SINGLE OVENS,Bosch Series 8 Black Single Oven,0,OUT_OF_STOCK,0,5
565,HBG7764B1B,Navan,SINGLE OVENS,Bosch Series 8 Black Single Oven,0,OUT_OF_STOCK,0,6
565,HBG7764B1B,Sandyford,SINGLE OVENS,Bosch Series 8 Black Single Oven,1,IN_STOCK,0,7
581,HHDD90WWIRE,Belfast,TUMBLE DRYERS,Hotpoint 9kg White Heat Pump Dryer,0,OUT_OF_STOCK,0,1
581,HHDD90WWIRE,Blanch,TUMBLE DRYERS,Hotpoint 9kg White Heat Pump Dryer,1,IN_STOCK,0,2
581,HHDD90WWIRE,Cavan,TUMBLE DRYERS,Hotpoint 9kg White Heat Pump Dryer,2,IN_STOCK,0,3
581,HHDD90WWIRE,Dundrum,TUMBLE DRYERS,Hotpoint 9kg White Heat Pump Dryer,1,IN_STOCK,0,4
581,HHDD90WWIRE,Gorey,TUMBLE DRYERS,Hotpoint 9kg White Heat Pump Dryer,2,IN_STOCK,0,5
581,HHDD90WWIRE,Navan,TUMBLE DRYERS,Hotpoint 9kg White Heat Pump Dryer,3,IN_STOCK,0,6
581,HHDD90WWIRE,Sandyford,TUMBLE DRYERS,Hotpoint 9kg White Heat Pump Dryer,0,OUT_OF_STOCK,0,7
582,HHF113BR0B,Belfast,SINGLE OVENS,*Bosch Stainless Steel Single Oven,2,IN_STOCK,0,1
582,HHF113BR0B,Blanch,SINGLE OVENS,*Bosch Stainless Steel Single Oven,1,IN_STOCK,0,2
582,HHF113BR0B,Cavan,SINGLE OVENS,*Bosch Stainless Steel Single Oven,1,IN_STOCK,0,3
582,HHF113BR0B,Dundrum,SINGLE OVENS,*Bosch Stainless Steel Single Oven,0,OUT_OF_STOCK,0,4
582,HHF113BR0B,Gorey,SINGLE OVENS,*Bosch Stainless Steel Single Oven,2,IN_STOCK,0,5
582,HHF113BR0B,Navan,SINGLE OVENS,*Bosch Stainless Steel Single Oven,1,IN_STOCK,0,6
582,HHF113BR0B,Sandyford,SINGLE OVENS,*Bosch Stainless Steel Single Oven,0,OUT_OF_STOCK,0,7
583,HLAWD23N0B,Belfast,INT MICROWAVES,Neff Integrated Microwave Blk St/St Trim,1,IN_STOCK,0,1
583,HLAWD23N0B,Blanch,INT MICROWAVES,Neff Integrated Microwave Blk St/St Trim,1,IN_STOCK,0,2
583,HLAWD23N0B,Cavan,INT MICROWAVES,Neff Integrated Microwave Blk St/St Trim,2,IN_STOCK,0,3
583,HLAWD23N0B,Dundrum,INT MICROWAVES,Neff Integrated Microwave Blk St/St Trim,0,OUT_OF_STOCK,0,4
583,HLAWD23N0B,Gorey,INT MICROWAVES,Neff Integrated Microwave Blk St/St Trim,3,IN_STOCK,0,5
583,HLAWD23N0B,Navan,INT MICROWAVES,Neff Integrated Microwave Blk St/St Trim,0,OUT_OF_STOCK,0,6
583,HLAWD23N0B,Sandyford,INT MICROWAVES,Neff Integrated Microwave Blk St/St Trim,0,OUT_OF_STOCK,0,7
584,HLAWD53N0B,Belfast,INT MICROWAVES,*Neff Integrated Microwave Blk S/St Trim,2,IN_STOCK,0,1
584,HLAWD53N0B,Blanch,INT MICROWAVES,*Neff Integrated Microwave Blk S/St Trim,3,IN_STOCK,0,2
584,HLAWD53N0B,Cavan,INT MICROWAVES,*Neff Integrated Microwave Blk S/St Trim,2,IN_STOCK,0,3
584,HLAWD53N0B,Dundrum,INT MICROWAVES,*Neff Integrated Microwave Blk S/St Trim,1,IN_STOCK,0,4
584,HLAWD53N0B,Gorey,INT MICROWAVES,*Neff Integrated Microwave Blk S/St Trim,2,IN_STOCK,0,5
584,HLAWD53N0B,Navan,INT MICROWAVES,*Neff Integrated Microwave Blk S/St Trim,0,OUT_OF_STOCK,0,6
584,HLAWD53N0B,Sandyford,INT MICROWAVES,*Neff Integrated Microwave Blk S/St Trim,1,IN_STOCK,0,7
586,HLTHDS110SL/,Belfast,COOKER HOODS,RANGEMASTER 110CM COOKER HOOD,1,IN_STOCK,0,1
586,HLTHDS110SL/,Blanch,COOKER HOODS,RANGEMASTER 110CM COOKER HOOD,1,IN_STOCK,0,2
586,HLTHDS110SL/,Cavan,COOKER HOODS,RANGEMASTER 110CM COOKER HOOD,1,IN_STOCK,0,3
586,HLTHDS110SL/,Dundrum,COOKER HOODS,RANGEMASTER 110CM COOKER HOOD,0,OUT_OF_STOCK,0,4
586,HLTHDS110SL/,Gorey,COOKER HOODS,RANGEMASTER 110CM COOKER HOOD,1,IN_STOCK,0,5
586,HLTHDS110SL/,Navan,COOKER HOODS,RANGEMASTER 110CM COOKER HOOD,1,IN_STOCK,0,6
586,HLTHDS110SL/,Sandyford,COOKER HOODS,RANGEMASTER 110CM COOKER HOOD,1,IN_STOCK,0,7
591,HO3K55CBUK,Belfast,SINGLE OVENS,Hotpoint Inox Single Oven,0,OUT_OF_STOCK,0,1
591,HO3K55CBUK,Blanch,SINGLE OVENS,Hotpoint Inox Single Oven,1,IN_STOCK,0,2
591,HO3K55CBUK,Cavan,SINGLE OVENS,Hotpoint Inox Single Oven,1,IN_STOCK,0,3
591,HO3K55CBUK,Dundrum,SINGLE OVENS,Hotpoint Inox Single Oven,1,IN_STOCK,0,4
591,HO3K55CBUK,Gorey,SINGLE OVENS,Hotpoint Inox Single Oven,1,IN_STOCK,0,5
591,HO3K55CBUK,Navan,SINGLE OVENS,Hotpoint Inox Single Oven,1,IN_STOCK,0,6
591,HO3K55CBUK,Sandyford,SINGLE OVENS,Hotpoint Inox Single Oven,1,IN_STOCK,0,7
594,HQA534BB3B,Belfast,SINGLE OVENS,*Bosch Black Single Oven,1,IN_STOCK,0,1
594,HQA534BB3B,Blanch,SINGLE OVENS,*Bosch Black Single Oven,2,IN_STOCK,0,2
594,HQA534BB3B,Cavan,SINGLE OVENS,*Bosch Black Single Oven,3,IN_STOCK,0,3
594,HQA534BB3B,Dundrum,SINGLE OVENS,*Bosch Black Single Oven,0,OUT_OF_STOCK,0,4
594,HQA534BB3B,Gorey,SINGLE OVENS,*Bosch Black Single Oven,2,IN_STOCK,0,5
594,HQA534BB3B,Navan,SINGLE OVENS,*Bosch Black Single Oven,0,OUT_OF_STOCK,0,6
594,HQA534BB3B,Sandyford,SINGLE OVENS,*Bosch Black Single Oven,0,OUT_OF_STOCK,0,7
595,HQA574BB3B,Belfast,SINGLE OVENS,*Bosch Black Single Oven,2,IN_STOCK,0,1
595,HQA574BB3B,Blanch,SINGLE OVENS,*Bosch Black Single Oven,2,IN_STOCK,0,2
595,HQA574BB3B,Cavan,SINGLE OVENS,*Bosch Black Single Oven,3,IN_STOCK,0,3
595,HQA574BB3B,Dundrum,SINGLE OVENS,*Bosch Black Single Oven,1,IN_STOCK,0,4
595,HQA574BB3B,Gorey,SINGLE OVENS,*Bosch Black Single Oven,0,OUT_OF_STOCK,0,5
595,HQA574BB3B,Navan,SINGLE OVENS,*Bosch Black Single Oven,1,IN_STOCK,0,6
595,HQA574BB3B,Sandyford,SINGLE OVENS,*Bosch Black Single Oven,1,IN_STOCK,0,7
596,HQA574BS3B,Belfast,SINGLE OVENS,*Bosch St/Steel Single Oven,0,OUT_OF_STOCK,0,1
596,HQA574BS3B,Blanch,SINGLE OVENS,*Bosch St/Steel Single Oven,0,OUT_OF_STOCK,0,2
596,HQA574BS3B,Cavan,SINGLE OVENS,*Bosch St/Steel Single Oven,2,IN_STOCK,0,3
596,HQA574BS3B,Dundrum,SINGLE OVENS,*Bosch St/Steel Single Oven,0,OUT_OF_STOCK,0,4
596,HQA574BS3B,Gorey,SINGLE OVENS,*Bosch St/Steel Single Oven,4,IN_STOCK,0,5
596,HQA574BS3B,Navan,SINGLE OVENS,*Bosch St/Steel Single Oven,1,IN_STOCK,0,6
596,HQA574BS3B,Sandyford,SINGLE OVENS,*Bosch St/Steel Single Oven,1,IN_STOCK,0,7
597,HS658GES7B,Belfast,SINGLE OVENS,Siemens St/St Single Oven Home Connect,0,OUT_OF_STOCK,0,1
597,HS658GES7B,Blanch,SINGLE OVENS,Siemens St/St Single Oven Home Connect,0,OUT_OF_STOCK,0,2
597,HS658GES7B,Cavan,SINGLE OVENS,Siemens St/St Single Oven Home Connect,3,IN_STOCK,0,3
597,HS658GES7B,Dundrum,SINGLE OVENS,Siemens St/St Single Oven Home Connect,1,IN_STOCK,0,4
597,HS658GES7B,Gorey,SINGLE OVENS,Siemens St/St Single Oven Home Connect,1,IN_STOCK,0,5
597,HS658GES7B,Navan,SINGLE OVENS,Siemens St/St Single Oven Home Connect,1,IN_STOCK,0,6
597,HS658GES7B,Sandyford,SINGLE OVENS,Siemens St/St Single Oven Home Connect,0,OUT_OF_STOCK,0,7
604,I55Z1112WUK,Belfast,U/C FREEZER,Indesit White U/C Freezer,0,OUT_OF_STOCK,0,1
604,I55Z1112WUK,Blanch,U/C FREEZER,Indesit White U/C Freezer,0,OUT_OF_STOCK,0,2
604,I55Z1112WUK,Cavan,U/C FREEZER,Indesit White U/C Freezer,4,IN_STOCK,0,3
604,I55Z1112WUK,Dundrum,U/C FREEZER,Indesit White U/C Freezer,0,OUT_OF_STOCK,0,4
604,I55Z1112WUK,Gorey,U/C FREEZER,Indesit White U/C Freezer,6,IN_STOCK,0,5
604,I55Z1112WUK,Navan,U/C FREEZER,Indesit White U/C Freezer,1,IN_STOCK,0,6
604,I55Z1112WUK,Sandyford,U/C FREEZER,Indesit White U/C Freezer,0,OUT_OF_STOCK,0,7
608,IH201840,Belfast,HOBS,TEFAL INDUCTION HOB,2,IN_STOCK,0,1
608,IH201840,Blanch,HOBS,TEFAL INDUCTION HOB,2,IN_STOCK,0,2
608,IH201840,Cavan,HOBS,TEFAL INDUCTION HOB,3,IN_STOCK,0,3
608,IH201840,Dundrum,HOBS,TEFAL INDUCTION HOB,2,IN_STOCK,0,4
608,IH201840,Gorey,HOBS,TEFAL INDUCTION HOB,2,IN_STOCK,0,5
608,IH201840,Navan,HOBS,TEFAL INDUCTION HOB,1,IN_STOCK,0,6
608,IH201840,Sandyford,HOBS,TEFAL INDUCTION HOB,0,OUT_OF_STOCK,0,7
610,IMA764MYTIMEUK,Belfast,WASHING MACHINES,Indesit 7kg 1400 Spin Washing Machine,0,OUT_OF_STOCK,0,1
610,IMA764MYTIMEUK,Blanch,WASHING MACHINES,Indesit 7kg 1400 Spin Washing Machine,-1,CUSTOMER_ORDER_OUTSTANDING,1,2
610,IMA764MYTIMEUK,Cavan,WASHING MACHINES,Indesit 7kg 1400 Spin Washing Machine,5,IN_STOCK,0,3
610,IMA764MYTIMEUK,Dundrum,WASHING MACHINES,Indesit 7kg 1400 Spin Washing Machine,0,OUT_OF_STOCK,0,4
610,IMA764MYTIMEUK,Gorey,WASHING MACHINES,Indesit 7kg 1400 Spin Washing Machine,51,IN_STOCK,0,5
610,IMA764MYTIMEUK,Navan,WASHING MACHINES,Indesit 7kg 1400 Spin Washing Machine,1,IN_STOCK,0,6
610,IMA764MYTIMEUK,Sandyford,WASHING MACHINES,Indesit 7kg 1400 Spin Washing Machine,0,OUT_OF_STOCK,0,7
611,INBUF011,Belfast,INT FRIDGES,Indesit Integrated Fridge with Icebox,0,OUT_OF_STOCK,0,1
611,INBUF011,Blanch,INT FRIDGES,Indesit Integrated Fridge with Icebox,1,IN_STOCK,0,2
611,INBUF011,Cavan,INT FRIDGES,Indesit Integrated Fridge with Icebox,1,IN_STOCK,0,3
611,INBUF011,Dundrum,INT FRIDGES,Indesit Integrated Fridge with Icebox,0,OUT_OF_STOCK,0,4
611,INBUF011,Gorey,INT FRIDGES,Indesit Integrated Fridge with Icebox,7,IN_STOCK,0,5
611,INBUF011,Navan,INT FRIDGES,Indesit Integrated Fridge with Icebox,0,OUT_OF_STOCK,0,6
611,INBUF011,Sandyford,INT FRIDGES,Indesit Integrated Fridge with Icebox,0,OUT_OF_STOCK,0,7
617,INTEGRATA60,Belfast,COOKER HOODS,Elica 5414601 60cm Integrata Integrated Hood Grey,1,IN_STOCK,0,1
617,INTEGRATA60,Blanch,COOKER HOODS,Elica 5414601 60cm Integrata Integrated Hood Grey,1,IN_STOCK,0,2
617,INTEGRATA60,Cavan,COOKER HOODS,Elica 5414601 60cm Integrata Integrated Hood Grey,2,IN_STOCK,0,3
617,INTEGRATA60,Dundrum,COOKER HOODS,Elica 5414601 60cm Integrata Integrated Hood Grey,0,OUT_OF_STOCK,0,4
617,INTEGRATA60,Gorey,COOKER HOODS,Elica 5414601 60cm Integrata Integrated Hood Grey,5,IN_STOCK,0,5
617,INTEGRATA60,Navan,COOKER HOODS,Elica 5414601 60cm Integrata Integrated Hood Grey,1,IN_STOCK,0,6
617,INTEGRATA60,Sandyford,COOKER HOODS,Elica 5414601 60cm Integrata Integrated Hood Grey,0,OUT_OF_STOCK,0,7
621,IRBBI5150,Belfast,INT FRIDGES,Liebherr Integrated Prime BioFresh Fridge,0,OUT_OF_STOCK,0,1
621,IRBBI5150,Blanch,INT FRIDGES,Liebherr Integrated Prime BioFresh Fridge,4,IN_STOCK,0,2
621,IRBBI5150,Cavan,INT FRIDGES,Liebherr Integrated Prime BioFresh Fridge,3,IN_STOCK,0,3
621,IRBBI5150,Dundrum,INT FRIDGES,Liebherr Integrated Prime BioFresh Fridge,0,OUT_OF_STOCK,0,4
621,IRBBI5150,Gorey,INT FRIDGES,Liebherr Integrated Prime BioFresh Fridge,7,IN_STOCK,0,5
621,IRBBI5150,Navan,INT FRIDGES,Liebherr Integrated Prime BioFresh Fridge,0,OUT_OF_STOCK,0,6
621,IRBBI5150,Sandyford,INT FRIDGES,Liebherr Integrated Prime BioFresh Fridge,0,OUT_OF_STOCK,0,7
623,IRBD5120,Belfast,INT FRIDGES,Liebherr Integrated Fridge with BioFresh,0,OUT_OF_STOCK,0,1
623,IRBD5120,Blanch,INT FRIDGES,Liebherr Integrated Fridge with BioFresh,2,IN_STOCK,0,2
623,IRBD5120,Cavan,INT FRIDGES,Liebherr Integrated Fridge with BioFresh,4,IN_STOCK,0,3
623,IRBD5120,Dundrum,INT FRIDGES,Liebherr Integrated Fridge with BioFresh,0,OUT_OF_STOCK,0,4
623,IRBD5120,Gorey,INT FRIDGES,Liebherr Integrated Fridge with BioFresh,3,IN_STOCK,0,5
623,IRBD5120,Navan,INT FRIDGES,Liebherr Integrated Fridge with BioFresh,0,OUT_OF_STOCK,0,6
623,IRBD5120,Sandyford,INT FRIDGES,Liebherr Integrated Fridge with BioFresh,0,OUT_OF_STOCK,0,7
624,IRE5100,Belfast,INT FRIDGES,Liebherr Integrated Fridge,1,IN_STOCK,0,1
624,IRE5100,Blanch,INT FRIDGES,Liebherr Integrated Fridge,3,IN_STOCK,0,2
624,IRE5100,Cavan,INT FRIDGES,Liebherr Integrated Fridge,1,IN_STOCK,0,3
624,IRE5100,Dundrum,INT FRIDGES,Liebherr Integrated Fridge,1,IN_STOCK,0,4
624,IRE5100,Gorey,INT FRIDGES,Liebherr Integrated Fridge,5,IN_STOCK,0,5
624,IRE5100,Navan,INT FRIDGES,Liebherr Integrated Fridge,1,IN_STOCK,0,6
624,IRE5100,Sandyford,INT FRIDGES,Liebherr Integrated Fridge,1,IN_STOCK,0,7
626,IS83Q60NE,Belfast,HOBS,Indesit Frameless 60cm Induction Hob,0,OUT_OF_STOCK,0,1
626,IS83Q60NE,Blanch,HOBS,Indesit Frameless 60cm Induction Hob,3,IN_STOCK,0,2
626,IS83Q60NE,Cavan,HOBS,Indesit Frameless 60cm Induction Hob,3,IN_STOCK,0,3
626,IS83Q60NE,Dundrum,HOBS,Indesit Frameless 60cm Induction Hob,0,OUT_OF_STOCK,0,4
626,IS83Q60NE,Gorey,HOBS,Indesit Frameless 60cm Induction Hob,26,IN_STOCK,0,5
626,IS83Q60NE,Navan,HOBS,Indesit Frameless 60cm Induction Hob,0,OUT_OF_STOCK,0,6
626,IS83Q60NE,Sandyford,HOBS,Indesit Frameless 60cm Induction Hob,0,OUT_OF_STOCK,0,7
672,KB96NADD0G,Belfast,INT FRIDGE FREEZERS,Siemens iQ500 Integrated 193.5 x 70.8cm Fr/Freezer,1,IN_STOCK,0,1
672,KB96NADD0G,Blanch,INT FRIDGE FREEZERS,Siemens iQ500 Integrated 193.5 x 70.8cm Fr/Freezer,0,OUT_OF_STOCK,0,2
672,KB96NADD0G,Cavan,INT FRIDGE FREEZERS,Siemens iQ500 Integrated 193.5 x 70.8cm Fr/Freezer,2,IN_STOCK,0,3
672,KB96NADD0G,Dundrum,INT FRIDGE FREEZERS,Siemens iQ500 Integrated 193.5 x 70.8cm Fr/Freezer,1,IN_STOCK,0,4
672,KB96NADD0G,Gorey,INT FRIDGE FREEZERS,Siemens iQ500 Integrated 193.5 x 70.8cm Fr/Freezer,1,IN_STOCK,0,5
672,KB96NADD0G,Navan,INT FRIDGE FREEZERS,Siemens iQ500 Integrated 193.5 x 70.8cm Fr/Freezer,0,OUT_OF_STOCK,0,6
672,KB96NADD0G,Sandyford,INT FRIDGE FREEZERS,Siemens iQ500 Integrated 193.5 x 70.8cm Fr/Freezer,1,IN_STOCK,0,7
678,KDFCC00K,Belfast,DOUBLE OVENS,Electrolux BLACK Double Oven,2,IN_STOCK,0,1
678,KDFCC00K,Blanch,DOUBLE OVENS,Electrolux BLACK Double Oven,3,IN_STOCK,0,2
678,KDFCC00K,Cavan,DOUBLE OVENS,Electrolux BLACK Double Oven,2,IN_STOCK,0,3
678,KDFCC00K,Dundrum,DOUBLE OVENS,Electrolux BLACK Double Oven,1,IN_STOCK,0,4
678,KDFCC00K,Gorey,DOUBLE OVENS,Electrolux BLACK Double Oven,10,IN_STOCK,0,5
678,KDFCC00K,Navan,DOUBLE OVENS,Electrolux BLACK Double Oven,0,OUT_OF_STOCK,0,6
678,KDFCC00K,Sandyford,DOUBLE OVENS,Electrolux BLACK Double Oven,0,OUT_OF_STOCK,0,7
679,KDFCC00X,Belfast,DOUBLE OVENS,Electrolux Double Oven St/St,2,IN_STOCK,0,1
679,KDFCC00X,Blanch,DOUBLE OVENS,Electrolux Double Oven St/St,4,IN_STOCK,0,2
679,KDFCC00X,Cavan,DOUBLE OVENS,Electrolux Double Oven St/St,3,IN_STOCK,0,3
679,KDFCC00X,Dundrum,DOUBLE OVENS,Electrolux Double Oven St/St,1,IN_STOCK,0,4
679,KDFCC00X,Gorey,DOUBLE OVENS,Electrolux Double Oven St/St,4,IN_STOCK,0,5
679,KDFCC00X,Navan,DOUBLE OVENS,Electrolux Double Oven St/St,1,IN_STOCK,0,6
679,KDFCC00X,Sandyford,DOUBLE OVENS,Electrolux Double Oven St/St,0,OUT_OF_STOCK,0,7
680,KDFGE40TK,Belfast,DOUBLE OVENS,ELECTROLUX  D/O ENAMEL LINERS BLACK,2,IN_STOCK,0,1
680,KDFGE40TK,Blanch,DOUBLE OVENS,ELECTROLUX  D/O ENAMEL LINERS BLACK,2,IN_STOCK,0,2
680,KDFGE40TK,Cavan,DOUBLE OVENS,ELECTROLUX  D/O ENAMEL LINERS BLACK,3,IN_STOCK,0,3
680,KDFGE40TK,Dundrum,DOUBLE OVENS,ELECTROLUX  D/O ENAMEL LINERS BLACK,0,OUT_OF_STOCK,0,4
680,KDFGE40TK,Gorey,DOUBLE OVENS,ELECTROLUX  D/O ENAMEL LINERS BLACK,8,IN_STOCK,0,5
680,KDFGE40TK,Navan,DOUBLE OVENS,ELECTROLUX  D/O ENAMEL LINERS BLACK,1,IN_STOCK,0,6
680,KDFGE40TK,Sandyford,DOUBLE OVENS,ELECTROLUX  D/O ENAMEL LINERS BLACK,0,OUT_OF_STOCK,0,7
681,KDFGE40TX,Belfast,DOUBLE OVENS,ELECTROLUX  D/O ENAMEL LINERS STEEL,2,IN_STOCK,0,1
681,KDFGE40TX,Blanch,DOUBLE OVENS,ELECTROLUX  D/O ENAMEL LINERS STEEL,1,IN_STOCK,0,2
681,KDFGE40TX,Cavan,DOUBLE OVENS,ELECTROLUX  D/O ENAMEL LINERS STEEL,1,IN_STOCK,0,3
681,KDFGE40TX,Dundrum,DOUBLE OVENS,ELECTROLUX  D/O ENAMEL LINERS STEEL,0,OUT_OF_STOCK,0,4
681,KDFGE40TX,Gorey,DOUBLE OVENS,ELECTROLUX  D/O ENAMEL LINERS STEEL,10,IN_STOCK,0,5
681,KDFGE40TX,Navan,DOUBLE OVENS,ELECTROLUX  D/O ENAMEL LINERS STEEL,0,OUT_OF_STOCK,0,6
681,KDFGE40TX,Sandyford,DOUBLE OVENS,ELECTROLUX  D/O ENAMEL LINERS STEEL,0,OUT_OF_STOCK,0,7
682,KEAF7200L,Belfast,INT DISHWASHERS,Electrolux Integrated Dishwasher,4,IN_STOCK,0,1
682,KEAF7200L,Blanch,INT DISHWASHERS,Electrolux Integrated Dishwasher,1,IN_STOCK,0,2
682,KEAF7200L,Cavan,INT DISHWASHERS,Electrolux Integrated Dishwasher,6,IN_STOCK,0,3
682,KEAF7200L,Dundrum,INT DISHWASHERS,Electrolux Integrated Dishwasher,1,IN_STOCK,0,4
682,KEAF7200L,Gorey,INT DISHWASHERS,Electrolux Integrated Dishwasher,12,IN_STOCK,0,5
682,KEAF7200L,Navan,INT DISHWASHERS,Electrolux Integrated Dishwasher,1,IN_STOCK,0,6
682,KEAF7200L,Sandyford,INT DISHWASHERS,Electrolux Integrated Dishwasher,1,IN_STOCK,0,7
683,KF96DPXEA,Belfast,USA F/F,Siemens iQ700 183 x 90.5cm Blk Steel USA,1,IN_STOCK,0,1
683,KF96DPXEA,Blanch,USA F/F,Siemens iQ700 183 x 90.5cm Blk Steel USA,1,IN_STOCK,0,2
683,KF96DPXEA,Cavan,USA F/F,Siemens iQ700 183 x 90.5cm Blk Steel USA,0,OUT_OF_STOCK,0,3
683,KF96DPXEA,Dundrum,USA F/F,Siemens iQ700 183 x 90.5cm Blk Steel USA,0,OUT_OF_STOCK,0,4
683,KF96DPXEA,Gorey,USA F/F,Siemens iQ700 183 x 90.5cm Blk Steel USA,3,IN_STOCK,0,5
683,KF96DPXEA,Navan,USA F/F,Siemens iQ700 183 x 90.5cm Blk Steel USA,0,OUT_OF_STOCK,0,6
683,KF96DPXEA,Sandyford,USA F/F,Siemens iQ700 183 x 90.5cm Blk Steel USA,1,IN_STOCK,0,7
684,KF96NAXEAG,Belfast,FRIDGE FREEZERS,Siemens 183 x 91 Black Steel French Door FF,0,OUT_OF_STOCK,0,1
684,KF96NAXEAG,Blanch,FRIDGE FREEZERS,Siemens 183 x 91 Black Steel French Door FF,2,IN_STOCK,0,2
684,KF96NAXEAG,Cavan,FRIDGE FREEZERS,Siemens 183 x 91 Black Steel French Door FF,0,OUT_OF_STOCK,0,3
684,KF96NAXEAG,Dundrum,FRIDGE FREEZERS,Siemens 183 x 91 Black Steel French Door FF,1,IN_STOCK,0,4
684,KF96NAXEAG,Gorey,FRIDGE FREEZERS,Siemens 183 x 91 Black Steel French Door FF,2,IN_STOCK,0,5
684,KF96NAXEAG,Navan,FRIDGE FREEZERS,Siemens 183 x 91 Black Steel French Door FF,1,IN_STOCK,0,6
684,KF96NAXEAG,Sandyford,FRIDGE FREEZERS,Siemens 183 x 91 Black Steel French Door FF,0,OUT_OF_STOCK,0,7
685,KG39NXXBF,Belfast,FRIDGE FREEZERS,Siemens iQ300 Blk St 203 x 60 Fridge Freezer,1,IN_STOCK,0,1
685,KG39NXXBF,Blanch,FRIDGE FREEZERS,Siemens iQ300 Blk St 203 x 60 Fridge Freezer,1,IN_STOCK,0,2
685,KG39NXXBF,Cavan,FRIDGE FREEZERS,Siemens iQ300 Blk St 203 x 60 Fridge Freezer,1,IN_STOCK,0,3
685,KG39NXXBF,Dundrum,FRIDGE FREEZERS,Siemens iQ300 Blk St 203 x 60 Fridge Freezer,0,OUT_OF_STOCK,0,4
685,KG39NXXBF,Gorey,FRIDGE FREEZERS,Siemens iQ300 Blk St 203 x 60 Fridge Freezer,3,IN_STOCK,0,5
685,KG39NXXBF,Navan,FRIDGE FREEZERS,Siemens iQ300 Blk St 203 x 60 Fridge Freezer,0,OUT_OF_STOCK,0,6
685,KG39NXXBF,Sandyford,FRIDGE FREEZERS,Siemens iQ300 Blk St 203 x 60 Fridge Freezer,0,OUT_OF_STOCK,0,7
686,KGE49AICAG,Belfast,FRIDGE FREEZERS,*Bosch St/St 201x70 Fridge Freezer,1,IN_STOCK,0,1
686,KGE49AICAG,Blanch,FRIDGE FREEZERS,*Bosch St/St 201x70 Fridge Freezer,2,IN_STOCK,0,2
686,KGE49AICAG,Cavan,FRIDGE FREEZERS,*Bosch St/St 201x70 Fridge Freezer,2,IN_STOCK,0,3
686,KGE49AICAG,Dundrum,FRIDGE FREEZERS,*Bosch St/St 201x70 Fridge Freezer,0,OUT_OF_STOCK,0,4
686,KGE49AICAG,Gorey,FRIDGE FREEZERS,*Bosch St/St 201x70 Fridge Freezer,4,IN_STOCK,0,5
686,KGE49AICAG,Navan,FRIDGE FREEZERS,*Bosch St/St 201x70 Fridge Freezer,0,OUT_OF_STOCK,0,6
686,KGE49AICAG,Sandyford,FRIDGE FREEZERS,*Bosch St/St 201x70 Fridge Freezer,1,IN_STOCK,0,7
688,KGN392LAGG,Belfast,FRIDGE FREEZERS,BOSCH Series 4 St/St Look 203*60 FF,1,IN_STOCK,0,1
688,KGN392LAGG,Blanch,FRIDGE FREEZERS,BOSCH Series 4 St/St Look 203*60 FF,2,IN_STOCK,0,2
688,KGN392LAGG,Cavan,FRIDGE FREEZERS,BOSCH Series 4 St/St Look 203*60 FF,1,IN_STOCK,0,3
688,KGN392LAGG,Dundrum,FRIDGE FREEZERS,BOSCH Series 4 St/St Look 203*60 FF,1,IN_STOCK,0,4
688,KGN392LAGG,Gorey,FRIDGE FREEZERS,BOSCH Series 4 St/St Look 203*60 FF,5,IN_STOCK,0,5
688,KGN392LAGG,Navan,FRIDGE FREEZERS,BOSCH Series 4 St/St Look 203*60 FF,0,OUT_OF_STOCK,0,6
688,KGN392LAGG,Sandyford,FRIDGE FREEZERS,BOSCH Series 4 St/St Look 203*60 FF,0,OUT_OF_STOCK,0,7
689,KGS64362XX,Belfast,GAS HOBS,Electrolux 60cm St/St Slimline Gas Hob,2,IN_STOCK,0,1
689,KGS64362XX,Blanch,GAS HOBS,Electrolux 60cm St/St Slimline Gas Hob,4,IN_STOCK,0,2
689,KGS64362XX,Cavan,GAS HOBS,Electrolux 60cm St/St Slimline Gas Hob,2,IN_STOCK,0,3
689,KGS64362XX,Dundrum,GAS HOBS,Electrolux 60cm St/St Slimline Gas Hob,0,OUT_OF_STOCK,0,4
689,KGS64362XX,Gorey,GAS HOBS,Electrolux 60cm St/St Slimline Gas Hob,6,IN_STOCK,0,5
689,KGS64362XX,Navan,GAS HOBS,Electrolux 60cm St/St Slimline Gas Hob,1,IN_STOCK,0,6
689,KGS64362XX,Sandyford,GAS HOBS,Electrolux 60cm St/St Slimline Gas Hob,1,IN_STOCK,0,7
690,KGS75662SX,Belfast,GAS HOBS,Electrolux St/St Slimline Gas Hob,4,IN_STOCK,0,1
690,KGS75662SX,Blanch,GAS HOBS,Electrolux St/St Slimline Gas Hob,1,IN_STOCK,0,2
690,KGS75662SX,Cavan,GAS HOBS,Electrolux St/St Slimline Gas Hob,2,IN_STOCK,0,3
690,KGS75662SX,Dundrum,GAS HOBS,Electrolux St/St Slimline Gas Hob,0,OUT_OF_STOCK,0,4
690,KGS75662SX,Gorey,GAS HOBS,Electrolux St/St Slimline Gas Hob,4,IN_STOCK,0,5
690,KGS75662SX,Navan,GAS HOBS,Electrolux St/St Slimline Gas Hob,1,IN_STOCK,0,6
690,KGS75662SX,Sandyford,GAS HOBS,Electrolux St/St Slimline Gas Hob,0,OUT_OF_STOCK,0,7
691,KGV336WEAG,Belfast,FRIDGE FREEZERS,*Bosch White Fridge Freezer 176 x 60,0,OUT_OF_STOCK,0,1
691,KGV336WEAG,Blanch,FRIDGE FREEZERS,*Bosch White Fridge Freezer 176 x 60,0,OUT_OF_STOCK,0,2
691,KGV336WEAG,Cavan,FRIDGE FREEZERS,*Bosch White Fridge Freezer 176 x 60,3,IN_STOCK,0,3
691,KGV336WEAG,Dundrum,FRIDGE FREEZERS,*Bosch White Fridge Freezer 176 x 60,0,OUT_OF_STOCK,0,4
691,KGV336WEAG,Gorey,FRIDGE FREEZERS,*Bosch White Fridge Freezer 176 x 60,12,IN_STOCK,0,5
691,KGV336WEAG,Navan,FRIDGE FREEZERS,*Bosch White Fridge Freezer 176 x 60,0,OUT_OF_STOCK,0,6
691,KGV336WEAG,Sandyford,FRIDGE FREEZERS,*Bosch White Fridge Freezer 176 x 60,0,OUT_OF_STOCK,0,7
692,KGV33VLEAG,Belfast,FRIDGE FREEZERS,*Bosch 176 x 60 St/St Look Fridge Freezer,1,IN_STOCK,0,1
692,KGV33VLEAG,Blanch,FRIDGE FREEZERS,*Bosch 176 x 60 St/St Look Fridge Freezer,0,OUT_OF_STOCK,0,2
692,KGV33VLEAG,Cavan,FRIDGE FREEZERS,*Bosch 176 x 60 St/St Look Fridge Freezer,0,OUT_OF_STOCK,0,3
692,KGV33VLEAG,Dundrum,FRIDGE FREEZERS,*Bosch 176 x 60 St/St Look Fridge Freezer,0,OUT_OF_STOCK,0,4
692,KGV33VLEAG,Gorey,FRIDGE FREEZERS,*Bosch 176 x 60 St/St Look Fridge Freezer,34,IN_STOCK,0,5
692,KGV33VLEAG,Navan,FRIDGE FREEZERS,*Bosch 176 x 60 St/St Look Fridge Freezer,0,OUT_OF_STOCK,0,6
692,KGV33VLEAG,Sandyford,FRIDGE FREEZERS,*Bosch 176 x 60 St/St Look Fridge Freezer,0,OUT_OF_STOCK,0,7
693,KI1812FE0G,Belfast,INT FRIDGES,Neff N50 Integrated Fridge,0,OUT_OF_STOCK,0,1
693,KI1812FE0G,Blanch,INT FRIDGES,Neff N50 Integrated Fridge,1,IN_STOCK,0,2
693,KI1812FE0G,Cavan,INT FRIDGES,Neff N50 Integrated Fridge,2,IN_STOCK,0,3
693,KI1812FE0G,Dundrum,INT FRIDGES,Neff N50 Integrated Fridge,0,OUT_OF_STOCK,0,4
693,KI1812FE0G,Gorey,INT FRIDGES,Neff N50 Integrated Fridge,4,IN_STOCK,0,5
693,KI1812FE0G,Navan,INT FRIDGES,Neff N50 Integrated Fridge,0,OUT_OF_STOCK,0,6
693,KI1812FE0G,Sandyford,INT FRIDGES,Neff N50 Integrated Fridge,0,OUT_OF_STOCK,0,7
695,KI81RADD0G,Belfast,INT FRIDGES,Siemens iQ500 Built in Fridge,0,OUT_OF_STOCK,0,1
695,KI81RADD0G,Blanch,INT FRIDGES,Siemens iQ500 Built in Fridge,4,IN_STOCK,0,2
695,KI81RADD0G,Cavan,INT FRIDGES,Siemens iQ500 Built in Fridge,3,IN_STOCK,0,3
695,KI81RADD0G,Dundrum,INT FRIDGES,Siemens iQ500 Built in Fridge,1,IN_STOCK,0,4
695,KI81RADD0G,Gorey,INT FRIDGES,Siemens iQ500 Built in Fridge,6,IN_STOCK,0,5
695,KI81RADD0G,Navan,INT FRIDGES,Siemens iQ500 Built in Fridge,0,OUT_OF_STOCK,0,6
695,KI81RADD0G,Sandyford,INT FRIDGES,Siemens iQ500 Built in Fridge,1,IN_STOCK,0,7
696,KI81RVFE0G,Belfast,INT FRIDGES,Siemens IQ300 Integrated Fridge,0,OUT_OF_STOCK,0,1
696,KI81RVFE0G,Blanch,INT FRIDGES,Siemens IQ300 Integrated Fridge,0,OUT_OF_STOCK,0,2
696,KI81RVFE0G,Cavan,INT FRIDGES,Siemens IQ300 Integrated Fridge,1,IN_STOCK,0,3
696,KI81RVFE0G,Dundrum,INT FRIDGES,Siemens IQ300 Integrated Fridge,0,OUT_OF_STOCK,0,4
696,KI81RVFE0G,Gorey,INT FRIDGES,Siemens IQ300 Integrated Fridge,6,IN_STOCK,0,5
696,KI81RVFE0G,Navan,INT FRIDGES,Siemens IQ300 Integrated Fridge,0,OUT_OF_STOCK,0,6
696,KI81RVFE0G,Sandyford,INT FRIDGES,Siemens IQ300 Integrated Fridge,0,OUT_OF_STOCK,0,7
698,KI96NVFD0G,Belfast,INT FRIDGE FREEZERS,Siemens New iQ300Integrated FF 193.5 High,0,OUT_OF_STOCK,0,1
698,KI96NVFD0G,Blanch,INT FRIDGE FREEZERS,Siemens New iQ300Integrated FF 193.5 High,0,OUT_OF_STOCK,0,2
698,KI96NVFD0G,Cavan,INT FRIDGE FREEZERS,Siemens New iQ300Integrated FF 193.5 High,0,OUT_OF_STOCK,0,3
698,KI96NVFD0G,Dundrum,INT FRIDGE FREEZERS,Siemens New iQ300Integrated FF 193.5 High,0,OUT_OF_STOCK,0,4
698,KI96NVFD0G,Gorey,INT FRIDGE FREEZERS,Siemens New iQ300Integrated FF 193.5 High,7,IN_STOCK,0,5
698,KI96NVFD0G,Navan,INT FRIDGE FREEZERS,Siemens New iQ300Integrated FF 193.5 High,0,OUT_OF_STOCK,0,6
698,KI96NVFD0G,Sandyford,INT FRIDGE FREEZERS,Siemens New iQ300Integrated FF 193.5 High,0,OUT_OF_STOCK,0,7
700,KIN86VFE0G,Belfast,INT FRIDGE FREEZERS,Bosch Serie 4 Built In F/F,0,OUT_OF_STOCK,0,1
700,KIN86VFE0G,Blanch,INT FRIDGE FREEZERS,Bosch Serie 4 Built In F/F,2,IN_STOCK,0,2
700,KIN86VFE0G,Cavan,INT FRIDGE FREEZERS,Bosch Serie 4 Built In F/F,2,IN_STOCK,0,3
700,KIN86VFE0G,Dundrum,INT FRIDGE FREEZERS,Bosch Serie 4 Built In F/F,1,IN_STOCK,0,4
700,KIN86VFE0G,Gorey,INT FRIDGE FREEZERS,Bosch Serie 4 Built In F/F,3,IN_STOCK,0,5
700,KIN86VFE0G,Navan,INT FRIDGE FREEZERS,Bosch Serie 4 Built In F/F,0,OUT_OF_STOCK,0,6
700,KIN86VFE0G,Sandyford,INT FRIDGE FREEZERS,Bosch Serie 4 Built In F/F,0,OUT_OF_STOCK,0,7
701,KINS1261B4UK,Belfast,INT FRIDGE FREEZERS,Indesit 50/50 Integrated Fridge Freezer,0,OUT_OF_STOCK,0,1
701,KINS1261B4UK,Blanch,INT FRIDGE FREEZERS,Indesit 50/50 Integrated Fridge Freezer,1,IN_STOCK,0,2
701,KINS1261B4UK,Cavan,INT FRIDGE FREEZERS,Indesit 50/50 Integrated Fridge Freezer,0,OUT_OF_STOCK,0,3
701,KINS1261B4UK,Dundrum,INT FRIDGE FREEZERS,Indesit 50/50 Integrated Fridge Freezer,0,OUT_OF_STOCK,0,4
701,KINS1261B4UK,Gorey,INT FRIDGE FREEZERS,Indesit 50/50 Integrated Fridge Freezer,7,IN_STOCK,0,5
701,KINS1261B4UK,Navan,INT FRIDGE FREEZERS,Indesit 50/50 Integrated Fridge Freezer,1,IN_STOCK,0,6
701,KINS1261B4UK,Sandyford,INT FRIDGE FREEZERS,Indesit 50/50 Integrated Fridge Freezer,0,OUT_OF_STOCK,0,7
702,KIR81ADD0G,Belfast,INT FRIDGES,Bosch Series 7 Int Fridge Soft Close Hinge,1,IN_STOCK,0,1
702,KIR81ADD0G,Blanch,INT FRIDGES,Bosch Series 7 Int Fridge Soft Close Hinge,3,IN_STOCK,0,2
702,KIR81ADD0G,Cavan,INT FRIDGES,Bosch Series 7 Int Fridge Soft Close Hinge,2,IN_STOCK,0,3
702,KIR81ADD0G,Dundrum,INT FRIDGES,Bosch Series 7 Int Fridge Soft Close Hinge,0,OUT_OF_STOCK,0,4
702,KIR81ADD0G,Gorey,INT FRIDGES,Bosch Series 7 Int Fridge Soft Close Hinge,2,IN_STOCK,0,5
702,KIR81ADD0G,Navan,INT FRIDGES,Bosch Series 7 Int Fridge Soft Close Hinge,0,OUT_OF_STOCK,0,6
702,KIR81ADD0G,Sandyford,INT FRIDGES,Bosch Series 7 Int Fridge Soft Close Hinge,0,OUT_OF_STOCK,0,7
703,KIV644,Belfast,HOBS,Electrolux 60cm Induction Hob,2,IN_STOCK,0,1
703,KIV644,Blanch,HOBS,Electrolux 60cm Induction Hob,6,IN_STOCK,0,2
703,KIV644,Cavan,HOBS,Electrolux 60cm Induction Hob,6,IN_STOCK,0,3
703,KIV644,Dundrum,HOBS,Electrolux 60cm Induction Hob,2,IN_STOCK,0,4
703,KIV644,Gorey,HOBS,Electrolux 60cm Induction Hob,8,IN_STOCK,0,5
703,KIV644,Navan,HOBS,Electrolux 60cm Induction Hob,4,IN_STOCK,0,6
703,KIV644,Sandyford,HOBS,Electrolux 60cm Induction Hob,1,IN_STOCK,0,7
704,KIV86VSE0G,Belfast,INT FRIDGE FREEZERS,*Bosch Integrated Fridge Freezer,0,OUT_OF_STOCK,0,1
704,KIV86VSE0G,Blanch,INT FRIDGE FREEZERS,*Bosch Integrated Fridge Freezer,4,IN_STOCK,0,2
704,KIV86VSE0G,Cavan,INT FRIDGE FREEZERS,*Bosch Integrated Fridge Freezer,2,IN_STOCK,0,3
704,KIV86VSE0G,Dundrum,INT FRIDGE FREEZERS,*Bosch Integrated Fridge Freezer,0,OUT_OF_STOCK,0,4
704,KIV86VSE0G,Gorey,INT FRIDGE FREEZERS,*Bosch Integrated Fridge Freezer,3,IN_STOCK,0,5
704,KIV86VSE0G,Navan,INT FRIDGE FREEZERS,*Bosch Integrated Fridge Freezer,0,OUT_OF_STOCK,0,6
704,KIV86VSE0G,Sandyford,INT FRIDGE FREEZERS,*Bosch Integrated Fridge Freezer,0,OUT_OF_STOCK,0,7
713,KMDA7272FR-U,Belfast,DOWNDRAFT HOBS,Miele 12246260 Venting Hob,1,IN_STOCK,0,1
713,KMDA7272FR-U,Blanch,DOWNDRAFT HOBS,Miele 12246260 Venting Hob,3,IN_STOCK,0,2
713,KMDA7272FR-U,Cavan,DOWNDRAFT HOBS,Miele 12246260 Venting Hob,3,IN_STOCK,0,3
713,KMDA7272FR-U,Dundrum,DOWNDRAFT HOBS,Miele 12246260 Venting Hob,0,OUT_OF_STOCK,0,4
713,KMDA7272FR-U,Gorey,DOWNDRAFT HOBS,Miele 12246260 Venting Hob,16,IN_STOCK,0,5
713,KMDA7272FR-U,Navan,DOWNDRAFT HOBS,Miele 12246260 Venting Hob,0,OUT_OF_STOCK,0,6
713,KMDA7272FR-U,Sandyford,DOWNDRAFT HOBS,Miele 12246260 Venting Hob,0,OUT_OF_STOCK,0,7
714,KMDA7473FL-U,Belfast,DOWNDRAFT HOBS,Miele 12246280 80cm Venting Hob,1,IN_STOCK,0,1
714,KMDA7473FL-U,Blanch,DOWNDRAFT HOBS,Miele 12246280 80cm Venting Hob,1,IN_STOCK,0,2
714,KMDA7473FL-U,Cavan,DOWNDRAFT HOBS,Miele 12246280 80cm Venting Hob,2,IN_STOCK,0,3
714,KMDA7473FL-U,Dundrum,DOWNDRAFT HOBS,Miele 12246280 80cm Venting Hob,1,IN_STOCK,0,4
714,KMDA7473FL-U,Gorey,DOWNDRAFT HOBS,Miele 12246280 80cm Venting Hob,6,IN_STOCK,0,5
714,KMDA7473FL-U,Navan,DOWNDRAFT HOBS,Miele 12246280 80cm Venting Hob,0,OUT_OF_STOCK,0,6
714,KMDA7473FL-U,Sandyford,DOWNDRAFT HOBS,Miele 12246280 80cm Venting Hob,1,IN_STOCK,0,7
716,KMDA7676FL-U,Belfast,DOWNDRAFT HOBS,Miele 12509230 Venting Hob,1,IN_STOCK,0,1
716,KMDA7676FL-U,Blanch,DOWNDRAFT HOBS,Miele 12509230 Venting Hob,1,IN_STOCK,0,2
716,KMDA7676FL-U,Cavan,DOWNDRAFT HOBS,Miele 12509230 Venting Hob,2,IN_STOCK,0,3
716,KMDA7676FL-U,Dundrum,DOWNDRAFT HOBS,Miele 12509230 Venting Hob,0,OUT_OF_STOCK,0,4
716,KMDA7676FL-U,Gorey,DOWNDRAFT HOBS,Miele 12509230 Venting Hob,7,IN_STOCK,0,5
716,KMDA7676FL-U,Navan,DOWNDRAFT HOBS,Miele 12509230 Venting Hob,0,OUT_OF_STOCK,0,6
716,KMDA7676FL-U,Sandyford,DOWNDRAFT HOBS,Miele 12509230 Venting Hob,0,OUT_OF_STOCK,0,7
717,KME968000M,Belfast,SINGLE OVENS,AEG St/St Combi Microwave Oven,2,IN_STOCK,0,1
717,KME968000M,Blanch,SINGLE OVENS,AEG St/St Combi Microwave Oven,2,IN_STOCK,0,2
717,KME968000M,Cavan,SINGLE OVENS,AEG St/St Combi Microwave Oven,1,IN_STOCK,0,3
717,KME968000M,Dundrum,SINGLE OVENS,AEG St/St Combi Microwave Oven,1,IN_STOCK,0,4
717,KME968000M,Gorey,SINGLE OVENS,AEG St/St Combi Microwave Oven,1,IN_STOCK,0,5
717,KME968000M,Navan,SINGLE OVENS,AEG St/St Combi Microwave Oven,0,OUT_OF_STOCK,0,6
717,KME968000M,Sandyford,SINGLE OVENS,AEG St/St Combi Microwave Oven,1,IN_STOCK,0,7
718,KMFD264TEX,Belfast,INT MICROWAVES,Electrolux 26L St/St Integrated Microwave,3,IN_STOCK,0,1
718,KMFD264TEX,Blanch,INT MICROWAVES,Electrolux 26L St/St Integrated Microwave,1,IN_STOCK,0,2
718,KMFD264TEX,Cavan,INT MICROWAVES,Electrolux 26L St/St Integrated Microwave,2,IN_STOCK,0,3
718,KMFD264TEX,Dundrum,INT MICROWAVES,Electrolux 26L St/St Integrated Microwave,0,OUT_OF_STOCK,0,4
718,KMFD264TEX,Gorey,INT MICROWAVES,Electrolux 26L St/St Integrated Microwave,2,IN_STOCK,0,5
718,KMFD264TEX,Navan,INT MICROWAVES,Electrolux 26L St/St Integrated Microwave,0,OUT_OF_STOCK,0,6
718,KMFD264TEX,Sandyford,INT MICROWAVES,Electrolux 26L St/St Integrated Microwave,0,OUT_OF_STOCK,0,7
719,KMFE172TEX,Belfast,INT MICROWAVES,Electrolux Integrated Microeave,1,IN_STOCK,0,1
719,KMFE172TEX,Blanch,INT MICROWAVES,Electrolux Integrated Microeave,2,IN_STOCK,0,2
719,KMFE172TEX,Cavan,INT MICROWAVES,Electrolux Integrated Microeave,0,OUT_OF_STOCK,0,3
719,KMFE172TEX,Dundrum,INT MICROWAVES,Electrolux Integrated Microeave,1,IN_STOCK,0,4
719,KMFE172TEX,Gorey,INT MICROWAVES,Electrolux Integrated Microeave,5,IN_STOCK,0,5
719,KMFE172TEX,Navan,INT MICROWAVES,Electrolux Integrated Microeave,1,IN_STOCK,0,6
719,KMFE172TEX,Sandyford,INT MICROWAVES,Electrolux Integrated Microeave,0,OUT_OF_STOCK,0,7
723,KOFFP46TX,Belfast,SINGLE OVENS,Electrolux St/St Single Pyroclean Oven,2,IN_STOCK,0,1
723,KOFFP46TX,Blanch,SINGLE OVENS,Electrolux St/St Single Pyroclean Oven,2,IN_STOCK,0,2
723,KOFFP46TX,Cavan,SINGLE OVENS,Electrolux St/St Single Pyroclean Oven,12,IN_STOCK,0,3
723,KOFFP46TX,Dundrum,SINGLE OVENS,Electrolux St/St Single Pyroclean Oven,1,IN_STOCK,0,4
723,KOFFP46TX,Gorey,SINGLE OVENS,Electrolux St/St Single Pyroclean Oven,8,IN_STOCK,0,5
723,KOFFP46TX,Navan,SINGLE OVENS,Electrolux St/St Single Pyroclean Oven,1,IN_STOCK,0,6
723,KOFFP46TX,Sandyford,SINGLE OVENS,Electrolux St/St Single Pyroclean Oven,1,IN_STOCK,0,7
724,KOFGH40TK,Belfast,SINGLE OVENS,Electrolux Black Single Oven,0,OUT_OF_STOCK,0,1
724,KOFGH40TK,Blanch,SINGLE OVENS,Electrolux Black Single Oven,1,IN_STOCK,0,2
724,KOFGH40TK,Cavan,SINGLE OVENS,Electrolux Black Single Oven,3,IN_STOCK,0,3
724,KOFGH40TK,Dundrum,SINGLE OVENS,Electrolux Black Single Oven,1,IN_STOCK,0,4
724,KOFGH40TK,Gorey,SINGLE OVENS,Electrolux Black Single Oven,12,IN_STOCK,0,5
724,KOFGH40TK,Navan,SINGLE OVENS,Electrolux Black Single Oven,0,OUT_OF_STOCK,0,6
724,KOFGH40TK,Sandyford,SINGLE OVENS,Electrolux Black Single Oven,1,IN_STOCK,0,7
725,KOFGH40TX,Belfast,SINGLE OVENS,Electrolux St/St Single Oven,2,IN_STOCK,0,1
725,KOFGH40TX,Blanch,SINGLE OVENS,Electrolux St/St Single Oven,6,IN_STOCK,0,2
725,KOFGH40TX,Cavan,SINGLE OVENS,Electrolux St/St Single Oven,2,IN_STOCK,0,3
725,KOFGH40TX,Dundrum,SINGLE OVENS,Electrolux St/St Single Oven,1,IN_STOCK,0,4
725,KOFGH40TX,Gorey,SINGLE OVENS,Electrolux St/St Single Oven,3,IN_STOCK,0,5
725,KOFGH40TX,Navan,SINGLE OVENS,Electrolux St/St Single Oven,0,OUT_OF_STOCK,0,6
725,KOFGH40TX,Sandyford,SINGLE OVENS,Electrolux St/St Single Oven,0,OUT_OF_STOCK,0,7
726,KRD6DE18C,Belfast,INT FRIDGES,Electrolux Int Fridge 178H,1,IN_STOCK,0,1
726,KRD6DE18C,Blanch,INT FRIDGES,Electrolux Int Fridge 178H,3,IN_STOCK,0,2
726,KRD6DE18C,Cavan,INT FRIDGES,Electrolux Int Fridge 178H,9,IN_STOCK,0,3
726,KRD6DE18C,Dundrum,INT FRIDGES,Electrolux Int Fridge 178H,0,OUT_OF_STOCK,0,4
726,KRD6DE18C,Gorey,INT FRIDGES,Electrolux Int Fridge 178H,7,IN_STOCK,0,5
726,KRD6DE18C,Navan,INT FRIDGES,Electrolux Int Fridge 178H,2,IN_STOCK,0,6
726,KRD6DE18C,Sandyford,INT FRIDGES,Electrolux Int Fridge 178H,0,OUT_OF_STOCK,0,7
727,KS36VVIEPG,Belfast,FRIDGES,Siemens Inox Fridge 186 x 60cm,1,IN_STOCK,0,1
727,KS36VVIEPG,Blanch,FRIDGES,Siemens Inox Fridge 186 x 60cm,1,IN_STOCK,0,2
727,KS36VVIEPG,Cavan,FRIDGES,Siemens Inox Fridge 186 x 60cm,1,IN_STOCK,0,3
727,KS36VVIEPG,Dundrum,FRIDGES,Siemens Inox Fridge 186 x 60cm,1,IN_STOCK,0,4
727,KS36VVIEPG,Gorey,FRIDGES,Siemens Inox Fridge 186 x 60cm,1,IN_STOCK,0,5
727,KS36VVIEPG,Navan,FRIDGES,Siemens Inox Fridge 186 x 60cm,1,IN_STOCK,0,6
727,KS36VVIEPG,Sandyford,FRIDGES,Siemens Inox Fridge 186 x 60cm,0,OUT_OF_STOCK,0,7
728,KS4383ED,Belfast,FREEZERS,Miele 12431040 Tall White Frridge,0,OUT_OF_STOCK,0,1
728,KS4383ED,Blanch,FREEZERS,Miele 12431040 Tall White Frridge,1,IN_STOCK,0,2
728,KS4383ED,Cavan,FREEZERS,Miele 12431040 Tall White Frridge,0,OUT_OF_STOCK,0,3
728,KS4383ED,Dundrum,FREEZERS,Miele 12431040 Tall White Frridge,0,OUT_OF_STOCK,0,4
728,KS4383ED,Gorey,FREEZERS,Miele 12431040 Tall White Frridge,6,IN_STOCK,0,5
728,KS4383ED,Navan,FREEZERS,Miele 12431040 Tall White Frridge,0,OUT_OF_STOCK,0,6
728,KS4383ED,Sandyford,FREEZERS,Miele 12431040 Tall White Frridge,0,OUT_OF_STOCK,0,7
731,KU21RVFE0G,Belfast,INT FRIDGES,Siemens U/C Integrated Fridge,1,IN_STOCK,0,1
731,KU21RVFE0G,Blanch,INT FRIDGES,Siemens U/C Integrated Fridge,1,IN_STOCK,0,2
731,KU21RVFE0G,Cavan,INT FRIDGES,Siemens U/C Integrated Fridge,0,OUT_OF_STOCK,0,3
731,KU21RVFE0G,Dundrum,INT FRIDGES,Siemens U/C Integrated Fridge,1,IN_STOCK,0,4
731,KU21RVFE0G,Gorey,INT FRIDGES,Siemens U/C Integrated Fridge,2,IN_STOCK,0,5
731,KU21RVFE0G,Navan,INT FRIDGES,Siemens U/C Integrated Fridge,0,OUT_OF_STOCK,0,6
731,KU21RVFE0G,Sandyford,INT FRIDGES,Siemens U/C Integrated Fridge,1,IN_STOCK,0,7
732,KUN7NE18C,Belfast,INT FREEZERS,Electrolux Tall Integrated Freezer Frost Free,0,OUT_OF_STOCK,0,1
732,KUN7NE18C,Blanch,INT FREEZERS,Electrolux Tall Integrated Freezer Frost Free,4,IN_STOCK,0,2
732,KUN7NE18C,Cavan,INT FREEZERS,Electrolux Tall Integrated Freezer Frost Free,11,IN_STOCK,0,3
732,KUN7NE18C,Dundrum,INT FREEZERS,Electrolux Tall Integrated Freezer Frost Free,0,OUT_OF_STOCK,0,4
732,KUN7NE18C,Gorey,INT FREEZERS,Electrolux Tall Integrated Freezer Frost Free,21,IN_STOCK,0,5
732,KUN7NE18C,Navan,INT FREEZERS,Electrolux Tall Integrated Freezer Frost Free,1,IN_STOCK,0,6
732,KUN7NE18C,Sandyford,INT FREEZERS,Electrolux Tall Integrated Freezer Frost Free,0,OUT_OF_STOCK,0,7
738,L6FBK141B,Belfast,WASHING MACHINES,AEG 10kg 1400Spin 6000 Series Washing Machine,4,IN_STOCK,0,1
738,L6FBK141B,Blanch,WASHING MACHINES,AEG 10kg 1400Spin 6000 Series Washing Machine,0,OUT_OF_STOCK,0,2
738,L6FBK141B,Cavan,WASHING MACHINES,AEG 10kg 1400Spin 6000 Series Washing Machine,1,IN_STOCK,0,3
738,L6FBK141B,Dundrum,WASHING MACHINES,AEG 10kg 1400Spin 6000 Series Washing Machine,1,IN_STOCK,0,4
738,L6FBK141B,Gorey,WASHING MACHINES,AEG 10kg 1400Spin 6000 Series Washing Machine,3,IN_STOCK,0,5
738,L6FBK141B,Navan,WASHING MACHINES,AEG 10kg 1400Spin 6000 Series Washing Machine,1,IN_STOCK,0,6
738,L6FBK141B,Sandyford,WASHING MACHINES,AEG 10kg 1400Spin 6000 Series Washing Machine,1,IN_STOCK,0,7
739,LFED61144B,Belfast,WASHING MACHINES,AEG 10kg Washer 6000 series White,0,OUT_OF_STOCK,0,1
739,LFED61144B,Blanch,WASHING MACHINES,AEG 10kg Washer 6000 series White,2,IN_STOCK,0,2
739,LFED61144B,Cavan,WASHING MACHINES,AEG 10kg Washer 6000 series White,4,IN_STOCK,0,3
739,LFED61144B,Dundrum,WASHING MACHINES,AEG 10kg Washer 6000 series White,0,OUT_OF_STOCK,0,4
739,LFED61144B,Gorey,WASHING MACHINES,AEG 10kg Washer 6000 series White,5,IN_STOCK,0,5
739,LFED61144B,Navan,WASHING MACHINES,AEG 10kg Washer 6000 series White,0,OUT_OF_STOCK,0,6
739,LFED61144B,Sandyford,WASHING MACHINES,AEG 10kg Washer 6000 series White,0,OUT_OF_STOCK,0,7
740,LFSR7414U6UD,Belfast,WASHING MACHINES,AEG Dark Silver 10kg 1400 Spin Washer,1,IN_STOCK,0,1
740,LFSR7414U6UD,Blanch,WASHING MACHINES,AEG Dark Silver 10kg 1400 Spin Washer,5,IN_STOCK,0,2
740,LFSR7414U6UD,Cavan,WASHING MACHINES,AEG Dark Silver 10kg 1400 Spin Washer,3,IN_STOCK,0,3
740,LFSR7414U6UD,Dundrum,WASHING MACHINES,AEG Dark Silver 10kg 1400 Spin Washer,0,OUT_OF_STOCK,0,4
740,LFSR7414U6UD,Gorey,WASHING MACHINES,AEG Dark Silver 10kg 1400 Spin Washer,11,IN_STOCK,0,5
740,LFSR7414U6UD,Navan,WASHING MACHINES,AEG Dark Silver 10kg 1400 Spin Washer,2,IN_STOCK,0,6
740,LFSR7414U6UD,Sandyford,WASHING MACHINES,AEG Dark Silver 10kg 1400 Spin Washer,0,OUT_OF_STOCK,0,7
741,LFSR7494U4B,Belfast,WASHING MACHINES,AEG Dark Silver 9kg 1400Spin Washing Machine,2,IN_STOCK,0,1
741,LFSR7494U4B,Blanch,WASHING MACHINES,AEG Dark Silver 9kg 1400Spin Washing Machine,4,IN_STOCK,0,2
741,LFSR7494U4B,Cavan,WASHING MACHINES,AEG Dark Silver 9kg 1400Spin Washing Machine,2,IN_STOCK,0,3
741,LFSR7494U4B,Dundrum,WASHING MACHINES,AEG Dark Silver 9kg 1400Spin Washing Machine,1,IN_STOCK,0,4
741,LFSR7494U4B,Gorey,WASHING MACHINES,AEG Dark Silver 9kg 1400Spin Washing Machine,2,IN_STOCK,0,5
741,LFSR7494U4B,Navan,WASHING MACHINES,AEG Dark Silver 9kg 1400Spin Washing Machine,1,IN_STOCK,0,6
741,LFSR7494U4B,Sandyford,WASHING MACHINES,AEG Dark Silver 9kg 1400Spin Washing Machine,1,IN_STOCK,0,7
742,LFSR84146UD,Belfast,WASHING MACHINES,AEG 10kg 1400 Spin Washing Machine,1,IN_STOCK,0,1
742,LFSR84146UD,Blanch,WASHING MACHINES,AEG 10kg 1400 Spin Washing Machine,2,IN_STOCK,0,2
742,LFSR84146UD,Cavan,WASHING MACHINES,AEG 10kg 1400 Spin Washing Machine,4,IN_STOCK,0,3
742,LFSR84146UD,Dundrum,WASHING MACHINES,AEG 10kg 1400 Spin Washing Machine,2,IN_STOCK,0,4
742,LFSR84146UD,Gorey,WASHING MACHINES,AEG 10kg 1400 Spin Washing Machine,9,IN_STOCK,0,5
742,LFSR84146UD,Navan,WASHING MACHINES,AEG 10kg 1400 Spin Washing Machine,1,IN_STOCK,0,6
742,LFSR84146UD,Sandyford,WASHING MACHINES,AEG 10kg 1400 Spin Washing Machine,1,IN_STOCK,0,7
743,LIB60420C,Belfast,HOBS,Electrolux 60cm Induction Hob,1,IN_STOCK,0,1
743,LIB60420C,Blanch,HOBS,Electrolux 60cm Induction Hob,12,IN_STOCK,0,2
743,LIB60420C,Cavan,HOBS,Electrolux 60cm Induction Hob,5,IN_STOCK,0,3
743,LIB60420C,Dundrum,HOBS,Electrolux 60cm Induction Hob,1,IN_STOCK,0,4
743,LIB60420C,Gorey,HOBS,Electrolux 60cm Induction Hob,11,IN_STOCK,0,5
743,LIB60420C,Navan,HOBS,Electrolux 60cm Induction Hob,0,OUT_OF_STOCK,0,6
743,LIB60420C,Sandyford,HOBS,Electrolux 60cm Induction Hob,1,IN_STOCK,0,7
744,LIS62443,Belfast,HOBS,Electrolux 60cm Induction Hob,4,IN_STOCK,0,1
744,LIS62443,Blanch,HOBS,Electrolux 60cm Induction Hob,8,IN_STOCK,0,2
744,LIS62443,Cavan,HOBS,Electrolux 60cm Induction Hob,4,IN_STOCK,0,3
744,LIS62443,Dundrum,HOBS,Electrolux 60cm Induction Hob,1,IN_STOCK,0,4
744,LIS62443,Gorey,HOBS,Electrolux 60cm Induction Hob,1,IN_STOCK,0,5
744,LIS62443,Navan,HOBS,Electrolux 60cm Induction Hob,0,OUT_OF_STOCK,0,6
744,LIS62443,Sandyford,HOBS,Electrolux 60cm Induction Hob,1,IN_STOCK,0,7
745,LIT6043,Belfast,HOBS,Electrolux 60cm Induction Hob,2,IN_STOCK,0,1
745,LIT6043,Blanch,HOBS,Electrolux 60cm Induction Hob,2,IN_STOCK,0,2
745,LIT6043,Cavan,HOBS,Electrolux 60cm Induction Hob,3,IN_STOCK,0,3
745,LIT6043,Dundrum,HOBS,Electrolux 60cm Induction Hob,0,OUT_OF_STOCK,0,4
745,LIT6043,Gorey,HOBS,Electrolux 60cm Induction Hob,3,IN_STOCK,0,5
745,LIT6043,Navan,HOBS,Electrolux 60cm Induction Hob,0,OUT_OF_STOCK,0,6
745,LIT6043,Sandyford,HOBS,Electrolux 60cm Induction Hob,1,IN_STOCK,0,7
746,LKI655200X,Belfast,COOKERS,Electrolux 60cm St/St Induction Cooker,2,IN_STOCK,0,1
746,LKI655200X,Blanch,COOKERS,Electrolux 60cm St/St Induction Cooker,2,IN_STOCK,0,2
746,LKI655200X,Cavan,COOKERS,Electrolux 60cm St/St Induction Cooker,2,IN_STOCK,0,3
746,LKI655200X,Dundrum,COOKERS,Electrolux 60cm St/St Induction Cooker,1,IN_STOCK,0,4
746,LKI655200X,Gorey,COOKERS,Electrolux 60cm St/St Induction Cooker,6,IN_STOCK,0,5
746,LKI655200X,Navan,COOKERS,Electrolux 60cm St/St Induction Cooker,1,IN_STOCK,0,6
746,LKI655200X,Sandyford,COOKERS,Electrolux 60cm St/St Induction Cooker,1,IN_STOCK,0,7
747,LKR555100B,Belfast,COOKERS,Electrolux 55cm Black Cooker,2,IN_STOCK,0,1
747,LKR555100B,Blanch,COOKERS,Electrolux 55cm Black Cooker,4,IN_STOCK,0,2
747,LKR555100B,Cavan,COOKERS,Electrolux 55cm Black Cooker,2,IN_STOCK,0,3
747,LKR555100B,Dundrum,COOKERS,Electrolux 55cm Black Cooker,0,OUT_OF_STOCK,0,4
747,LKR555100B,Gorey,COOKERS,Electrolux 55cm Black Cooker,8,IN_STOCK,0,5
747,LKR555100B,Navan,COOKERS,Electrolux 55cm Black Cooker,1,IN_STOCK,0,6
747,LKR555100B,Sandyford,COOKERS,Electrolux 55cm Black Cooker,1,IN_STOCK,0,7
748,LKR555100W,Belfast,COOKERS,Electrolux 55cm White Cooker,0,OUT_OF_STOCK,0,1
748,LKR555100W,Blanch,COOKERS,Electrolux 55cm White Cooker,2,IN_STOCK,0,2
748,LKR555100W,Cavan,COOKERS,Electrolux 55cm White Cooker,2,IN_STOCK,0,3
748,LKR555100W,Dundrum,COOKERS,Electrolux 55cm White Cooker,0,OUT_OF_STOCK,0,4
748,LKR555100W,Gorey,COOKERS,Electrolux 55cm White Cooker,2,IN_STOCK,0,5
748,LKR555100W,Navan,COOKERS,Electrolux 55cm White Cooker,1,IN_STOCK,0,6
748,LKR555100W,Sandyford,COOKERS,Electrolux 55cm White Cooker,0,OUT_OF_STOCK,0,7
749,LKR555100X,Belfast,COOKERS,Electrolux 55cm St/St Cooker,2,IN_STOCK,0,1
749,LKR555100X,Blanch,COOKERS,Electrolux 55cm St/St Cooker,3,IN_STOCK,0,2
749,LKR555100X,Cavan,COOKERS,Electrolux 55cm St/St Cooker,6,IN_STOCK,0,3
749,LKR555100X,Dundrum,COOKERS,Electrolux 55cm St/St Cooker,0,OUT_OF_STOCK,0,4
749,LKR555100X,Gorey,COOKERS,Electrolux 55cm St/St Cooker,10,IN_STOCK,0,5
749,LKR555100X,Navan,COOKERS,Electrolux 55cm St/St Cooker,1,IN_STOCK,0,6
749,LKR555100X,Sandyford,COOKERS,Electrolux 55cm St/St Cooker,1,IN_STOCK,0,7
750,LKR655200K,Belfast,COOKERS,Electrolux 60cm Black Cooker,2,IN_STOCK,0,1
750,LKR655200K,Blanch,COOKERS,Electrolux 60cm Black Cooker,4,IN_STOCK,0,2
750,LKR655200K,Cavan,COOKERS,Electrolux 60cm Black Cooker,2,IN_STOCK,0,3
750,LKR655200K,Dundrum,COOKERS,Electrolux 60cm Black Cooker,0,OUT_OF_STOCK,0,4
750,LKR655200K,Gorey,COOKERS,Electrolux 60cm Black Cooker,5,IN_STOCK,0,5
750,LKR655200K,Navan,COOKERS,Electrolux 60cm Black Cooker,1,IN_STOCK,0,6
750,LKR655200K,Sandyford,COOKERS,Electrolux 60cm Black Cooker,1,IN_STOCK,0,7
751,LKR655200W,Belfast,COOKERS,Electrolux White 60cm Cooker,0,OUT_OF_STOCK,0,1
751,LKR655200W,Blanch,COOKERS,Electrolux White 60cm Cooker,0,OUT_OF_STOCK,0,2
751,LKR655200W,Cavan,COOKERS,Electrolux White 60cm Cooker,0,OUT_OF_STOCK,0,3
751,LKR655200W,Dundrum,COOKERS,Electrolux White 60cm Cooker,0,OUT_OF_STOCK,0,4
751,LKR655200W,Gorey,COOKERS,Electrolux White 60cm Cooker,6,IN_STOCK,0,5
751,LKR655200W,Navan,COOKERS,Electrolux White 60cm Cooker,1,IN_STOCK,0,6
751,LKR655200W,Sandyford,COOKERS,Electrolux White 60cm Cooker,0,OUT_OF_STOCK,0,7
752,LKR655200X,Belfast,COOKERS,Electrolux 60cm St/St Cooker,3,IN_STOCK,0,1
752,LKR655200X,Blanch,COOKERS,Electrolux 60cm St/St Cooker,2,IN_STOCK,0,2
752,LKR655200X,Cavan,COOKERS,Electrolux 60cm St/St Cooker,4,IN_STOCK,0,3
752,LKR655200X,Dundrum,COOKERS,Electrolux 60cm St/St Cooker,1,IN_STOCK,0,4
752,LKR655200X,Gorey,COOKERS,Electrolux 60cm St/St Cooker,3,IN_STOCK,0,5
752,LKR655200X,Navan,COOKERS,Electrolux 60cm St/St Cooker,0,OUT_OF_STOCK,0,6
752,LKR655200X,Sandyford,COOKERS,Electrolux 60cm St/St Cooker,1,IN_STOCK,0,7
753,LKR655210K,Belfast,COOKERS,Electrolux 60cm Black Cooker,2,IN_STOCK,0,1
753,LKR655210K,Blanch,COOKERS,Electrolux 60cm Black Cooker,2,IN_STOCK,0,2
753,LKR655210K,Cavan,COOKERS,Electrolux 60cm Black Cooker,3,IN_STOCK,0,3
753,LKR655210K,Dundrum,COOKERS,Electrolux 60cm Black Cooker,0,OUT_OF_STOCK,0,4
753,LKR655210K,Gorey,COOKERS,Electrolux 60cm Black Cooker,7,IN_STOCK,0,5
753,LKR655210K,Navan,COOKERS,Electrolux 60cm Black Cooker,0,OUT_OF_STOCK,0,6
753,LKR655210K,Sandyford,COOKERS,Electrolux 60cm Black Cooker,0,OUT_OF_STOCK,0,7
754,LKR655210X,Belfast,COOKERS,Electrolux 60cm St/St Cooker,3,IN_STOCK,0,1
754,LKR655210X,Blanch,COOKERS,Electrolux 60cm St/St Cooker,4,IN_STOCK,0,2
754,LKR655210X,Cavan,COOKERS,Electrolux 60cm St/St Cooker,4,IN_STOCK,0,3
754,LKR655210X,Dundrum,COOKERS,Electrolux 60cm St/St Cooker,1,IN_STOCK,0,4
754,LKR655210X,Gorey,COOKERS,Electrolux 60cm St/St Cooker,4,IN_STOCK,0,5
754,LKR655210X,Navan,COOKERS,Electrolux 60cm St/St Cooker,1,IN_STOCK,0,6
754,LKR655210X,Sandyford,COOKERS,Electrolux 60cm St/St Cooker,1,IN_STOCK,0,7
755,LNS5LE18S,Belfast,INT FRIDGE FREEZERS,Electrolux 70:30 low frost Fridge Freezer,3,IN_STOCK,0,1
755,LNS5LE18S,Blanch,INT FRIDGE FREEZERS,Electrolux 70:30 low frost Fridge Freezer,3,IN_STOCK,0,2
755,LNS5LE18S,Cavan,INT FRIDGE FREEZERS,Electrolux 70:30 low frost Fridge Freezer,8,IN_STOCK,0,3
755,LNS5LE18S,Dundrum,INT FRIDGE FREEZERS,Electrolux 70:30 low frost Fridge Freezer,1,IN_STOCK,0,4
755,LNS5LE18S,Gorey,INT FRIDGE FREEZERS,Electrolux 70:30 low frost Fridge Freezer,9,IN_STOCK,0,5
755,LNS5LE18S,Navan,INT FRIDGE FREEZERS,Electrolux 70:30 low frost Fridge Freezer,1,IN_STOCK,0,6
755,LNS5LE18S,Sandyford,INT FRIDGE FREEZERS,Electrolux 70:30 low frost Fridge Freezer,0,OUT_OF_STOCK,0,7
757,LNT6ME33KO,Belfast,FRIDGE FREEZERS,Electrolux 60/40 186H x 60 Black Fridge Freezer,3,IN_STOCK,0,1
757,LNT6ME33KO,Blanch,FRIDGE FREEZERS,Electrolux 60/40 186H x 60 Black Fridge Freezer,2,IN_STOCK,0,2
757,LNT6ME33KO,Cavan,FRIDGE FREEZERS,Electrolux 60/40 186H x 60 Black Fridge Freezer,7,IN_STOCK,0,3
757,LNT6ME33KO,Dundrum,FRIDGE FREEZERS,Electrolux 60/40 186H x 60 Black Fridge Freezer,1,IN_STOCK,0,4
757,LNT6ME33KO,Gorey,FRIDGE FREEZERS,Electrolux 60/40 186H x 60 Black Fridge Freezer,4,IN_STOCK,0,5
757,LNT6ME33KO,Navan,FRIDGE FREEZERS,Electrolux 60/40 186H x 60 Black Fridge Freezer,2,IN_STOCK,0,6
757,LNT6ME33KO,Sandyford,FRIDGE FREEZERS,Electrolux 60/40 186H x 60 Black Fridge Freezer,0,OUT_OF_STOCK,0,7
758,LNT6NE18S,Belfast,INT FRIDGE FREEZERS,Electrolux Built in Fridge Freezer 70:30,1,IN_STOCK,0,1
758,LNT6NE18S,Blanch,INT FRIDGE FREEZERS,Electrolux Built in Fridge Freezer 70:30,3,IN_STOCK,0,2
758,LNT6NE18S,Cavan,INT FRIDGE FREEZERS,Electrolux Built in Fridge Freezer 70:30,10,IN_STOCK,0,3
758,LNT6NE18S,Dundrum,INT FRIDGE FREEZERS,Electrolux Built in Fridge Freezer 70:30,1,IN_STOCK,0,4
758,LNT6NE18S,Gorey,INT FRIDGE FREEZERS,Electrolux Built in Fridge Freezer 70:30,8,IN_STOCK,0,5
758,LNT6NE18S,Navan,INT FRIDGE FREEZERS,Electrolux Built in Fridge Freezer 70:30,0,OUT_OF_STOCK,0,6
758,LNT6NE18S,Sandyford,INT FRIDGE FREEZERS,Electrolux Built in Fridge Freezer 70:30,1,IN_STOCK,0,7
760,LRR6436,Belfast,HOBS,Electrolux 60cm Ceramic Touch Control Hob,2,IN_STOCK,0,1
760,LRR6436,Blanch,HOBS,Electrolux 60cm Ceramic Touch Control Hob,3,IN_STOCK,0,2
760,LRR6436,Cavan,HOBS,Electrolux 60cm Ceramic Touch Control Hob,9,IN_STOCK,0,3
760,LRR6436,Dundrum,HOBS,Electrolux 60cm Ceramic Touch Control Hob,1,IN_STOCK,0,4
760,LRR6436,Gorey,HOBS,Electrolux 60cm Ceramic Touch Control Hob,5,IN_STOCK,0,5
760,LRR6436,Navan,HOBS,Electrolux 60cm Ceramic Touch Control Hob,1,IN_STOCK,0,6
760,LRR6436,Sandyford,HOBS,Electrolux 60cm Ceramic Touch Control Hob,1,IN_STOCK,0,7
761,LRS3DE39W,Belfast,FRIDGES,Electrolux 186HTall White Fridge,2,IN_STOCK,0,1
761,LRS3DE39W,Blanch,FRIDGES,Electrolux 186HTall White Fridge,1,IN_STOCK,0,2
761,LRS3DE39W,Cavan,FRIDGES,Electrolux 186HTall White Fridge,3,IN_STOCK,0,3
761,LRS3DE39W,Dundrum,FRIDGES,Electrolux 186HTall White Fridge,0,OUT_OF_STOCK,0,4
761,LRS3DE39W,Gorey,FRIDGES,Electrolux 186HTall White Fridge,9,IN_STOCK,0,5
761,LRS3DE39W,Navan,FRIDGES,Electrolux 186HTall White Fridge,0,OUT_OF_STOCK,0,6
761,LRS3DE39W,Sandyford,FRIDGES,Electrolux 186HTall White Fridge,0,OUT_OF_STOCK,0,7
762,LRS3DE39X,Belfast,FRIDGES,Electrolux Tall St St Fridge,1,IN_STOCK,0,1
762,LRS3DE39X,Blanch,FRIDGES,Electrolux Tall St St Fridge,1,IN_STOCK,0,2
762,LRS3DE39X,Cavan,FRIDGES,Electrolux Tall St St Fridge,1,IN_STOCK,0,3
762,LRS3DE39X,Dundrum,FRIDGES,Electrolux Tall St St Fridge,1,IN_STOCK,0,4
762,LRS3DE39X,Gorey,FRIDGES,Electrolux Tall St St Fridge,3,IN_STOCK,0,5
762,LRS3DE39X,Navan,FRIDGES,Electrolux Tall St St Fridge,0,OUT_OF_STOCK,0,6
762,LRS3DE39X,Sandyford,FRIDGES,Electrolux Tall St St Fridge,0,OUT_OF_STOCK,0,7
763,LUT6NE28W,Belfast,FREEZERS,Electrolux 186H Tall White Freezer,2,IN_STOCK,0,1
763,LUT6NE28W,Blanch,FREEZERS,Electrolux 186H Tall White Freezer,1,IN_STOCK,0,2
763,LUT6NE28W,Cavan,FREEZERS,Electrolux 186H Tall White Freezer,3,IN_STOCK,0,3
763,LUT6NE28W,Dundrum,FREEZERS,Electrolux 186H Tall White Freezer,0,OUT_OF_STOCK,0,4
763,LUT6NE28W,Gorey,FREEZERS,Electrolux 186H Tall White Freezer,4,IN_STOCK,0,5
763,LUT6NE28W,Navan,FREEZERS,Electrolux 186H Tall White Freezer,0,OUT_OF_STOCK,0,6
763,LUT6NE28W,Sandyford,FREEZERS,Electrolux 186H Tall White Freezer,0,OUT_OF_STOCK,0,7
764,LWR7416U6UD,Belfast,WARMING DRAWERS,AEG 10kg/6kg Washer Dryer Graphite,2,IN_STOCK,0,1
764,LWR7416U6UD,Blanch,WARMING DRAWERS,AEG 10kg/6kg Washer Dryer Graphite,3,IN_STOCK,0,2
764,LWR7416U6UD,Cavan,WARMING DRAWERS,AEG 10kg/6kg Washer Dryer Graphite,2,IN_STOCK,0,3
764,LWR7416U6UD,Dundrum,WARMING DRAWERS,AEG 10kg/6kg Washer Dryer Graphite,1,IN_STOCK,0,4
764,LWR7416U6UD,Gorey,WARMING DRAWERS,AEG 10kg/6kg Washer Dryer Graphite,4,IN_STOCK,0,5
764,LWR7416U6UD,Navan,WARMING DRAWERS,AEG 10kg/6kg Washer Dryer Graphite,1,IN_STOCK,0,6
764,LWR7416U6UD,Sandyford,WARMING DRAWERS,AEG 10kg/6kg Washer Dryer Graphite,0,OUT_OF_STOCK,0,7
765,LXB3AE82R,Belfast,INT FRIDGES,Electrolux U/C Integrated Fridge,1,IN_STOCK,0,1
765,LXB3AE82R,Blanch,INT FRIDGES,Electrolux U/C Integrated Fridge,4,IN_STOCK,0,2
765,LXB3AE82R,Cavan,INT FRIDGES,Electrolux U/C Integrated Fridge,2,IN_STOCK,0,3
765,LXB3AE82R,Dundrum,INT FRIDGES,Electrolux U/C Integrated Fridge,1,IN_STOCK,0,4
765,LXB3AE82R,Gorey,INT FRIDGES,Electrolux U/C Integrated Fridge,1,IN_STOCK,0,5
765,LXB3AE82R,Navan,INT FRIDGES,Electrolux U/C Integrated Fridge,0,OUT_OF_STOCK,0,6
765,LXB3AE82R,Sandyford,INT FRIDGES,Electrolux U/C Integrated Fridge,0,OUT_OF_STOCK,0,7
766,LYB3NE82R,Belfast,INT FREEZERS,Electrolux U/C Integrated Freezer,0,OUT_OF_STOCK,0,1
766,LYB3NE82R,Blanch,INT FREEZERS,Electrolux U/C Integrated Freezer,1,IN_STOCK,0,2
766,LYB3NE82R,Cavan,INT FREEZERS,Electrolux U/C Integrated Freezer,2,IN_STOCK,0,3
766,LYB3NE82R,Dundrum,INT FREEZERS,Electrolux U/C Integrated Freezer,0,OUT_OF_STOCK,0,4
766,LYB3NE82R,Gorey,INT FREEZERS,Electrolux U/C Integrated Freezer,3,IN_STOCK,0,5
766,LYB3NE82R,Navan,INT FREEZERS,Electrolux U/C Integrated Freezer,0,OUT_OF_STOCK,0,6
766,LYB3NE82R,Sandyford,INT FREEZERS,Electrolux U/C Integrated Freezer,0,OUT_OF_STOCK,0,7
774,MC28H5013AS/EU,Belfast,MICROWAVE OVENS,Samsung Silver 28L Microwave,2,IN_STOCK,0,1
774,MC28H5013AS/EU,Blanch,MICROWAVE OVENS,Samsung Silver 28L Microwave,0,OUT_OF_STOCK,0,2
774,MC28H5013AS/EU,Cavan,MICROWAVE OVENS,Samsung Silver 28L Microwave,1,IN_STOCK,0,3
774,MC28H5013AS/EU,Dundrum,MICROWAVE OVENS,Samsung Silver 28L Microwave,3,IN_STOCK,0,4
774,MC28H5013AS/EU,Gorey,MICROWAVE OVENS,Samsung Silver 28L Microwave,6,IN_STOCK,0,5
774,MC28H5013AS/EU,Navan,MICROWAVE OVENS,Samsung Silver 28L Microwave,1,IN_STOCK,0,6
774,MC28H5013AS/EU,Sandyford,MICROWAVE OVENS,Samsung Silver 28L Microwave,2,IN_STOCK,0,7
783,MOC02BLMUK,Belfast,MICROWAVE OVENS,Smeg Matte Black AirFry & Grill Microwave,0,OUT_OF_STOCK,0,1
783,MOC02BLMUK,Blanch,MICROWAVE OVENS,Smeg Matte Black AirFry & Grill Microwave,2,IN_STOCK,0,2
783,MOC02BLMUK,Cavan,MICROWAVE OVENS,Smeg Matte Black AirFry & Grill Microwave,1,IN_STOCK,0,3
783,MOC02BLMUK,Dundrum,MICROWAVE OVENS,Smeg Matte Black AirFry & Grill Microwave,2,IN_STOCK,0,4
783,MOC02BLMUK,Gorey,MICROWAVE OVENS,Smeg Matte Black AirFry & Grill Microwave,2,IN_STOCK,0,5
783,MOC02BLMUK,Navan,MICROWAVE OVENS,Smeg Matte Black AirFry & Grill Microwave,1,IN_STOCK,0,6
783,MOC02BLMUK,Sandyford,MICROWAVE OVENS,Smeg Matte Black AirFry & Grill Microwave,2,IN_STOCK,0,7
784,MOC02EGMUK,Belfast,MICROWAVE OVENS,Smeg Emerald Green AirFry & Grill Microwave,0,OUT_OF_STOCK,0,1
784,MOC02EGMUK,Blanch,MICROWAVE OVENS,Smeg Emerald Green AirFry & Grill Microwave,2,IN_STOCK,0,2
784,MOC02EGMUK,Cavan,MICROWAVE OVENS,Smeg Emerald Green AirFry & Grill Microwave,2,IN_STOCK,0,3
784,MOC02EGMUK,Dundrum,MICROWAVE OVENS,Smeg Emerald Green AirFry & Grill Microwave,2,IN_STOCK,0,4
784,MOC02EGMUK,Gorey,MICROWAVE OVENS,Smeg Emerald Green AirFry & Grill Microwave,2,IN_STOCK,0,5
784,MOC02EGMUK,Navan,MICROWAVE OVENS,Smeg Emerald Green AirFry & Grill Microwave,2,IN_STOCK,0,6
784,MOC02EGMUK,Sandyford,MICROWAVE OVENS,Smeg Emerald Green AirFry & Grill Microwave,2,IN_STOCK,0,7
785,MOC02SBMUK,Belfast,MICROWAVE OVENS,Smeg Storm Blue AirFry & Grill Microwave,0,OUT_OF_STOCK,0,1
785,MOC02SBMUK,Blanch,MICROWAVE OVENS,Smeg Storm Blue AirFry & Grill Microwave,2,IN_STOCK,0,2
785,MOC02SBMUK,Cavan,MICROWAVE OVENS,Smeg Storm Blue AirFry & Grill Microwave,1,IN_STOCK,0,3
785,MOC02SBMUK,Dundrum,MICROWAVE OVENS,Smeg Storm Blue AirFry & Grill Microwave,2,IN_STOCK,0,4
785,MOC02SBMUK,Gorey,MICROWAVE OVENS,Smeg Storm Blue AirFry & Grill Microwave,2,IN_STOCK,0,5
785,MOC02SBMUK,Navan,MICROWAVE OVENS,Smeg Storm Blue AirFry & Grill Microwave,2,IN_STOCK,0,6
785,MOC02SBMUK,Sandyford,MICROWAVE OVENS,Smeg Storm Blue AirFry & Grill Microwave,2,IN_STOCK,0,7
786,MOC02WHMUK,Belfast,MICROWAVE OVENS,Smeg White AirFry & Grill Microwave,0,OUT_OF_STOCK,0,1
786,MOC02WHMUK,Blanch,MICROWAVE OVENS,Smeg White AirFry & Grill Microwave,1,IN_STOCK,0,2
786,MOC02WHMUK,Cavan,MICROWAVE OVENS,Smeg White AirFry & Grill Microwave,1,IN_STOCK,0,3
786,MOC02WHMUK,Dundrum,MICROWAVE OVENS,Smeg White AirFry & Grill Microwave,2,IN_STOCK,0,4
786,MOC02WHMUK,Gorey,MICROWAVE OVENS,Smeg White AirFry & Grill Microwave,2,IN_STOCK,0,5
786,MOC02WHMUK,Navan,MICROWAVE OVENS,Smeg White AirFry & Grill Microwave,1,IN_STOCK,0,6
786,MOC02WHMUK,Sandyford,MICROWAVE OVENS,Smeg White AirFry & Grill Microwave,2,IN_STOCK,0,7
795,MS22M8254AK/E3,Belfast,INT MICROWAVES,Samsung Black 22L Integrated Microwave,1,IN_STOCK,0,1
795,MS22M8254AK/E3,Blanch,INT MICROWAVES,Samsung Black 22L Integrated Microwave,7,IN_STOCK,0,2
795,MS22M8254AK/E3,Cavan,INT MICROWAVES,Samsung Black 22L Integrated Microwave,3,IN_STOCK,0,3
795,MS22M8254AK/E3,Dundrum,INT MICROWAVES,Samsung Black 22L Integrated Microwave,1,IN_STOCK,0,4
795,MS22M8254AK/E3,Gorey,INT MICROWAVES,Samsung Black 22L Integrated Microwave,7,IN_STOCK,0,5
795,MS22M8254AK/E3,Navan,INT MICROWAVES,Samsung Black 22L Integrated Microwave,5,IN_STOCK,0,6
795,MS22M8254AK/E3,Sandyford,INT MICROWAVES,Samsung Black 22L Integrated Microwave,2,IN_STOCK,0,7
797,MS23K3515AK/EU,Belfast,MICROWAVE OVENS,Samsung Black 23L Microwave,0,OUT_OF_STOCK,0,1
797,MS23K3515AK/EU,Blanch,MICROWAVE OVENS,Samsung Black 23L Microwave,4,IN_STOCK,0,2
797,MS23K3515AK/EU,Cavan,MICROWAVE OVENS,Samsung Black 23L Microwave,2,IN_STOCK,0,3
797,MS23K3515AK/EU,Dundrum,MICROWAVE OVENS,Samsung Black 23L Microwave,0,OUT_OF_STOCK,0,4
797,MS23K3515AK/EU,Gorey,MICROWAVE OVENS,Samsung Black 23L Microwave,0,OUT_OF_STOCK,0,5
797,MS23K3515AK/EU,Navan,MICROWAVE OVENS,Samsung Black 23L Microwave,0,OUT_OF_STOCK,0,6
797,MS23K3515AK/EU,Sandyford,MICROWAVE OVENS,Samsung Black 23L Microwave,1,IN_STOCK,0,7
818,N24HA11G1B,Belfast,WARMING DRAWERS,Neff Graphite 14cm Warming Drawer,0,OUT_OF_STOCK,0,1
818,N24HA11G1B,Blanch,WARMING DRAWERS,Neff Graphite 14cm Warming Drawer,5,IN_STOCK,0,2
818,N24HA11G1B,Cavan,WARMING DRAWERS,Neff Graphite 14cm Warming Drawer,3,IN_STOCK,0,3
818,N24HA11G1B,Dundrum,WARMING DRAWERS,Neff Graphite 14cm Warming Drawer,0,OUT_OF_STOCK,0,4
818,N24HA11G1B,Gorey,WARMING DRAWERS,Neff Graphite 14cm Warming Drawer,3,IN_STOCK,0,5
818,N24HA11G1B,Navan,WARMING DRAWERS,Neff Graphite 14cm Warming Drawer,0,OUT_OF_STOCK,0,6
818,N24HA11G1B,Sandyford,WARMING DRAWERS,Neff Graphite 14cm Warming Drawer,1,IN_STOCK,0,7
819,N34HA11G1B,Belfast,WARMING DRAWERS,Neff Graphite 29cm Warming Drawer,0,OUT_OF_STOCK,0,1
819,N34HA11G1B,Blanch,WARMING DRAWERS,Neff Graphite 29cm Warming Drawer,2,IN_STOCK,0,2
819,N34HA11G1B,Cavan,WARMING DRAWERS,Neff Graphite 29cm Warming Drawer,1,IN_STOCK,0,3
819,N34HA11G1B,Dundrum,WARMING DRAWERS,Neff Graphite 29cm Warming Drawer,0,OUT_OF_STOCK,0,4
819,N34HA11G1B,Gorey,WARMING DRAWERS,Neff Graphite 29cm Warming Drawer,3,IN_STOCK,0,5
819,N34HA11G1B,Navan,WARMING DRAWERS,Neff Graphite 29cm Warming Drawer,0,OUT_OF_STOCK,0,6
819,N34HA11G1B,Sandyford,WARMING DRAWERS,Neff Graphite 29cm Warming Drawer,0,OUT_OF_STOCK,0,7
820,NA64D3000AK/U1,Belfast,GAS HOBS,Samsung Black Gas Hob,0,OUT_OF_STOCK,0,1
820,NA64D3000AK/U1,Blanch,GAS HOBS,Samsung Black Gas Hob,4,IN_STOCK,0,2
820,NA64D3000AK/U1,Cavan,GAS HOBS,Samsung Black Gas Hob,3,IN_STOCK,0,3
820,NA64D3000AK/U1,Dundrum,GAS HOBS,Samsung Black Gas Hob,0,OUT_OF_STOCK,0,4
820,NA64D3000AK/U1,Gorey,GAS HOBS,Samsung Black Gas Hob,7,IN_STOCK,0,5
820,NA64D3000AK/U1,Navan,GAS HOBS,Samsung Black Gas Hob,1,IN_STOCK,0,6
820,NA64D3000AK/U1,Sandyford,GAS HOBS,Samsung Black Gas Hob,1,IN_STOCK,0,7
821,NA75D3030AS/EU,Belfast,GAS HOBS,Samsung St/St 75cm 5 Burner Gas Hob,0,OUT_OF_STOCK,0,1
821,NA75D3030AS/EU,Blanch,GAS HOBS,Samsung St/St 75cm 5 Burner Gas Hob,7,IN_STOCK,0,2
821,NA75D3030AS/EU,Cavan,GAS HOBS,Samsung St/St 75cm 5 Burner Gas Hob,5,IN_STOCK,0,3
821,NA75D3030AS/EU,Dundrum,GAS HOBS,Samsung St/St 75cm 5 Burner Gas Hob,0,OUT_OF_STOCK,0,4
821,NA75D3030AS/EU,Gorey,GAS HOBS,Samsung St/St 75cm 5 Burner Gas Hob,21,IN_STOCK,0,5
821,NA75D3030AS/EU,Navan,GAS HOBS,Samsung St/St 75cm 5 Burner Gas Hob,3,IN_STOCK,0,6
821,NA75D3030AS/EU,Sandyford,GAS HOBS,Samsung St/St 75cm 5 Burner Gas Hob,1,IN_STOCK,0,7
825,NCH84C23AB,Belfast,DOWNDRAFT HOBS,AEG Venting Hob 80cm,0,OUT_OF_STOCK,0,1
825,NCH84C23AB,Blanch,DOWNDRAFT HOBS,AEG Venting Hob 80cm,5,IN_STOCK,0,2
825,NCH84C23AB,Cavan,DOWNDRAFT HOBS,AEG Venting Hob 80cm,3,IN_STOCK,0,3
825,NCH84C23AB,Dundrum,DOWNDRAFT HOBS,AEG Venting Hob 80cm,1,IN_STOCK,0,4
825,NCH84C23AB,Gorey,DOWNDRAFT HOBS,AEG Venting Hob 80cm,13,IN_STOCK,0,5
825,NCH84C23AB,Navan,DOWNDRAFT HOBS,AEG Venting Hob 80cm,0,OUT_OF_STOCK,0,6
825,NCH84C23AB,Sandyford,DOWNDRAFT HOBS,AEG Venting Hob 80cm,1,IN_STOCK,0,7
828,NIKOLATESLABLFMIX,Belfast,DOWNDRAFT HOBS,Nikolatesla Hob w Hood Recycling 1 Bridge Zone Cr,0,OUT_OF_STOCK,0,1
828,NIKOLATESLABLFMIX,Blanch,DOWNDRAFT HOBS,Nikolatesla Hob w Hood Recycling 1 Bridge Zone Cr,0,OUT_OF_STOCK,0,2
828,NIKOLATESLABLFMIX,Cavan,DOWNDRAFT HOBS,Nikolatesla Hob w Hood Recycling 1 Bridge Zone Cr,2,IN_STOCK,0,3
828,NIKOLATESLABLFMIX,Dundrum,DOWNDRAFT HOBS,Nikolatesla Hob w Hood Recycling 1 Bridge Zone Cr,0,OUT_OF_STOCK,0,4
828,NIKOLATESLABLFMIX,Gorey,DOWNDRAFT HOBS,Nikolatesla Hob w Hood Recycling 1 Bridge Zone Cr,5,IN_STOCK,0,5
828,NIKOLATESLABLFMIX,Navan,DOWNDRAFT HOBS,Nikolatesla Hob w Hood Recycling 1 Bridge Zone Cr,0,OUT_OF_STOCK,0,6
828,NIKOLATESLABLFMIX,Sandyford,DOWNDRAFT HOBS,Nikolatesla Hob w Hood Recycling 1 Bridge Zone Cr,0,OUT_OF_STOCK,0,7
829,NM31FSBL,Belfast,MICROWAVE OVENS,Nordmende Black F/S Microwave,0,OUT_OF_STOCK,0,1
829,NM31FSBL,Blanch,MICROWAVE OVENS,Nordmende Black F/S Microwave,1,IN_STOCK,0,2
829,NM31FSBL,Cavan,MICROWAVE OVENS,Nordmende Black F/S Microwave,2,IN_STOCK,0,3
829,NM31FSBL,Dundrum,MICROWAVE OVENS,Nordmende Black F/S Microwave,0,OUT_OF_STOCK,0,4
829,NM31FSBL,Gorey,MICROWAVE OVENS,Nordmende Black F/S Microwave,80,IN_STOCK,0,5
829,NM31FSBL,Navan,MICROWAVE OVENS,Nordmende Black F/S Microwave,1,IN_STOCK,0,6
829,NM31FSBL,Sandyford,MICROWAVE OVENS,Nordmende Black F/S Microwave,0,OUT_OF_STOCK,0,7
830,NMG31FSBL,Belfast,MICROWAVE OVENS,Nordemende  31 Litre Freestanding Microwave Black,0,OUT_OF_STOCK,0,1
830,NMG31FSBL,Blanch,MICROWAVE OVENS,Nordemende  31 Litre Freestanding Microwave Black,10,IN_STOCK,0,2
830,NMG31FSBL,Cavan,MICROWAVE OVENS,Nordemende  31 Litre Freestanding Microwave Black,10,IN_STOCK,0,3
830,NMG31FSBL,Dundrum,MICROWAVE OVENS,Nordemende  31 Litre Freestanding Microwave Black,7,IN_STOCK,0,4
830,NMG31FSBL,Gorey,MICROWAVE OVENS,Nordemende  31 Litre Freestanding Microwave Black,10,IN_STOCK,0,5
830,NMG31FSBL,Navan,MICROWAVE OVENS,Nordemende  31 Litre Freestanding Microwave Black,0,OUT_OF_STOCK,0,6
830,NMG31FSBL,Sandyford,MICROWAVE OVENS,Nordemende  31 Litre Freestanding Microwave Black,6,IN_STOCK,0,7
831,NOVY1861,Belfast,DOWNDRAFT HOBS,Novy Easy Recirculating Hob,3,IN_STOCK,0,1
831,NOVY1861,Blanch,DOWNDRAFT HOBS,Novy Easy Recirculating Hob,9,IN_STOCK,0,2
831,NOVY1861,Cavan,DOWNDRAFT HOBS,Novy Easy Recirculating Hob,2,IN_STOCK,0,3
831,NOVY1861,Dundrum,DOWNDRAFT HOBS,Novy Easy Recirculating Hob,1,IN_STOCK,0,4
831,NOVY1861,Gorey,DOWNDRAFT HOBS,Novy Easy Recirculating Hob,11,IN_STOCK,0,5
831,NOVY1861,Navan,DOWNDRAFT HOBS,Novy Easy Recirculating Hob,0,OUT_OF_STOCK,0,6
831,NOVY1861,Sandyford,DOWNDRAFT HOBS,Novy Easy Recirculating Hob,1,IN_STOCK,0,7
832,NSK9Z181EC,Belfast,INT FRIDGES,AEG Integrated Fridge Long Fresh,0,OUT_OF_STOCK,0,1
832,NSK9Z181EC,Blanch,INT FRIDGES,AEG Integrated Fridge Long Fresh,1,IN_STOCK,0,2
832,NSK9Z181EC,Cavan,INT FRIDGES,AEG Integrated Fridge Long Fresh,3,IN_STOCK,0,3
832,NSK9Z181EC,Dundrum,INT FRIDGES,AEG Integrated Fridge Long Fresh,0,OUT_OF_STOCK,0,4
832,NSK9Z181EC,Gorey,INT FRIDGES,AEG Integrated Fridge Long Fresh,10,IN_STOCK,0,5
832,NSK9Z181EC,Navan,INT FRIDGES,AEG Integrated Fridge Long Fresh,0,OUT_OF_STOCK,0,6
832,NSK9Z181EC,Sandyford,INT FRIDGES,AEG Integrated Fridge Long Fresh,0,OUT_OF_STOCK,0,7
834,NV68A1170BS/EU,Belfast,SINGLE OVENS,Samsung St/St 68L Pyroclean Oven,0,OUT_OF_STOCK,0,1
834,NV68A1170BS/EU,Blanch,SINGLE OVENS,Samsung St/St 68L Pyroclean Oven,4,IN_STOCK,0,2
834,NV68A1170BS/EU,Cavan,SINGLE OVENS,Samsung St/St 68L Pyroclean Oven,7,IN_STOCK,0,3
834,NV68A1170BS/EU,Dundrum,SINGLE OVENS,Samsung St/St 68L Pyroclean Oven,1,IN_STOCK,0,4
834,NV68A1170BS/EU,Gorey,SINGLE OVENS,Samsung St/St 68L Pyroclean Oven,38,IN_STOCK,0,5
834,NV68A1170BS/EU,Navan,SINGLE OVENS,Samsung St/St 68L Pyroclean Oven,1,IN_STOCK,0,6
834,NV68A1170BS/EU,Sandyford,SINGLE OVENS,Samsung St/St 68L Pyroclean Oven,1,IN_STOCK,0,7
835,NV7B42503AK/U4,Belfast,SINGLE OVENS,Samsung Series 4 Black Glass Oven,1,IN_STOCK,0,1
835,NV7B42503AK/U4,Blanch,SINGLE OVENS,Samsung Series 4 Black Glass Oven,1,IN_STOCK,0,2
835,NV7B42503AK/U4,Cavan,SINGLE OVENS,Samsung Series 4 Black Glass Oven,0,OUT_OF_STOCK,0,3
835,NV7B42503AK/U4,Dundrum,SINGLE OVENS,Samsung Series 4 Black Glass Oven,1,IN_STOCK,0,4
835,NV7B42503AK/U4,Gorey,SINGLE OVENS,Samsung Series 4 Black Glass Oven,2,IN_STOCK,0,5
835,NV7B42503AK/U4,Navan,SINGLE OVENS,Samsung Series 4 Black Glass Oven,0,OUT_OF_STOCK,0,6
835,NV7B42503AK/U4,Sandyford,SINGLE OVENS,Samsung Series 4 Black Glass Oven,1,IN_STOCK,0,7
836,NZ64F3NM1AB/UR,Belfast,HOBS,Samsung 60cm Induction Hob,0,OUT_OF_STOCK,0,1
836,NZ64F3NM1AB/UR,Blanch,HOBS,Samsung 60cm Induction Hob,6,IN_STOCK,0,2
836,NZ64F3NM1AB/UR,Cavan,HOBS,Samsung 60cm Induction Hob,12,IN_STOCK,0,3
836,NZ64F3NM1AB/UR,Dundrum,HOBS,Samsung 60cm Induction Hob,1,IN_STOCK,0,4
836,NZ64F3NM1AB/UR,Gorey,HOBS,Samsung 60cm Induction Hob,56,IN_STOCK,0,5
836,NZ64F3NM1AB/UR,Navan,HOBS,Samsung 60cm Induction Hob,2,IN_STOCK,0,6
836,NZ64F3NM1AB/UR,Sandyford,HOBS,Samsung 60cm Induction Hob,1,IN_STOCK,0,7
888,P05C2SWH,Belfast,COOKERS,Powerpoint 50cm White Cooker with Ceramic Hob,1,IN_STOCK,0,1
888,P05C2SWH,Blanch,COOKERS,Powerpoint 50cm White Cooker with Ceramic Hob,0,OUT_OF_STOCK,0,2
888,P05C2SWH,Cavan,COOKERS,Powerpoint 50cm White Cooker with Ceramic Hob,4,IN_STOCK,0,3
888,P05C2SWH,Dundrum,COOKERS,Powerpoint 50cm White Cooker with Ceramic Hob,0,OUT_OF_STOCK,0,4
888,P05C2SWH,Gorey,COOKERS,Powerpoint 50cm White Cooker with Ceramic Hob,1,IN_STOCK,0,5
888,P05C2SWH,Navan,COOKERS,Powerpoint 50cm White Cooker with Ceramic Hob,0,OUT_OF_STOCK,0,6
888,P05C2SWH,Sandyford,COOKERS,Powerpoint 50cm White Cooker with Ceramic Hob,0,OUT_OF_STOCK,0,7
890,P06C2MDWH,Belfast,COOKERS,Powerpoint White 60cm Ceramic Top Cooker,0,OUT_OF_STOCK,0,1
890,P06C2MDWH,Blanch,COOKERS,Powerpoint White 60cm Ceramic Top Cooker,1,IN_STOCK,0,2
890,P06C2MDWH,Cavan,COOKERS,Powerpoint White 60cm Ceramic Top Cooker,2,IN_STOCK,0,3
890,P06C2MDWH,Dundrum,COOKERS,Powerpoint White 60cm Ceramic Top Cooker,0,OUT_OF_STOCK,0,4
890,P06C2MDWH,Gorey,COOKERS,Powerpoint White 60cm Ceramic Top Cooker,3,IN_STOCK,0,5
890,P06C2MDWH,Navan,COOKERS,Powerpoint White 60cm Ceramic Top Cooker,1,IN_STOCK,0,6
890,P06C2MDWH,Sandyford,COOKERS,Powerpoint White 60cm Ceramic Top Cooker,0,OUT_OF_STOCK,0,7
893,P125514ML1SS-E,Belfast,FREEZERS,Powerpoint 144x55 St/St Tall Freezer,0,OUT_OF_STOCK,0,1
893,P125514ML1SS-E,Blanch,FREEZERS,Powerpoint 144x55 St/St Tall Freezer,1,IN_STOCK,0,2
893,P125514ML1SS-E,Cavan,FREEZERS,Powerpoint 144x55 St/St Tall Freezer,4,IN_STOCK,0,3
893,P125514ML1SS-E,Dundrum,FREEZERS,Powerpoint 144x55 St/St Tall Freezer,0,OUT_OF_STOCK,0,4
893,P125514ML1SS-E,Gorey,FREEZERS,Powerpoint 144x55 St/St Tall Freezer,2,IN_STOCK,0,5
893,P125514ML1SS-E,Navan,FREEZERS,Powerpoint 144x55 St/St Tall Freezer,0,OUT_OF_STOCK,0,6
893,P125514ML1SS-E,Sandyford,FREEZERS,Powerpoint 144x55 St/St Tall Freezer,0,OUT_OF_STOCK,0,7
894,P125514ML1W-E,Belfast,FREEZERS,Powerpoint 144cm x 55cm White Freezer,1,IN_STOCK,0,1
894,P125514ML1W-E,Blanch,FREEZERS,Powerpoint 144cm x 55cm White Freezer,0,OUT_OF_STOCK,0,2
894,P125514ML1W-E,Cavan,FREEZERS,Powerpoint 144cm x 55cm White Freezer,1,IN_STOCK,0,3
894,P125514ML1W-E,Dundrum,FREEZERS,Powerpoint 144cm x 55cm White Freezer,0,OUT_OF_STOCK,0,4
894,P125514ML1W-E,Gorey,FREEZERS,Powerpoint 144cm x 55cm White Freezer,4,IN_STOCK,0,5
894,P125514ML1W-E,Navan,FREEZERS,Powerpoint 144cm x 55cm White Freezer,0,OUT_OF_STOCK,0,6
894,P125514ML1W-E,Sandyford,FREEZERS,Powerpoint 144cm x 55cm White Freezer,0,OUT_OF_STOCK,0,7
895,P1255FMLW,Belfast,U/C FREEZER,Powerpoint U/C 55cm Freezer,2,IN_STOCK,0,1
895,P1255FMLW,Blanch,U/C FREEZER,Powerpoint U/C 55cm Freezer,1,IN_STOCK,0,2
895,P1255FMLW,Cavan,U/C FREEZER,Powerpoint U/C 55cm Freezer,4,IN_STOCK,0,3
895,P1255FMLW,Dundrum,U/C FREEZER,Powerpoint U/C 55cm Freezer,0,OUT_OF_STOCK,0,4
895,P1255FMLW,Gorey,U/C FREEZER,Powerpoint U/C 55cm Freezer,4,IN_STOCK,0,5
895,P1255FMLW,Navan,U/C FREEZER,Powerpoint U/C 55cm Freezer,1,IN_STOCK,0,6
895,P1255FMLW,Sandyford,U/C FREEZER,Powerpoint U/C 55cm Freezer,0,OUT_OF_STOCK,0,7
896,P154MDMA,Belfast,HOBS,Powerpoint 60cm Ceramic Hob with knobs,0,OUT_OF_STOCK,0,1
896,P154MDMA,Blanch,HOBS,Powerpoint 60cm Ceramic Hob with knobs,2,IN_STOCK,0,2
896,P154MDMA,Cavan,HOBS,Powerpoint 60cm Ceramic Hob with knobs,1,IN_STOCK,0,3
896,P154MDMA,Dundrum,HOBS,Powerpoint 60cm Ceramic Hob with knobs,0,OUT_OF_STOCK,0,4
896,P154MDMA,Gorey,HOBS,Powerpoint 60cm Ceramic Hob with knobs,2,IN_STOCK,0,5
896,P154MDMA,Navan,HOBS,Powerpoint 60cm Ceramic Hob with knobs,1,IN_STOCK,0,6
896,P154MDMA,Sandyford,HOBS,Powerpoint 60cm Ceramic Hob with knobs,0,OUT_OF_STOCK,0,7
897,P154MDTC,Belfast,HOBS,Powerpoint Touch Control Ceramic Hob,0,OUT_OF_STOCK,0,1
897,P154MDTC,Blanch,HOBS,Powerpoint Touch Control Ceramic Hob,-1,CUSTOMER_ORDER_OUTSTANDING,1,2
897,P154MDTC,Cavan,HOBS,Powerpoint Touch Control Ceramic Hob,7,IN_STOCK,0,3
897,P154MDTC,Dundrum,HOBS,Powerpoint Touch Control Ceramic Hob,0,OUT_OF_STOCK,0,4
897,P154MDTC,Gorey,HOBS,Powerpoint Touch Control Ceramic Hob,6,IN_STOCK,0,5
897,P154MDTC,Navan,HOBS,Powerpoint Touch Control Ceramic Hob,0,OUT_OF_STOCK,0,6
897,P154MDTC,Sandyford,HOBS,Powerpoint Touch Control Ceramic Hob,0,OUT_OF_STOCK,0,7
898,P154MDTCSS,Belfast,HOBS,Powerpoint Ceramic Hob,1,IN_STOCK,0,1
898,P154MDTCSS,Blanch,HOBS,Powerpoint Ceramic Hob,0,OUT_OF_STOCK,0,2
898,P154MDTCSS,Cavan,HOBS,Powerpoint Ceramic Hob,6,IN_STOCK,0,3
898,P154MDTCSS,Dundrum,HOBS,Powerpoint Ceramic Hob,0,OUT_OF_STOCK,0,4
898,P154MDTCSS,Gorey,HOBS,Powerpoint Ceramic Hob,6,IN_STOCK,0,5
898,P154MDTCSS,Navan,HOBS,Powerpoint Ceramic Hob,0,OUT_OF_STOCK,0,6
898,P154MDTCSS,Sandyford,HOBS,Powerpoint Ceramic Hob,1,IN_STOCK,0,7
899,P19820INTBG,Belfast,INT MICROWAVES,Powerpoint 20L Integrated Black Microwave,1,IN_STOCK,0,1
899,P19820INTBG,Blanch,INT MICROWAVES,Powerpoint 20L Integrated Black Microwave,3,IN_STOCK,0,2
899,P19820INTBG,Cavan,INT MICROWAVES,Powerpoint 20L Integrated Black Microwave,6,IN_STOCK,0,3
899,P19820INTBG,Dundrum,INT MICROWAVES,Powerpoint 20L Integrated Black Microwave,1,IN_STOCK,0,4
899,P19820INTBG,Gorey,INT MICROWAVES,Powerpoint 20L Integrated Black Microwave,35,IN_STOCK,0,5
899,P19820INTBG,Navan,INT MICROWAVES,Powerpoint 20L Integrated Black Microwave,0,OUT_OF_STOCK,0,6
899,P19820INTBG,Sandyford,INT MICROWAVES,Powerpoint 20L Integrated Black Microwave,0,OUT_OF_STOCK,0,7
900,P2110XBSS,Belfast,COOKER HOODS,Powerpoint 60cm SS Traditional Hood,1,IN_STOCK,0,1
900,P2110XBSS,Blanch,COOKER HOODS,Powerpoint 60cm SS Traditional Hood,2,IN_STOCK,0,2
900,P2110XBSS,Cavan,COOKER HOODS,Powerpoint 60cm SS Traditional Hood,1,IN_STOCK,0,3
900,P2110XBSS,Dundrum,COOKER HOODS,Powerpoint 60cm SS Traditional Hood,0,OUT_OF_STOCK,0,4
900,P2110XBSS,Gorey,COOKER HOODS,Powerpoint 60cm SS Traditional Hood,2,IN_STOCK,0,5
900,P2110XBSS,Navan,COOKER HOODS,Powerpoint 60cm SS Traditional Hood,1,IN_STOCK,0,6
900,P2110XBSS,Sandyford,COOKER HOODS,Powerpoint 60cm SS Traditional Hood,0,OUT_OF_STOCK,0,7
901,P2152CH,Belfast,COOKER HOODS,Powerpoint 52cm Canopy Hood,0,OUT_OF_STOCK,0,1
901,P2152CH,Blanch,COOKER HOODS,Powerpoint 52cm Canopy Hood,3,IN_STOCK,0,2
901,P2152CH,Cavan,COOKER HOODS,Powerpoint 52cm Canopy Hood,4,IN_STOCK,0,3
901,P2152CH,Dundrum,COOKER HOODS,Powerpoint 52cm Canopy Hood,0,OUT_OF_STOCK,0,4
901,P2152CH,Gorey,COOKER HOODS,Powerpoint 52cm Canopy Hood,5,IN_STOCK,0,5
901,P2152CH,Navan,COOKER HOODS,Powerpoint 52cm Canopy Hood,0,OUT_OF_STOCK,0,6
901,P2152CH,Sandyford,COOKER HOODS,Powerpoint 52cm Canopy Hood,0,OUT_OF_STOCK,0,7
903,P22720CPMBL,Belfast,MICROWAVE OVENS,Powerpoint 20L Black 700W F/S Microwave,1,IN_STOCK,0,1
903,P22720CPMBL,Blanch,MICROWAVE OVENS,Powerpoint 20L Black 700W F/S Microwave,2,IN_STOCK,0,2
903,P22720CPMBL,Cavan,MICROWAVE OVENS,Powerpoint 20L Black 700W F/S Microwave,0,OUT_OF_STOCK,0,3
903,P22720CPMBL,Dundrum,MICROWAVE OVENS,Powerpoint 20L Black 700W F/S Microwave,4,IN_STOCK,0,4
903,P22720CPMBL,Gorey,MICROWAVE OVENS,Powerpoint 20L Black 700W F/S Microwave,0,OUT_OF_STOCK,0,5
903,P22720CPMBL,Navan,MICROWAVE OVENS,Powerpoint 20L Black 700W F/S Microwave,2,IN_STOCK,0,6
903,P22720CPMBL,Sandyford,MICROWAVE OVENS,Powerpoint 20L Black 700W F/S Microwave,3,IN_STOCK,0,7
905,P22720CPMSL,Belfast,MICROWAVE OVENS,Powerpoint Silver 20L 700W Microwave,5,IN_STOCK,0,1
905,P22720CPMSL,Blanch,MICROWAVE OVENS,Powerpoint Silver 20L 700W Microwave,5,IN_STOCK,0,2
905,P22720CPMSL,Cavan,MICROWAVE OVENS,Powerpoint Silver 20L 700W Microwave,1,IN_STOCK,0,3
905,P22720CPMSL,Dundrum,MICROWAVE OVENS,Powerpoint Silver 20L 700W Microwave,6,IN_STOCK,0,4
905,P22720CPMSL,Gorey,MICROWAVE OVENS,Powerpoint Silver 20L 700W Microwave,2,IN_STOCK,0,5
905,P22720CPMSL,Navan,MICROWAVE OVENS,Powerpoint Silver 20L 700W Microwave,0,OUT_OF_STOCK,0,6
905,P22720CPMSL,Sandyford,MICROWAVE OVENS,Powerpoint Silver 20L 700W Microwave,3,IN_STOCK,0,7
906,P22720CPMWH,Belfast,MICROWAVE OVENS,Powerpoint White 20L 700W F/S Microwave,3,IN_STOCK,0,1
906,P22720CPMWH,Blanch,MICROWAVE OVENS,Powerpoint White 20L 700W F/S Microwave,2,IN_STOCK,0,2
906,P22720CPMWH,Cavan,MICROWAVE OVENS,Powerpoint White 20L 700W F/S Microwave,5,IN_STOCK,0,3
906,P22720CPMWH,Dundrum,MICROWAVE OVENS,Powerpoint White 20L 700W F/S Microwave,2,IN_STOCK,0,4
906,P22720CPMWH,Gorey,MICROWAVE OVENS,Powerpoint White 20L 700W F/S Microwave,4,IN_STOCK,0,5
906,P22720CPMWH,Navan,MICROWAVE OVENS,Powerpoint White 20L 700W F/S Microwave,0,OUT_OF_STOCK,0,6
906,P22720CPMWH,Sandyford,MICROWAVE OVENS,Powerpoint White 20L 700W F/S Microwave,2,IN_STOCK,0,7
909,P22820MMFBL,Belfast,MICROWAVE OVENS,Powerpoint 800W 20Ltr Microwave Black,3,IN_STOCK,0,1
909,P22820MMFBL,Blanch,MICROWAVE OVENS,Powerpoint 800W 20Ltr Microwave Black,2,IN_STOCK,0,2
909,P22820MMFBL,Cavan,MICROWAVE OVENS,Powerpoint 800W 20Ltr Microwave Black,4,IN_STOCK,0,3
909,P22820MMFBL,Dundrum,MICROWAVE OVENS,Powerpoint 800W 20Ltr Microwave Black,2,IN_STOCK,0,4
909,P22820MMFBL,Gorey,MICROWAVE OVENS,Powerpoint 800W 20Ltr Microwave Black,0,OUT_OF_STOCK,0,5
909,P22820MMFBL,Navan,MICROWAVE OVENS,Powerpoint 800W 20Ltr Microwave Black,1,IN_STOCK,0,6
909,P22820MMFBL,Sandyford,MICROWAVE OVENS,Powerpoint 800W 20Ltr Microwave Black,1,IN_STOCK,0,7
910,P22820MMFW,Belfast,MICROWAVE OVENS,Powerpoint 800W 20Ltr Microwave White,3,IN_STOCK,0,1
910,P22820MMFW,Blanch,MICROWAVE OVENS,Powerpoint 800W 20Ltr Microwave White,6,IN_STOCK,0,2
910,P22820MMFW,Cavan,MICROWAVE OVENS,Powerpoint 800W 20Ltr Microwave White,6,IN_STOCK,0,3
910,P22820MMFW,Dundrum,MICROWAVE OVENS,Powerpoint 800W 20Ltr Microwave White,2,IN_STOCK,0,4
910,P22820MMFW,Gorey,MICROWAVE OVENS,Powerpoint 800W 20Ltr Microwave White,2,IN_STOCK,0,5
910,P22820MMFW,Navan,MICROWAVE OVENS,Powerpoint 800W 20Ltr Microwave White,2,IN_STOCK,0,6
910,P22820MMFW,Sandyford,MICROWAVE OVENS,Powerpoint 800W 20Ltr Microwave White,2,IN_STOCK,0,7
911,P24510M6WH,Belfast,DISHWASHERS,Powerpoint 45cm White Dishwasher,0,OUT_OF_STOCK,0,1
911,P24510M6WH,Blanch,DISHWASHERS,Powerpoint 45cm White Dishwasher,4,IN_STOCK,0,2
911,P24510M6WH,Cavan,DISHWASHERS,Powerpoint 45cm White Dishwasher,2,IN_STOCK,0,3
911,P24510M6WH,Dundrum,DISHWASHERS,Powerpoint 45cm White Dishwasher,1,IN_STOCK,0,4
911,P24510M6WH,Gorey,DISHWASHERS,Powerpoint 45cm White Dishwasher,5,IN_STOCK,0,5
911,P24510M6WH,Navan,DISHWASHERS,Powerpoint 45cm White Dishwasher,0,OUT_OF_STOCK,0,6
911,P24510M6WH,Sandyford,DISHWASHERS,Powerpoint 45cm White Dishwasher,-1,CUSTOMER_ORDER_OUTSTANDING,1,7
912,P24EMDBL,Belfast,SINGLE OVENS,Powerpoint Black Single Oven,1,IN_STOCK,0,1
912,P24EMDBL,Blanch,SINGLE OVENS,Powerpoint Black Single Oven,4,IN_STOCK,0,2
912,P24EMDBL,Cavan,SINGLE OVENS,Powerpoint Black Single Oven,1,IN_STOCK,0,3
912,P24EMDBL,Dundrum,SINGLE OVENS,Powerpoint Black Single Oven,0,OUT_OF_STOCK,0,4
912,P24EMDBL,Gorey,SINGLE OVENS,Powerpoint Black Single Oven,3,IN_STOCK,0,5
912,P24EMDBL,Navan,SINGLE OVENS,Powerpoint Black Single Oven,0,OUT_OF_STOCK,0,6
912,P24EMDBL,Sandyford,SINGLE OVENS,Powerpoint Black Single Oven,0,OUT_OF_STOCK,0,7
914,P25CKMDBL,Belfast,OVEN & HOB PACK,Powerpoint Black Single Oven & Ceramic Hob Pack,0,OUT_OF_STOCK,0,1
914,P25CKMDBL,Blanch,OVEN & HOB PACK,Powerpoint Black Single Oven & Ceramic Hob Pack,4,IN_STOCK,0,2
914,P25CKMDBL,Cavan,OVEN & HOB PACK,Powerpoint Black Single Oven & Ceramic Hob Pack,1,IN_STOCK,0,3
914,P25CKMDBL,Dundrum,OVEN & HOB PACK,Powerpoint Black Single Oven & Ceramic Hob Pack,0,OUT_OF_STOCK,0,4
914,P25CKMDBL,Gorey,OVEN & HOB PACK,Powerpoint Black Single Oven & Ceramic Hob Pack,6,IN_STOCK,0,5
914,P25CKMDBL,Navan,OVEN & HOB PACK,Powerpoint Black Single Oven & Ceramic Hob Pack,2,IN_STOCK,0,6
914,P25CKMDBL,Sandyford,OVEN & HOB PACK,Powerpoint Black Single Oven & Ceramic Hob Pack,0,OUT_OF_STOCK,0,7
915,P2612M2SS,Belfast,DISHWASHERS,Powerpoint 60cm 12 Place St/St Dishwasher,1,IN_STOCK,0,1
915,P2612M2SS,Blanch,DISHWASHERS,Powerpoint 60cm 12 Place St/St Dishwasher,1,IN_STOCK,0,2
915,P2612M2SS,Cavan,DISHWASHERS,Powerpoint 60cm 12 Place St/St Dishwasher,3,IN_STOCK,0,3
915,P2612M2SS,Dundrum,DISHWASHERS,Powerpoint 60cm 12 Place St/St Dishwasher,1,IN_STOCK,0,4
915,P2612M2SS,Gorey,DISHWASHERS,Powerpoint 60cm 12 Place St/St Dishwasher,5,IN_STOCK,0,5
915,P2612M2SS,Navan,DISHWASHERS,Powerpoint 60cm 12 Place St/St Dishwasher,0,OUT_OF_STOCK,0,6
915,P2612M2SS,Sandyford,DISHWASHERS,Powerpoint 60cm 12 Place St/St Dishwasher,1,IN_STOCK,0,7
916,P2612M2WH,Belfast,DISHWASHERS,Powerpoint 60cm 12 Place White Dishwasher,1,IN_STOCK,0,1
916,P2612M2WH,Blanch,DISHWASHERS,Powerpoint 60cm 12 Place White Dishwasher,1,IN_STOCK,0,2
916,P2612M2WH,Cavan,DISHWASHERS,Powerpoint 60cm 12 Place White Dishwasher,3,IN_STOCK,0,3
916,P2612M2WH,Dundrum,DISHWASHERS,Powerpoint 60cm 12 Place White Dishwasher,1,IN_STOCK,0,4
916,P2612M2WH,Gorey,DISHWASHERS,Powerpoint 60cm 12 Place White Dishwasher,2,IN_STOCK,0,5
916,P2612M2WH,Navan,DISHWASHERS,Powerpoint 60cm 12 Place White Dishwasher,1,IN_STOCK,0,6
916,P2612M2WH,Sandyford,DISHWASHERS,Powerpoint 60cm 12 Place White Dishwasher,1,IN_STOCK,0,7
917,P35106K,Belfast,WASHING MACHINES,Powerpoint 6kg 1200 Spin Washing Machine,2,IN_STOCK,0,1
917,P35106K,Blanch,WASHING MACHINES,Powerpoint 6kg 1200 Spin Washing Machine,2,IN_STOCK,0,2
917,P35106K,Cavan,WASHING MACHINES,Powerpoint 6kg 1200 Spin Washing Machine,3,IN_STOCK,0,3
917,P35106K,Dundrum,WASHING MACHINES,Powerpoint 6kg 1200 Spin Washing Machine,1,IN_STOCK,0,4
917,P35106K,Gorey,WASHING MACHINES,Powerpoint 6kg 1200 Spin Washing Machine,4,IN_STOCK,0,5
917,P35106K,Navan,WASHING MACHINES,Powerpoint 6kg 1200 Spin Washing Machine,0,OUT_OF_STOCK,0,6
917,P35106K,Sandyford,WASHING MACHINES,Powerpoint 6kg 1200 Spin Washing Machine,0,OUT_OF_STOCK,0,7
918,P35128K,Belfast,WASHING MACHINES,Powerpoint 8kg 1200 Spin Washing Machine,2,IN_STOCK,0,1
918,P35128K,Blanch,WASHING MACHINES,Powerpoint 8kg 1200 Spin Washing Machine,5,IN_STOCK,0,2
918,P35128K,Cavan,WASHING MACHINES,Powerpoint 8kg 1200 Spin Washing Machine,1,IN_STOCK,0,3
918,P35128K,Dundrum,WASHING MACHINES,Powerpoint 8kg 1200 Spin Washing Machine,1,IN_STOCK,0,4
918,P35128K,Gorey,WASHING MACHINES,Powerpoint 8kg 1200 Spin Washing Machine,50,IN_STOCK,0,5
918,P35128K,Navan,WASHING MACHINES,Powerpoint 8kg 1200 Spin Washing Machine,2,IN_STOCK,0,6
918,P35128K,Sandyford,WASHING MACHINES,Powerpoint 8kg 1200 Spin Washing Machine,0,OUT_OF_STOCK,0,7
920,P39AD46,Belfast,WINE COOLERS,POWERPOINT WINE COOLER 60CM BLK,3,IN_STOCK,0,1
920,P39AD46,Blanch,WINE COOLERS,POWERPOINT WINE COOLER 60CM BLK,1,IN_STOCK,0,2
920,P39AD46,Cavan,WINE COOLERS,POWERPOINT WINE COOLER 60CM BLK,1,IN_STOCK,0,3
920,P39AD46,Dundrum,WINE COOLERS,POWERPOINT WINE COOLER 60CM BLK,1,IN_STOCK,0,4
920,P39AD46,Gorey,WINE COOLERS,POWERPOINT WINE COOLER 60CM BLK,0,OUT_OF_STOCK,0,5
920,P39AD46,Navan,WINE COOLERS,POWERPOINT WINE COOLER 60CM BLK,0,OUT_OF_STOCK,0,6
920,P39AD46,Sandyford,WINE COOLERS,POWERPOINT WINE COOLER 60CM BLK,1,IN_STOCK,0,7
921,P39AD77,Belfast,WINE COOLERS,POWERPOINT 128CM WINE COOLER BLK,2,IN_STOCK,0,1
921,P39AD77,Blanch,WINE COOLERS,POWERPOINT 128CM WINE COOLER BLK,1,IN_STOCK,0,2
921,P39AD77,Cavan,WINE COOLERS,POWERPOINT 128CM WINE COOLER BLK,2,IN_STOCK,0,3
921,P39AD77,Dundrum,WINE COOLERS,POWERPOINT 128CM WINE COOLER BLK,1,IN_STOCK,0,4
921,P39AD77,Gorey,WINE COOLERS,POWERPOINT 128CM WINE COOLER BLK,6,IN_STOCK,0,5
921,P39AD77,Navan,WINE COOLERS,POWERPOINT 128CM WINE COOLER BLK,0,OUT_OF_STOCK,0,6
921,P39AD77,Sandyford,WINE COOLERS,POWERPOINT 128CM WINE COOLER BLK,1,IN_STOCK,0,7
922,P4474MDW,Belfast,U/C FRIDGE,Powerpoint 47cm U/C Fridge with Icebox 4*,0,OUT_OF_STOCK,0,1
922,P4474MDW,Blanch,U/C FRIDGE,Powerpoint 47cm U/C Fridge with Icebox 4*,3,IN_STOCK,0,2
922,P4474MDW,Cavan,U/C FRIDGE,Powerpoint 47cm U/C Fridge with Icebox 4*,2,IN_STOCK,0,3
922,P4474MDW,Dundrum,U/C FRIDGE,Powerpoint 47cm U/C Fridge with Icebox 4*,0,OUT_OF_STOCK,0,4
922,P4474MDW,Gorey,U/C FRIDGE,Powerpoint 47cm U/C Fridge with Icebox 4*,3,IN_STOCK,0,5
922,P4474MDW,Navan,U/C FRIDGE,Powerpoint 47cm U/C Fridge with Icebox 4*,1,IN_STOCK,0,6
922,P4474MDW,Sandyford,U/C FRIDGE,Powerpoint 47cm U/C Fridge with Icebox 4*,0,OUT_OF_STOCK,0,7
923,P450TTIBLM,Belfast,FRIDGES,Powerpoint Table Top Fridge with ice box,1,IN_STOCK,0,1
923,P450TTIBLM,Blanch,FRIDGES,Powerpoint Table Top Fridge with ice box,1,IN_STOCK,0,2
923,P450TTIBLM,Cavan,FRIDGES,Powerpoint Table Top Fridge with ice box,0,OUT_OF_STOCK,0,3
923,P450TTIBLM,Dundrum,FRIDGES,Powerpoint Table Top Fridge with ice box,3,IN_STOCK,0,4
923,P450TTIBLM,Gorey,FRIDGES,Powerpoint Table Top Fridge with ice box,2,IN_STOCK,0,5
923,P450TTIBLM,Navan,FRIDGES,Powerpoint Table Top Fridge with ice box,0,OUT_OF_STOCK,0,6
923,P450TTIBLM,Sandyford,FRIDGES,Powerpoint Table Top Fridge with ice box,1,IN_STOCK,0,7
924,P45514MLW-E,Belfast,FRIDGES,Powerpoint 540 x 1441  White Tall Larder Fridge,1,IN_STOCK,0,1
924,P45514MLW-E,Blanch,FRIDGES,Powerpoint 540 x 1441  White Tall Larder Fridge,2,IN_STOCK,0,2
924,P45514MLW-E,Cavan,FRIDGES,Powerpoint 540 x 1441  White Tall Larder Fridge,1,IN_STOCK,0,3
924,P45514MLW-E,Dundrum,FRIDGES,Powerpoint 540 x 1441  White Tall Larder Fridge,0,OUT_OF_STOCK,0,4
924,P45514MLW-E,Gorey,FRIDGES,Powerpoint 540 x 1441  White Tall Larder Fridge,3,IN_STOCK,0,5
924,P45514MLW-E,Navan,FRIDGES,Powerpoint 540 x 1441  White Tall Larder Fridge,0,OUT_OF_STOCK,0,6
924,P45514MLW-E,Sandyford,FRIDGES,Powerpoint 540 x 1441  White Tall Larder Fridge,0,OUT_OF_STOCK,0,7
926,P4554FMLW,Belfast,U/C FRIDGE,Powerpoint 55cm Undercounter Fridge with Icebox,1,IN_STOCK,0,1
926,P4554FMLW,Blanch,U/C FRIDGE,Powerpoint 55cm Undercounter Fridge with Icebox,0,OUT_OF_STOCK,0,2
926,P4554FMLW,Cavan,U/C FRIDGE,Powerpoint 55cm Undercounter Fridge with Icebox,2,IN_STOCK,0,3
926,P4554FMLW,Dundrum,U/C FRIDGE,Powerpoint 55cm Undercounter Fridge with Icebox,1,IN_STOCK,0,4
926,P4554FMLW,Gorey,U/C FRIDGE,Powerpoint 55cm Undercounter Fridge with Icebox,2,IN_STOCK,0,5
926,P4554FMLW,Navan,U/C FRIDGE,Powerpoint 55cm Undercounter Fridge with Icebox,1,IN_STOCK,0,6
926,P4554FMLW,Sandyford,U/C FRIDGE,Powerpoint 55cm Undercounter Fridge with Icebox,0,OUT_OF_STOCK,0,7
927,P455LM3SS,Belfast,U/C FRIDGE,Powerpoint St/St U/C 55cm Larder Fridge,0,OUT_OF_STOCK,0,1
927,P455LM3SS,Blanch,U/C FRIDGE,Powerpoint St/St U/C 55cm Larder Fridge,2,IN_STOCK,0,2
927,P455LM3SS,Cavan,U/C FRIDGE,Powerpoint St/St U/C 55cm Larder Fridge,3,IN_STOCK,0,3
927,P455LM3SS,Dundrum,U/C FRIDGE,Powerpoint St/St U/C 55cm Larder Fridge,0,OUT_OF_STOCK,0,4
927,P455LM3SS,Gorey,U/C FRIDGE,Powerpoint St/St U/C 55cm Larder Fridge,1,IN_STOCK,0,5
927,P455LM3SS,Navan,U/C FRIDGE,Powerpoint St/St U/C 55cm Larder Fridge,0,OUT_OF_STOCK,0,6
927,P455LM3SS,Sandyford,U/C FRIDGE,Powerpoint St/St U/C 55cm Larder Fridge,1,IN_STOCK,0,7
928,P455LM3W,Belfast,U/C FRIDGE,Powerpoint 55cm U/C Larder Fridge,1,IN_STOCK,0,1
928,P455LM3W,Blanch,U/C FRIDGE,Powerpoint 55cm U/C Larder Fridge,-1,CUSTOMER_ORDER_OUTSTANDING,1,2
928,P455LM3W,Cavan,U/C FRIDGE,Powerpoint 55cm U/C Larder Fridge,3,IN_STOCK,0,3
928,P455LM3W,Dundrum,U/C FRIDGE,Powerpoint 55cm U/C Larder Fridge,0,OUT_OF_STOCK,0,4
928,P455LM3W,Gorey,U/C FRIDGE,Powerpoint 55cm U/C Larder Fridge,6,IN_STOCK,0,5
928,P455LM3W,Navan,U/C FRIDGE,Powerpoint 55cm U/C Larder Fridge,2,IN_STOCK,0,6
928,P455LM3W,Sandyford,U/C FRIDGE,Powerpoint 55cm U/C Larder Fridge,1,IN_STOCK,0,7
930,P4962MDBC-E,Belfast,U/C FRIDGE,PowerPoint Beverage Cooler,0,OUT_OF_STOCK,0,1
930,P4962MDBC-E,Blanch,U/C FRIDGE,PowerPoint Beverage Cooler,0,OUT_OF_STOCK,0,2
930,P4962MDBC-E,Cavan,U/C FRIDGE,PowerPoint Beverage Cooler,2,IN_STOCK,0,3
930,P4962MDBC-E,Dundrum,U/C FRIDGE,PowerPoint Beverage Cooler,0,OUT_OF_STOCK,0,4
930,P4962MDBC-E,Gorey,U/C FRIDGE,PowerPoint Beverage Cooler,4,IN_STOCK,0,5
930,P4962MDBC-E,Navan,U/C FRIDGE,PowerPoint Beverage Cooler,0,OUT_OF_STOCK,0,6
930,P4962MDBC-E,Sandyford,U/C FRIDGE,PowerPoint Beverage Cooler,0,OUT_OF_STOCK,0,7
932,P65514MSFX,Belfast,FRIDGE FREEZERS,Powerpoint Smart Frost Fr/Freezer 540 x 1440 mm,0,OUT_OF_STOCK,0,1
932,P65514MSFX,Blanch,FRIDGE FREEZERS,Powerpoint Smart Frost Fr/Freezer 540 x 1440 mm,3,IN_STOCK,0,2
932,P65514MSFX,Cavan,FRIDGE FREEZERS,Powerpoint Smart Frost Fr/Freezer 540 x 1440 mm,3,IN_STOCK,0,3
932,P65514MSFX,Dundrum,FRIDGE FREEZERS,Powerpoint Smart Frost Fr/Freezer 540 x 1440 mm,0,OUT_OF_STOCK,0,4
932,P65514MSFX,Gorey,FRIDGE FREEZERS,Powerpoint Smart Frost Fr/Freezer 540 x 1440 mm,2,IN_STOCK,0,5
932,P65514MSFX,Navan,FRIDGE FREEZERS,Powerpoint Smart Frost Fr/Freezer 540 x 1440 mm,0,OUT_OF_STOCK,0,6
932,P65514MSFX,Sandyford,FRIDGE FREEZERS,Powerpoint Smart Frost Fr/Freezer 540 x 1440 mm,0,OUT_OF_STOCK,0,7
933,P65555MSFW-E,Belfast,FRIDGE FREEZERS,Powerpoint 176x54 Whie Fridge Freezer,0,OUT_OF_STOCK,0,1
933,P65555MSFW-E,Blanch,FRIDGE FREEZERS,Powerpoint 176x54 Whie Fridge Freezer,1,IN_STOCK,0,2
933,P65555MSFW-E,Cavan,FRIDGE FREEZERS,Powerpoint 176x54 Whie Fridge Freezer,1,IN_STOCK,0,3
933,P65555MSFW-E,Dundrum,FRIDGE FREEZERS,Powerpoint 176x54 Whie Fridge Freezer,0,OUT_OF_STOCK,0,4
933,P65555MSFW-E,Gorey,FRIDGE FREEZERS,Powerpoint 176x54 Whie Fridge Freezer,3,IN_STOCK,0,5
933,P65555MSFW-E,Navan,FRIDGE FREEZERS,Powerpoint 176x54 Whie Fridge Freezer,1,IN_STOCK,0,6
933,P65555MSFW-E,Sandyford,FRIDGE FREEZERS,Powerpoint 176x54 Whie Fridge Freezer,1,IN_STOCK,0,7
934,P65564MSFW-E,Belfast,FRIDGE FREEZERS,Powerpoint White 176x54 Fridge Freezer,0,OUT_OF_STOCK,0,1
934,P65564MSFW-E,Blanch,FRIDGE FREEZERS,Powerpoint White 176x54 Fridge Freezer,1,IN_STOCK,0,2
934,P65564MSFW-E,Cavan,FRIDGE FREEZERS,Powerpoint White 176x54 Fridge Freezer,3,IN_STOCK,0,3
934,P65564MSFW-E,Dundrum,FRIDGE FREEZERS,Powerpoint White 176x54 Fridge Freezer,0,OUT_OF_STOCK,0,4
934,P65564MSFW-E,Gorey,FRIDGE FREEZERS,Powerpoint White 176x54 Fridge Freezer,2,IN_STOCK,0,5
934,P65564MSFW-E,Navan,FRIDGE FREEZERS,Powerpoint White 176x54 Fridge Freezer,0,OUT_OF_STOCK,0,6
934,P65564MSFW-E,Sandyford,FRIDGE FREEZERS,Powerpoint White 176x54 Fridge Freezer,0,OUT_OF_STOCK,0,7
936,P74250MLBL-E,Belfast,FRIDGE FREEZERS,Powerpoint Black 128 x 48cm Fridge Freezer,0,OUT_OF_STOCK,0,1
936,P74250MLBL-E,Blanch,FRIDGE FREEZERS,Powerpoint Black 128 x 48cm Fridge Freezer,0,OUT_OF_STOCK,0,2
936,P74250MLBL-E,Cavan,FRIDGE FREEZERS,Powerpoint Black 128 x 48cm Fridge Freezer,1,IN_STOCK,0,3
936,P74250MLBL-E,Dundrum,FRIDGE FREEZERS,Powerpoint Black 128 x 48cm Fridge Freezer,0,OUT_OF_STOCK,0,4
936,P74250MLBL-E,Gorey,FRIDGE FREEZERS,Powerpoint Black 128 x 48cm Fridge Freezer,7,IN_STOCK,0,5
936,P74250MLBL-E,Navan,FRIDGE FREEZERS,Powerpoint Black 128 x 48cm Fridge Freezer,0,OUT_OF_STOCK,0,6
936,P74250MLBL-E,Sandyford,FRIDGE FREEZERS,Powerpoint Black 128 x 48cm Fridge Freezer,0,OUT_OF_STOCK,0,7
937,P7531M/4-E,Belfast,FRIDGE FREEZERS,Powerpoint U/C Fridge Freezer 845*470*500,1,IN_STOCK,0,1
937,P7531M/4-E,Blanch,FRIDGE FREEZERS,Powerpoint U/C Fridge Freezer 845*470*500,1,IN_STOCK,0,2
937,P7531M/4-E,Cavan,FRIDGE FREEZERS,Powerpoint U/C Fridge Freezer 845*470*500,5,IN_STOCK,0,3
937,P7531M/4-E,Dundrum,FRIDGE FREEZERS,Powerpoint U/C Fridge Freezer 845*470*500,1,IN_STOCK,0,4
937,P7531M/4-E,Gorey,FRIDGE FREEZERS,Powerpoint U/C Fridge Freezer 845*470*500,2,IN_STOCK,0,5
937,P7531M/4-E,Navan,FRIDGE FREEZERS,Powerpoint U/C Fridge Freezer 845*470*500,0,OUT_OF_STOCK,0,6
937,P7531M/4-E,Sandyford,FRIDGE FREEZERS,Powerpoint U/C Fridge Freezer 845*470*500,0,OUT_OF_STOCK,0,7
938,P7531M/4BL-E,Belfast,FRIDGE FREEZERS,Powerpoint U/C Black 845x47 Fridge Freezer,0,OUT_OF_STOCK,0,1
938,P7531M/4BL-E,Blanch,FRIDGE FREEZERS,Powerpoint U/C Black 845x47 Fridge Freezer,2,IN_STOCK,0,2
938,P7531M/4BL-E,Cavan,FRIDGE FREEZERS,Powerpoint U/C Black 845x47 Fridge Freezer,2,IN_STOCK,0,3
938,P7531M/4BL-E,Dundrum,FRIDGE FREEZERS,Powerpoint U/C Black 845x47 Fridge Freezer,0,OUT_OF_STOCK,0,4
938,P7531M/4BL-E,Gorey,FRIDGE FREEZERS,Powerpoint U/C Black 845x47 Fridge Freezer,4,IN_STOCK,0,5
938,P7531M/4BL-E,Navan,FRIDGE FREEZERS,Powerpoint U/C Black 845x47 Fridge Freezer,0,OUT_OF_STOCK,0,6
938,P7531M/4BL-E,Sandyford,FRIDGE FREEZERS,Powerpoint U/C Black 845x47 Fridge Freezer,1,IN_STOCK,0,7
939,P87030MG,Belfast,INT FRIDGE FREEZERS,Powerpoint 70/30 Integrated Fridge Freezer,0,OUT_OF_STOCK,0,1
939,P87030MG,Blanch,INT FRIDGE FREEZERS,Powerpoint 70/30 Integrated Fridge Freezer,2,IN_STOCK,0,2
939,P87030MG,Cavan,INT FRIDGE FREEZERS,Powerpoint 70/30 Integrated Fridge Freezer,2,IN_STOCK,0,3
939,P87030MG,Dundrum,INT FRIDGE FREEZERS,Powerpoint 70/30 Integrated Fridge Freezer,0,OUT_OF_STOCK,0,4
939,P87030MG,Gorey,INT FRIDGE FREEZERS,Powerpoint 70/30 Integrated Fridge Freezer,5,IN_STOCK,0,5
939,P87030MG,Navan,INT FRIDGE FREEZERS,Powerpoint 70/30 Integrated Fridge Freezer,0,OUT_OF_STOCK,0,6
939,P87030MG,Sandyford,INT FRIDGE FREEZERS,Powerpoint 70/30 Integrated Fridge Freezer,0,OUT_OF_STOCK,0,7
940,P9917CDSKBLG,Belfast,USA F/F,Powerpoint 4 Door Blk Glass USA FF,2,IN_STOCK,0,1
940,P9917CDSKBLG,Blanch,USA F/F,Powerpoint 4 Door Blk Glass USA FF,1,IN_STOCK,0,2
940,P9917CDSKBLG,Cavan,USA F/F,Powerpoint 4 Door Blk Glass USA FF,1,IN_STOCK,0,3
940,P9917CDSKBLG,Dundrum,USA F/F,Powerpoint 4 Door Blk Glass USA FF,1,IN_STOCK,0,4
940,P9917CDSKBLG,Gorey,USA F/F,Powerpoint 4 Door Blk Glass USA FF,5,IN_STOCK,0,5
940,P9917CDSKBLG,Navan,USA F/F,Powerpoint 4 Door Blk Glass USA FF,0,OUT_OF_STOCK,0,6
940,P9917CDSKBLG,Sandyford,USA F/F,Powerpoint 4 Door Blk Glass USA FF,1,IN_STOCK,0,7
941,P9917SKFDBLG,Belfast,USA F/F,Powerpoint Blk Glass French Door USA FF,2,IN_STOCK,0,1
941,P9917SKFDBLG,Blanch,USA F/F,Powerpoint Blk Glass French Door USA FF,0,OUT_OF_STOCK,0,2
941,P9917SKFDBLG,Cavan,USA F/F,Powerpoint Blk Glass French Door USA FF,1,IN_STOCK,0,3
941,P9917SKFDBLG,Dundrum,USA F/F,Powerpoint Blk Glass French Door USA FF,0,OUT_OF_STOCK,0,4
941,P9917SKFDBLG,Gorey,USA F/F,Powerpoint Blk Glass French Door USA FF,4,IN_STOCK,0,5
941,P9917SKFDBLG,Navan,USA F/F,Powerpoint Blk Glass French Door USA FF,1,IN_STOCK,0,6
941,P9917SKFDBLG,Sandyford,USA F/F,Powerpoint Blk Glass French Door USA FF,0,OUT_OF_STOCK,0,7
944,PIE631BB5E,Belfast,HOBS,Bosch Serie 4 Induction Hob 60cm,1,IN_STOCK,0,1
944,PIE631BB5E,Blanch,HOBS,Bosch Serie 4 Induction Hob 60cm,1,IN_STOCK,0,2
944,PIE631BB5E,Cavan,HOBS,Bosch Serie 4 Induction Hob 60cm,2,IN_STOCK,0,3
944,PIE631BB5E,Dundrum,HOBS,Bosch Serie 4 Induction Hob 60cm,1,IN_STOCK,0,4
944,PIE631BB5E,Gorey,HOBS,Bosch Serie 4 Induction Hob 60cm,1,IN_STOCK,0,5
944,PIE631BB5E,Navan,HOBS,Bosch Serie 4 Induction Hob 60cm,1,IN_STOCK,0,6
944,PIE631BB5E,Sandyford,HOBS,Bosch Serie 4 Induction Hob 60cm,0,OUT_OF_STOCK,0,7
945,PIV831HB1E,Belfast,HOBS,*Bosch 80cm Induction Hob,1,IN_STOCK,0,1
945,PIV831HB1E,Blanch,HOBS,*Bosch 80cm Induction Hob,1,IN_STOCK,0,2
945,PIV831HB1E,Cavan,HOBS,*Bosch 80cm Induction Hob,4,IN_STOCK,0,3
945,PIV831HB1E,Dundrum,HOBS,*Bosch 80cm Induction Hob,0,OUT_OF_STOCK,0,4
945,PIV831HB1E,Gorey,HOBS,*Bosch 80cm Induction Hob,4,IN_STOCK,0,5
945,PIV831HB1E,Navan,HOBS,*Bosch 80cm Induction Hob,1,IN_STOCK,0,6
945,PIV831HB1E,Sandyford,HOBS,*Bosch 80cm Induction Hob,1,IN_STOCK,0,7
946,PKE611CA3E,Belfast,HOBS,*Bosch 60cm Serie 2 Ceramic Hob with Knobs,0,OUT_OF_STOCK,0,1
946,PKE611CA3E,Blanch,HOBS,*Bosch 60cm Serie 2 Ceramic Hob with Knobs,1,IN_STOCK,0,2
946,PKE611CA3E,Cavan,HOBS,*Bosch 60cm Serie 2 Ceramic Hob with Knobs,3,IN_STOCK,0,3
946,PKE611CA3E,Dundrum,HOBS,*Bosch 60cm Serie 2 Ceramic Hob with Knobs,0,OUT_OF_STOCK,0,4
946,PKE611CA3E,Gorey,HOBS,*Bosch 60cm Serie 2 Ceramic Hob with Knobs,3,IN_STOCK,0,5
946,PKE611CA3E,Navan,HOBS,*Bosch 60cm Serie 2 Ceramic Hob with Knobs,-1,CUSTOMER_ORDER_OUTSTANDING,1,6
946,PKE611CA3E,Sandyford,HOBS,*Bosch 60cm Serie 2 Ceramic Hob with Knobs,0,OUT_OF_STOCK,0,7
947,PKE61RAA8B,Belfast,HOBS,*Bosch 60cm Ceramic Hob,0,OUT_OF_STOCK,0,1
947,PKE61RAA8B,Blanch,HOBS,*Bosch 60cm Ceramic Hob,1,IN_STOCK,0,2
947,PKE61RAA8B,Cavan,HOBS,*Bosch 60cm Ceramic Hob,3,IN_STOCK,0,3
947,PKE61RAA8B,Dundrum,HOBS,*Bosch 60cm Ceramic Hob,1,IN_STOCK,0,4
947,PKE61RAA8B,Gorey,HOBS,*Bosch 60cm Ceramic Hob,1,IN_STOCK,0,5
947,PKE61RAA8B,Navan,HOBS,*Bosch 60cm Ceramic Hob,1,IN_STOCK,0,6
947,PKE61RAA8B,Sandyford,HOBS,*Bosch 60cm Ceramic Hob,0,OUT_OF_STOCK,0,7
951,PPH60GDFIXUK,Belfast,GAS HOBS,Hotpoint 60cm St/St Gas Hob,0,OUT_OF_STOCK,0,1
951,PPH60GDFIXUK,Blanch,GAS HOBS,Hotpoint 60cm St/St Gas Hob,2,IN_STOCK,0,2
951,PPH60GDFIXUK,Cavan,GAS HOBS,Hotpoint 60cm St/St Gas Hob,3,IN_STOCK,0,3
951,PPH60GDFIXUK,Dundrum,GAS HOBS,Hotpoint 60cm St/St Gas Hob,1,IN_STOCK,0,4
951,PPH60GDFIXUK,Gorey,GAS HOBS,Hotpoint 60cm St/St Gas Hob,6,IN_STOCK,0,5
951,PPH60GDFIXUK,Navan,GAS HOBS,Hotpoint 60cm St/St Gas Hob,1,IN_STOCK,0,6
951,PPH60GDFIXUK,Sandyford,GAS HOBS,Hotpoint 60cm St/St Gas Hob,0,OUT_OF_STOCK,0,7
1003,RB38C605DB1/EU,Belfast,FRIDGE FREEZERS,Samsung Samsung Frost Free Black Steel F/F,1,IN_STOCK,0,1
1003,RB38C605DB1/EU,Blanch,FRIDGE FREEZERS,Samsung Samsung Frost Free Black Steel F/F,1,IN_STOCK,0,2
1003,RB38C605DB1/EU,Cavan,FRIDGE FREEZERS,Samsung Samsung Frost Free Black Steel F/F,4,IN_STOCK,0,3
1003,RB38C605DB1/EU,Dundrum,FRIDGE FREEZERS,Samsung Samsung Frost Free Black Steel F/F,1,IN_STOCK,0,4
1003,RB38C605DB1/EU,Gorey,FRIDGE FREEZERS,Samsung Samsung Frost Free Black Steel F/F,4,IN_STOCK,0,5
1003,RB38C605DB1/EU,Navan,FRIDGE FREEZERS,Samsung Samsung Frost Free Black Steel F/F,1,IN_STOCK,0,6
1003,RB38C605DB1/EU,Sandyford,FRIDGE FREEZERS,Samsung Samsung Frost Free Black Steel F/F,0,OUT_OF_STOCK,0,7
1004,RE1400,Belfast,FRIDGES,Liebherr 55cm White U/C Fridge with Handle,0,OUT_OF_STOCK,0,1
1004,RE1400,Blanch,FRIDGES,Liebherr 55cm White U/C Fridge with Handle,2,IN_STOCK,0,2
1004,RE1400,Cavan,FRIDGES,Liebherr 55cm White U/C Fridge with Handle,0,OUT_OF_STOCK,0,3
1004,RE1400,Dundrum,FRIDGES,Liebherr 55cm White U/C Fridge with Handle,1,IN_STOCK,0,4
1004,RE1400,Gorey,FRIDGES,Liebherr 55cm White U/C Fridge with Handle,2,IN_STOCK,0,5
1004,RE1400,Navan,FRIDGES,Liebherr 55cm White U/C Fridge with Handle,0,OUT_OF_STOCK,0,6
1004,RE1400,Sandyford,FRIDGES,Liebherr 55cm White U/C Fridge with Handle,1,IN_STOCK,0,7
1006,RF24BB620EB1EU,Belfast,USA F/F,Samsung French Dr Blk St/St,2,IN_STOCK,0,1
1006,RF24BB620EB1EU,Blanch,USA F/F,Samsung French Dr Blk St/St,1,IN_STOCK,0,2
1006,RF24BB620EB1EU,Cavan,USA F/F,Samsung French Dr Blk St/St,3,IN_STOCK,0,3
1006,RF24BB620EB1EU,Dundrum,USA F/F,Samsung French Dr Blk St/St,1,IN_STOCK,0,4
1006,RF24BB620EB1EU,Gorey,USA F/F,Samsung French Dr Blk St/St,2,IN_STOCK,0,5
1006,RF24BB620EB1EU,Navan,USA F/F,Samsung French Dr Blk St/St,1,IN_STOCK,0,6
1006,RF24BB620EB1EU,Sandyford,USA F/F,Samsung French Dr Blk St/St,0,OUT_OF_STOCK,0,7
1007,RF24BB620ES9EU,Belfast,USA F/F,Samsung French Dr St/St,0,OUT_OF_STOCK,0,1
1007,RF24BB620ES9EU,Blanch,USA F/F,Samsung French Dr St/St,1,IN_STOCK,0,2
1007,RF24BB620ES9EU,Cavan,USA F/F,Samsung French Dr St/St,4,IN_STOCK,0,3
1007,RF24BB620ES9EU,Dundrum,USA F/F,Samsung French Dr St/St,0,OUT_OF_STOCK,0,4
1007,RF24BB620ES9EU,Gorey,USA F/F,Samsung French Dr St/St,2,IN_STOCK,0,5
1007,RF24BB620ES9EU,Navan,USA F/F,Samsung French Dr St/St,1,IN_STOCK,0,6
1007,RF24BB620ES9EU,Sandyford,USA F/F,Samsung French Dr St/St,1,IN_STOCK,0,7
1012,RF50C510ES9/EU,Belfast,USA F/F,Samsung Inox 3 Dr French Style USA Fridge Freezer,0,OUT_OF_STOCK,0,1
1012,RF50C510ES9/EU,Blanch,USA F/F,Samsung Inox 3 Dr French Style USA Fridge Freezer,0,OUT_OF_STOCK,0,2
1012,RF50C510ES9/EU,Cavan,USA F/F,Samsung Inox 3 Dr French Style USA Fridge Freezer,3,IN_STOCK,0,3
1012,RF50C510ES9/EU,Dundrum,USA F/F,Samsung Inox 3 Dr French Style USA Fridge Freezer,0,OUT_OF_STOCK,0,4
1012,RF50C510ES9/EU,Gorey,USA F/F,Samsung Inox 3 Dr French Style USA Fridge Freezer,3,IN_STOCK,0,5
1012,RF50C510ES9/EU,Navan,USA F/F,Samsung Inox 3 Dr French Style USA Fridge Freezer,0,OUT_OF_STOCK,0,6
1012,RF50C510ES9/EU,Sandyford,USA F/F,Samsung Inox 3 Dr French Style USA Fridge Freezer,0,OUT_OF_STOCK,0,7
1014,RF610ADX6,Belfast,USA F/F,FRENCH DOOR 900MM F/F ST/ST,1,IN_STOCK,0,1
1014,RF610ADX6,Blanch,USA F/F,FRENCH DOOR 900MM F/F ST/ST,2,IN_STOCK,0,2
1014,RF610ADX6,Cavan,USA F/F,FRENCH DOOR 900MM F/F ST/ST,1,IN_STOCK,0,3
1014,RF610ADX6,Dundrum,USA F/F,FRENCH DOOR 900MM F/F ST/ST,0,OUT_OF_STOCK,0,4
1014,RF610ADX6,Gorey,USA F/F,FRENCH DOOR 900MM F/F ST/ST,2,IN_STOCK,0,5
1014,RF610ADX6,Navan,USA F/F,FRENCH DOOR 900MM F/F ST/ST,1,IN_STOCK,0,6
1014,RF610ADX6,Sandyford,USA F/F,FRENCH DOOR 900MM F/F ST/ST,1,IN_STOCK,0,7
1015,RF632N4WIE,Belfast,USA F/F,HiSense 2000 x 70.40 St/St 4 Dr Fridge Freezer,0,OUT_OF_STOCK,0,1
1015,RF632N4WIE,Blanch,USA F/F,HiSense 2000 x 70.40 St/St 4 Dr Fridge Freezer,1,IN_STOCK,0,2
1015,RF632N4WIE,Cavan,USA F/F,HiSense 2000 x 70.40 St/St 4 Dr Fridge Freezer,3,IN_STOCK,0,3
1015,RF632N4WIE,Dundrum,USA F/F,HiSense 2000 x 70.40 St/St 4 Dr Fridge Freezer,0,OUT_OF_STOCK,0,4
1015,RF632N4WIE,Gorey,USA F/F,HiSense 2000 x 70.40 St/St 4 Dr Fridge Freezer,2,IN_STOCK,0,5
1015,RF632N4WIE,Navan,USA F/F,HiSense 2000 x 70.40 St/St 4 Dr Fridge Freezer,0,OUT_OF_STOCK,0,6
1015,RF632N4WIE,Sandyford,USA F/F,HiSense 2000 x 70.40 St/St 4 Dr Fridge Freezer,0,OUT_OF_STOCK,0,7
1019,RH4CLR1001B,Belfast,FRIDGES,Russell Hobbs 4L Black Mini Cooler,3,IN_STOCK,0,1
1019,RH4CLR1001B,Blanch,FRIDGES,Russell Hobbs 4L Black Mini Cooler,2,IN_STOCK,0,2
1019,RH4CLR1001B,Cavan,FRIDGES,Russell Hobbs 4L Black Mini Cooler,5,IN_STOCK,0,3
1019,RH4CLR1001B,Dundrum,FRIDGES,Russell Hobbs 4L Black Mini Cooler,2,IN_STOCK,0,4
1019,RH4CLR1001B,Gorey,FRIDGES,Russell Hobbs 4L Black Mini Cooler,2,IN_STOCK,0,5
1019,RH4CLR1001B,Navan,FRIDGES,Russell Hobbs 4L Black Mini Cooler,2,IN_STOCK,0,6
1019,RH4CLR1001B,Sandyford,FRIDGES,Russell Hobbs 4L Black Mini Cooler,2,IN_STOCK,0,7
1021,RHEM2301B,Belfast,MICROWAVE OVENS,Russell Hobbs Flatbed Microwave 800W 23L,1,IN_STOCK,0,1
1021,RHEM2301B,Blanch,MICROWAVE OVENS,Russell Hobbs Flatbed Microwave 800W 23L,1,IN_STOCK,0,2
1021,RHEM2301B,Cavan,MICROWAVE OVENS,Russell Hobbs Flatbed Microwave 800W 23L,0,OUT_OF_STOCK,0,3
1021,RHEM2301B,Dundrum,MICROWAVE OVENS,Russell Hobbs Flatbed Microwave 800W 23L,2,IN_STOCK,0,4
1021,RHEM2301B,Gorey,MICROWAVE OVENS,Russell Hobbs Flatbed Microwave 800W 23L,0,OUT_OF_STOCK,0,5
1021,RHEM2301B,Navan,MICROWAVE OVENS,Russell Hobbs Flatbed Microwave 800W 23L,1,IN_STOCK,0,6
1021,RHEM2301B,Sandyford,MICROWAVE OVENS,Russell Hobbs Flatbed Microwave 800W 23L,1,IN_STOCK,0,7
1023,RHM1731B,Belfast,MICROWAVE OVENS,Russell Hobbs Black Microwave,1,IN_STOCK,0,1
1023,RHM1731B,Blanch,MICROWAVE OVENS,Russell Hobbs Black Microwave,4,IN_STOCK,0,2
1023,RHM1731B,Cavan,MICROWAVE OVENS,Russell Hobbs Black Microwave,1,IN_STOCK,0,3
1023,RHM1731B,Dundrum,MICROWAVE OVENS,Russell Hobbs Black Microwave,2,IN_STOCK,0,4
1023,RHM1731B,Gorey,MICROWAVE OVENS,Russell Hobbs Black Microwave,3,IN_STOCK,0,5
1023,RHM1731B,Navan,MICROWAVE OVENS,Russell Hobbs Black Microwave,3,IN_STOCK,0,6
1023,RHM1731B,Sandyford,MICROWAVE OVENS,Russell Hobbs Black Microwave,2,IN_STOCK,0,7
1024,RHM1731G,Belfast,MICROWAVE OVENS,Russell Hobbs Graphite Microwave,2,IN_STOCK,0,1
1024,RHM1731G,Blanch,MICROWAVE OVENS,Russell Hobbs Graphite Microwave,2,IN_STOCK,0,2
1024,RHM1731G,Cavan,MICROWAVE OVENS,Russell Hobbs Graphite Microwave,1,IN_STOCK,0,3
1024,RHM1731G,Dundrum,MICROWAVE OVENS,Russell Hobbs Graphite Microwave,2,IN_STOCK,0,4
1024,RHM1731G,Gorey,MICROWAVE OVENS,Russell Hobbs Graphite Microwave,1,IN_STOCK,0,5
1024,RHM1731G,Navan,MICROWAVE OVENS,Russell Hobbs Graphite Microwave,3,IN_STOCK,0,6
1024,RHM1731G,Sandyford,MICROWAVE OVENS,Russell Hobbs Graphite Microwave,2,IN_STOCK,0,7
1025,RHM1731W,Belfast,MICROWAVE OVENS,Russell Hobbs White Microwave,1,IN_STOCK,0,1
1025,RHM1731W,Blanch,MICROWAVE OVENS,Russell Hobbs White Microwave,2,IN_STOCK,0,2
1025,RHM1731W,Cavan,MICROWAVE OVENS,Russell Hobbs White Microwave,2,IN_STOCK,0,3
1025,RHM1731W,Dundrum,MICROWAVE OVENS,Russell Hobbs White Microwave,2,IN_STOCK,0,4
1025,RHM1731W,Gorey,MICROWAVE OVENS,Russell Hobbs White Microwave,2,IN_STOCK,0,5
1025,RHM1731W,Navan,MICROWAVE OVENS,Russell Hobbs White Microwave,1,IN_STOCK,0,6
1025,RHM1731W,Sandyford,MICROWAVE OVENS,Russell Hobbs White Microwave,2,IN_STOCK,0,7
1026,RHMM701B,Belfast,MICROWAVE OVENS,Russell Hobbs 17L Manual 700w Solo Micro,0,OUT_OF_STOCK,0,1
1026,RHMM701B,Blanch,MICROWAVE OVENS,Russell Hobbs 17L Manual 700w Solo Micro,3,IN_STOCK,0,2
1026,RHMM701B,Cavan,MICROWAVE OVENS,Russell Hobbs 17L Manual 700w Solo Micro,2,IN_STOCK,0,3
1026,RHMM701B,Dundrum,MICROWAVE OVENS,Russell Hobbs 17L Manual 700w Solo Micro,2,IN_STOCK,0,4
1026,RHMM701B,Gorey,MICROWAVE OVENS,Russell Hobbs 17L Manual 700w Solo Micro,3,IN_STOCK,0,5
1026,RHMM701B,Navan,MICROWAVE OVENS,Russell Hobbs 17L Manual 700w Solo Micro,3,IN_STOCK,0,6
1026,RHMM701B,Sandyford,MICROWAVE OVENS,Russell Hobbs 17L Manual 700w Solo Micro,1,IN_STOCK,0,7
1027,RHMM701C,Belfast,MICROWAVE OVENS,Russell Hobbs Cream Microwave 17L,0,OUT_OF_STOCK,0,1
1027,RHMM701C,Blanch,MICROWAVE OVENS,Russell Hobbs Cream Microwave 17L,3,IN_STOCK,0,2
1027,RHMM701C,Cavan,MICROWAVE OVENS,Russell Hobbs Cream Microwave 17L,3,IN_STOCK,0,3
1027,RHMM701C,Dundrum,MICROWAVE OVENS,Russell Hobbs Cream Microwave 17L,2,IN_STOCK,0,4
1027,RHMM701C,Gorey,MICROWAVE OVENS,Russell Hobbs Cream Microwave 17L,1,IN_STOCK,0,5
1027,RHMM701C,Navan,MICROWAVE OVENS,Russell Hobbs Cream Microwave 17L,2,IN_STOCK,0,6
1027,RHMM701C,Sandyford,MICROWAVE OVENS,Russell Hobbs Cream Microwave 17L,1,IN_STOCK,0,7
1028,RHMM701R,Belfast,MICROWAVE OVENS,Russell Hobbs Red Microwave 17L,0,OUT_OF_STOCK,0,1
1028,RHMM701R,Blanch,MICROWAVE OVENS,Russell Hobbs Red Microwave 17L,2,IN_STOCK,0,2
1028,RHMM701R,Cavan,MICROWAVE OVENS,Russell Hobbs Red Microwave 17L,1,IN_STOCK,0,3
1028,RHMM701R,Dundrum,MICROWAVE OVENS,Russell Hobbs Red Microwave 17L,2,IN_STOCK,0,4
1028,RHMM701R,Gorey,MICROWAVE OVENS,Russell Hobbs Red Microwave 17L,2,IN_STOCK,0,5
1028,RHMM701R,Navan,MICROWAVE OVENS,Russell Hobbs Red Microwave 17L,2,IN_STOCK,0,6
1028,RHMM701R,Sandyford,MICROWAVE OVENS,Russell Hobbs Red Microwave 17L,2,IN_STOCK,0,7
1029,RHX7009TBB,Belfast,TUMBLE DRYERS,LG 9kg Black Tumble Dryer,0,OUT_OF_STOCK,0,1
1029,RHX7009TBB,Blanch,TUMBLE DRYERS,LG 9kg Black Tumble Dryer,1,IN_STOCK,0,2
1029,RHX7009TBB,Cavan,TUMBLE DRYERS,LG 9kg Black Tumble Dryer,2,IN_STOCK,0,3
1029,RHX7009TBB,Dundrum,TUMBLE DRYERS,LG 9kg Black Tumble Dryer,0,OUT_OF_STOCK,0,4
1029,RHX7009TBB,Gorey,TUMBLE DRYERS,LG 9kg Black Tumble Dryer,4,IN_STOCK,0,5
1029,RHX7009TBB,Navan,TUMBLE DRYERS,LG 9kg Black Tumble Dryer,0,OUT_OF_STOCK,0,6
1029,RHX7009TBB,Sandyford,TUMBLE DRYERS,LG 9kg Black Tumble Dryer,0,OUT_OF_STOCK,0,7
1030,RI860C,Belfast,HOBS,Indesit 60cm Ceramic Hob,0,OUT_OF_STOCK,0,1
1030,RI860C,Blanch,HOBS,Indesit 60cm Ceramic Hob,7,IN_STOCK,0,2
1030,RI860C,Cavan,HOBS,Indesit 60cm Ceramic Hob,5,IN_STOCK,0,3
1030,RI860C,Dundrum,HOBS,Indesit 60cm Ceramic Hob,0,OUT_OF_STOCK,0,4
1030,RI860C,Gorey,HOBS,Indesit 60cm Ceramic Hob,24,IN_STOCK,0,5
1030,RI860C,Navan,HOBS,Indesit 60cm Ceramic Hob,1,IN_STOCK,0,6
1030,RI860C,Sandyford,HOBS,Indesit 60cm Ceramic Hob,0,OUT_OF_STOCK,0,7
1031,RIFF70306NM,Belfast,INT FRIDGE FREEZERS,Nordmende 70/30 Integrated Fridge Freezer,0,OUT_OF_STOCK,0,1
1031,RIFF70306NM,Blanch,INT FRIDGE FREEZERS,Nordmende 70/30 Integrated Fridge Freezer,0,OUT_OF_STOCK,0,2
1031,RIFF70306NM,Cavan,INT FRIDGE FREEZERS,Nordmende 70/30 Integrated Fridge Freezer,0,OUT_OF_STOCK,0,3
1031,RIFF70306NM,Dundrum,INT FRIDGE FREEZERS,Nordmende 70/30 Integrated Fridge Freezer,0,OUT_OF_STOCK,0,4
1031,RIFF70306NM,Gorey,INT FRIDGE FREEZERS,Nordmende 70/30 Integrated Fridge Freezer,133,IN_STOCK,0,5
1031,RIFF70306NM,Navan,INT FRIDGE FREEZERS,Nordmende 70/30 Integrated Fridge Freezer,0,OUT_OF_STOCK,0,6
1031,RIFF70306NM,Sandyford,INT FRIDGE FREEZERS,Nordmende 70/30 Integrated Fridge Freezer,0,OUT_OF_STOCK,0,7
1032,RIFF7030NFC,Belfast,INT FRIDGE FREEZERS,NORDMENDE INT FRIDGE FREEZER,0,OUT_OF_STOCK,0,1
1032,RIFF7030NFC,Blanch,INT FRIDGE FREEZERS,NORDMENDE INT FRIDGE FREEZER,0,OUT_OF_STOCK,0,2
1032,RIFF7030NFC,Cavan,INT FRIDGE FREEZERS,NORDMENDE INT FRIDGE FREEZER,0,OUT_OF_STOCK,0,3
1032,RIFF7030NFC,Dundrum,INT FRIDGE FREEZERS,NORDMENDE INT FRIDGE FREEZER,0,OUT_OF_STOCK,0,4
1032,RIFF7030NFC,Gorey,INT FRIDGE FREEZERS,NORDMENDE INT FRIDGE FREEZER,22,IN_STOCK,0,5
1032,RIFF7030NFC,Navan,INT FRIDGE FREEZERS,NORDMENDE INT FRIDGE FREEZER,0,OUT_OF_STOCK,0,6
1032,RIFF7030NFC,Sandyford,INT FRIDGE FREEZERS,NORDMENDE INT FRIDGE FREEZER,0,OUT_OF_STOCK,0,7
1034,RM90F67CECEU,Belfast,USA F/F,Samsung (Plumbed) Black Quad Door USA FF,0,OUT_OF_STOCK,0,1
1034,RM90F67CECEU,Blanch,USA F/F,Samsung (Plumbed) Black Quad Door USA FF,3,IN_STOCK,0,2
1034,RM90F67CECEU,Cavan,USA F/F,Samsung (Plumbed) Black Quad Door USA FF,3,IN_STOCK,0,3
1034,RM90F67CECEU,Dundrum,USA F/F,Samsung (Plumbed) Black Quad Door USA FF,1,IN_STOCK,0,4
1034,RM90F67CECEU,Gorey,USA F/F,Samsung (Plumbed) Black Quad Door USA FF,21,IN_STOCK,0,5
1034,RM90F67CECEU,Navan,USA F/F,Samsung (Plumbed) Black Quad Door USA FF,0,OUT_OF_STOCK,0,6
1034,RM90F67CECEU,Sandyford,USA F/F,Samsung (Plumbed) Black Quad Door USA FF,1,IN_STOCK,0,7
1038,RS70F64KEFEU,Belfast,USA F/F,Samsung Black St/St USA FF,2,IN_STOCK,0,1
1038,RS70F64KEFEU,Blanch,USA F/F,Samsung Black St/St USA FF,1,IN_STOCK,0,2
1038,RS70F64KEFEU,Cavan,USA F/F,Samsung Black St/St USA FF,3,IN_STOCK,0,3
1038,RS70F64KEFEU,Dundrum,USA F/F,Samsung Black St/St USA FF,0,OUT_OF_STOCK,0,4
1038,RS70F64KEFEU,Gorey,USA F/F,Samsung Black St/St USA FF,3,IN_STOCK,0,5
1038,RS70F64KEFEU,Navan,USA F/F,Samsung Black St/St USA FF,0,OUT_OF_STOCK,0,6
1038,RS70F64KEFEU,Sandyford,USA F/F,Samsung Black St/St USA FF,1,IN_STOCK,0,7
1040,RS70F64KETEU,Belfast,USA F/F,Samsung Silver USA Fridge Freezer,1,IN_STOCK,0,1
1040,RS70F64KETEU,Blanch,USA F/F,Samsung Silver USA Fridge Freezer,2,IN_STOCK,0,2
1040,RS70F64KETEU,Cavan,USA F/F,Samsung Silver USA Fridge Freezer,3,IN_STOCK,0,3
1040,RS70F64KETEU,Dundrum,USA F/F,Samsung Silver USA Fridge Freezer,1,IN_STOCK,0,4
1040,RS70F64KETEU,Gorey,USA F/F,Samsung Silver USA Fridge Freezer,3,IN_STOCK,0,5
1040,RS70F64KETEU,Navan,USA F/F,Samsung Silver USA Fridge Freezer,0,OUT_OF_STOCK,0,6
1040,RS70F64KETEU,Sandyford,USA F/F,Samsung Silver USA Fridge Freezer,0,OUT_OF_STOCK,0,7
1045,RS90F66BEFEU,Belfast,USA F/F,Samsung Black Family Hob USA FF,1,IN_STOCK,0,1
1045,RS90F66BEFEU,Blanch,USA F/F,Samsung Black Family Hob USA FF,1,IN_STOCK,0,2
1045,RS90F66BEFEU,Cavan,USA F/F,Samsung Black Family Hob USA FF,3,IN_STOCK,0,3
1045,RS90F66BEFEU,Dundrum,USA F/F,Samsung Black Family Hob USA FF,0,OUT_OF_STOCK,0,4
1045,RS90F66BEFEU,Gorey,USA F/F,Samsung Black Family Hob USA FF,3,IN_STOCK,0,5
1045,RS90F66BEFEU,Navan,USA F/F,Samsung Black Family Hob USA FF,0,OUT_OF_STOCK,0,6
1045,RS90F66BEFEU,Sandyford,USA F/F,Samsung Black Family Hob USA FF,0,OUT_OF_STOCK,0,7
1050,S155HVX00G,Belfast,INT DISHWASHERS,Neff N50 60cm Integrated Dishwasher,0,OUT_OF_STOCK,0,1
1050,S155HVX00G,Blanch,INT DISHWASHERS,Neff N50 60cm Integrated Dishwasher,3,IN_STOCK,0,2
1050,S155HVX00G,Cavan,INT DISHWASHERS,Neff N50 60cm Integrated Dishwasher,2,IN_STOCK,0,3
1050,S155HVX00G,Dundrum,INT DISHWASHERS,Neff N50 60cm Integrated Dishwasher,0,OUT_OF_STOCK,0,4
1050,S155HVX00G,Gorey,INT DISHWASHERS,Neff N50 60cm Integrated Dishwasher,5,IN_STOCK,0,5
1050,S155HVX00G,Navan,INT DISHWASHERS,Neff N50 60cm Integrated Dishwasher,1,IN_STOCK,0,6
1050,S155HVX00G,Sandyford,INT DISHWASHERS,Neff N50 60cm Integrated Dishwasher,0,OUT_OF_STOCK,0,7
1051,S187ZCX03G,Belfast,INT DISHWASHERS,Neff N70 Integrated Dishwasher,1,IN_STOCK,0,1
1051,S187ZCX03G,Blanch,INT DISHWASHERS,Neff N70 Integrated Dishwasher,4,IN_STOCK,0,2
1051,S187ZCX03G,Cavan,INT DISHWASHERS,Neff N70 Integrated Dishwasher,4,IN_STOCK,0,3
1051,S187ZCX03G,Dundrum,INT DISHWASHERS,Neff N70 Integrated Dishwasher,1,IN_STOCK,0,4
1051,S187ZCX03G,Gorey,INT DISHWASHERS,Neff N70 Integrated Dishwasher,11,IN_STOCK,0,5
1051,S187ZCX03G,Navan,INT DISHWASHERS,Neff N70 Integrated Dishwasher,-1,CUSTOMER_ORDER_OUTSTANDING,1,6
1051,S187ZCX03G,Sandyford,INT DISHWASHERS,Neff N70 Integrated Dishwasher,1,IN_STOCK,0,7
1052,S197ZCX08G,Belfast,INT DISHWASHERS,Neff N70 Integrated Dishwasher,0,OUT_OF_STOCK,0,1
1052,S197ZCX08G,Blanch,INT DISHWASHERS,Neff N70 Integrated Dishwasher,0,OUT_OF_STOCK,0,2
1052,S197ZCX08G,Cavan,INT DISHWASHERS,Neff N70 Integrated Dishwasher,0,OUT_OF_STOCK,0,3
1052,S197ZCX08G,Dundrum,INT DISHWASHERS,Neff N70 Integrated Dishwasher,0,OUT_OF_STOCK,0,4
1052,S197ZCX08G,Gorey,INT DISHWASHERS,Neff N70 Integrated Dishwasher,6,IN_STOCK,0,5
1052,S197ZCX08G,Navan,INT DISHWASHERS,Neff N70 Integrated Dishwasher,0,OUT_OF_STOCK,0,6
1052,S197ZCX08G,Sandyford,INT DISHWASHERS,Neff N70 Integrated Dishwasher,0,OUT_OF_STOCK,0,7
1098,SFP6401TB,Belfast,SINGLE OVENS,Smeg Blk Selezione Aesthetic Single Oven,0,OUT_OF_STOCK,0,1
1098,SFP6401TB,Blanch,SINGLE OVENS,Smeg Blk Selezione Aesthetic Single Oven,4,IN_STOCK,0,2
1098,SFP6401TB,Cavan,SINGLE OVENS,Smeg Blk Selezione Aesthetic Single Oven,8,IN_STOCK,0,3
1098,SFP6401TB,Dundrum,SINGLE OVENS,Smeg Blk Selezione Aesthetic Single Oven,1,IN_STOCK,0,4
1098,SFP6401TB,Gorey,SINGLE OVENS,Smeg Blk Selezione Aesthetic Single Oven,24,IN_STOCK,0,5
1098,SFP6401TB,Navan,SINGLE OVENS,Smeg Blk Selezione Aesthetic Single Oven,1,IN_STOCK,0,6
1098,SFP6401TB,Sandyford,SINGLE OVENS,Smeg Blk Selezione Aesthetic Single Oven,1,IN_STOCK,0,7
1102,SI2641D,Belfast,HOBS,Smeg 60cm 7.2kW Induction Hob,1,IN_STOCK,0,1
1102,SI2641D,Blanch,HOBS,Smeg 60cm 7.2kW Induction Hob,1,IN_STOCK,0,2
1102,SI2641D,Cavan,HOBS,Smeg 60cm 7.2kW Induction Hob,9,IN_STOCK,0,3
1102,SI2641D,Dundrum,HOBS,Smeg 60cm 7.2kW Induction Hob,1,IN_STOCK,0,4
1102,SI2641D,Gorey,HOBS,Smeg 60cm 7.2kW Induction Hob,13,IN_STOCK,0,5
1102,SI2641D,Navan,HOBS,Smeg 60cm 7.2kW Induction Hob,3,IN_STOCK,0,6
1102,SI2641D,Sandyford,HOBS,Smeg 60cm 7.2kW Induction Hob,1,IN_STOCK,0,7
1103,SI2B22641D,Belfast,HOBS,Smeg 60cm Musa Induction Hob,0,OUT_OF_STOCK,0,1
1103,SI2B22641D,Blanch,HOBS,Smeg 60cm Musa Induction Hob,2,IN_STOCK,0,2
1103,SI2B22641D,Cavan,HOBS,Smeg 60cm Musa Induction Hob,2,IN_STOCK,0,3
1103,SI2B22641D,Dundrum,HOBS,Smeg 60cm Musa Induction Hob,0,OUT_OF_STOCK,0,4
1103,SI2B22641D,Gorey,HOBS,Smeg 60cm Musa Induction Hob,3,IN_STOCK,0,5
1103,SI2B22641D,Navan,HOBS,Smeg 60cm Musa Induction Hob,0,OUT_OF_STOCK,0,6
1103,SI2B22641D,Sandyford,HOBS,Smeg 60cm Musa Induction Hob,0,OUT_OF_STOCK,0,7
1104,SI2B22741D,Belfast,HOBS,Smeg 75cm Musa Induction Hob,0,OUT_OF_STOCK,0,1
1104,SI2B22741D,Blanch,HOBS,Smeg 75cm Musa Induction Hob,4,IN_STOCK,0,2
1104,SI2B22741D,Cavan,HOBS,Smeg 75cm Musa Induction Hob,1,IN_STOCK,0,3
1104,SI2B22741D,Dundrum,HOBS,Smeg 75cm Musa Induction Hob,2,IN_STOCK,0,4
1104,SI2B22741D,Gorey,HOBS,Smeg 75cm Musa Induction Hob,1,IN_STOCK,0,5
1104,SI2B22741D,Navan,HOBS,Smeg 75cm Musa Induction Hob,0,OUT_OF_STOCK,0,6
1104,SI2B22741D,Sandyford,HOBS,Smeg 75cm Musa Induction Hob,0,OUT_OF_STOCK,0,7
1107,SIFNDI5188,Belfast,INT FREEZERS,Liebherr Int Freezer with Ice Maker,1,IN_STOCK,0,1
1107,SIFNDI5188,Blanch,INT FREEZERS,Liebherr Int Freezer with Ice Maker,4,IN_STOCK,0,2
1107,SIFNDI5188,Cavan,INT FREEZERS,Liebherr Int Freezer with Ice Maker,3,IN_STOCK,0,3
1107,SIFNDI5188,Dundrum,INT FREEZERS,Liebherr Int Freezer with Ice Maker,1,IN_STOCK,0,4
1107,SIFNDI5188,Gorey,INT FREEZERS,Liebherr Int Freezer with Ice Maker,5,IN_STOCK,0,5
1107,SIFNDI5188,Navan,INT FREEZERS,Liebherr Int Freezer with Ice Maker,0,OUT_OF_STOCK,0,6
1107,SIFNDI5188,Sandyford,INT FREEZERS,Liebherr Int Freezer with Ice Maker,1,IN_STOCK,0,7
1108,SIFNE5108,Belfast,INT FREEZERS,Liebherr Integrated No Frost Freezer,0,OUT_OF_STOCK,0,1
1108,SIFNE5108,Blanch,INT FREEZERS,Liebherr Integrated No Frost Freezer,5,IN_STOCK,0,2
1108,SIFNE5108,Cavan,INT FREEZERS,Liebherr Integrated No Frost Freezer,3,IN_STOCK,0,3
1108,SIFNE5108,Dundrum,INT FREEZERS,Liebherr Integrated No Frost Freezer,0,OUT_OF_STOCK,0,4
1108,SIFNE5108,Gorey,INT FREEZERS,Liebherr Integrated No Frost Freezer,9,IN_STOCK,0,5
1108,SIFNE5108,Navan,INT FREEZERS,Liebherr Integrated No Frost Freezer,0,OUT_OF_STOCK,0,6
1108,SIFNE5108,Sandyford,INT FREEZERS,Liebherr Integrated No Frost Freezer,0,OUT_OF_STOCK,0,7
1136,SMO870BSS4GEU1,Belfast,MICROWAVE OVENS,Sage Combi Wave 3 in 1,2,IN_STOCK,0,1
1136,SMO870BSS4GEU1,Blanch,MICROWAVE OVENS,Sage Combi Wave 3 in 1,2,IN_STOCK,0,2
1136,SMO870BSS4GEU1,Cavan,MICROWAVE OVENS,Sage Combi Wave 3 in 1,2,IN_STOCK,0,3
1136,SMO870BSS4GEU1,Dundrum,MICROWAVE OVENS,Sage Combi Wave 3 in 1,2,IN_STOCK,0,4
1136,SMO870BSS4GEU1,Gorey,MICROWAVE OVENS,Sage Combi Wave 3 in 1,2,IN_STOCK,0,5
1136,SMO870BSS4GEU1,Navan,MICROWAVE OVENS,Sage Combi Wave 3 in 1,2,IN_STOCK,0,6
1136,SMO870BSS4GEU1,Sandyford,MICROWAVE OVENS,Sage Combi Wave 3 in 1,2,IN_STOCK,0,7
1138,SMP778C/NE/IXL,Belfast,HOBS,Whirlpool (F104125) SmartCook 77cm 8 Zone Inductio,0,OUT_OF_STOCK,0,1
1138,SMP778C/NE/IXL,Blanch,HOBS,Whirlpool (F104125) SmartCook 77cm 8 Zone Inductio,1,IN_STOCK,0,2
1138,SMP778C/NE/IXL,Cavan,HOBS,Whirlpool (F104125) SmartCook 77cm 8 Zone Inductio,1,IN_STOCK,0,3
1138,SMP778C/NE/IXL,Dundrum,HOBS,Whirlpool (F104125) SmartCook 77cm 8 Zone Inductio,1,IN_STOCK,0,4
1138,SMP778C/NE/IXL,Gorey,HOBS,Whirlpool (F104125) SmartCook 77cm 8 Zone Inductio,2,IN_STOCK,0,5
1138,SMP778C/NE/IXL,Navan,HOBS,Whirlpool (F104125) SmartCook 77cm 8 Zone Inductio,1,IN_STOCK,0,6
1138,SMP778C/NE/IXL,Sandyford,HOBS,Whirlpool (F104125) SmartCook 77cm 8 Zone Inductio,0,OUT_OF_STOCK,0,7
1139,SMV2HTX02G,Belfast,INT DISHWASHERS,*Bosch Series 2 Integrated Dishwasher,1,IN_STOCK,0,1
1139,SMV2HTX02G,Blanch,INT DISHWASHERS,*Bosch Series 2 Integrated Dishwasher,1,IN_STOCK,0,2
1139,SMV2HTX02G,Cavan,INT DISHWASHERS,*Bosch Series 2 Integrated Dishwasher,1,IN_STOCK,0,3
1139,SMV2HTX02G,Dundrum,INT DISHWASHERS,*Bosch Series 2 Integrated Dishwasher,1,IN_STOCK,0,4
1139,SMV2HTX02G,Gorey,INT DISHWASHERS,*Bosch Series 2 Integrated Dishwasher,3,IN_STOCK,0,5
1139,SMV2HTX02G,Navan,INT DISHWASHERS,*Bosch Series 2 Integrated Dishwasher,1,IN_STOCK,0,6
1139,SMV2HTX02G,Sandyford,INT DISHWASHERS,*Bosch Series 2 Integrated Dishwasher,1,IN_STOCK,0,7
1141,SMV4HVX00G,Belfast,INT DISHWASHERS,*Bosch Series 4 Integrated Dishwasher,0,OUT_OF_STOCK,0,1
1141,SMV4HVX00G,Blanch,INT DISHWASHERS,*Bosch Series 4 Integrated Dishwasher,4,IN_STOCK,0,2
1141,SMV4HVX00G,Cavan,INT DISHWASHERS,*Bosch Series 4 Integrated Dishwasher,1,IN_STOCK,0,3
1141,SMV4HVX00G,Dundrum,INT DISHWASHERS,*Bosch Series 4 Integrated Dishwasher,1,IN_STOCK,0,4
1141,SMV4HVX00G,Gorey,INT DISHWASHERS,*Bosch Series 4 Integrated Dishwasher,10,IN_STOCK,0,5
1141,SMV4HVX00G,Navan,INT DISHWASHERS,*Bosch Series 4 Integrated Dishwasher,1,IN_STOCK,0,6
1141,SMV4HVX00G,Sandyford,INT DISHWASHERS,*Bosch Series 4 Integrated Dishwasher,0,OUT_OF_STOCK,0,7
1143,SMV6ZCX10G,Belfast,INT DISHWASHERS,Bosch NEW Series 6 Integrated Dishwasher,1,IN_STOCK,0,1
1143,SMV6ZCX10G,Blanch,INT DISHWASHERS,Bosch NEW Series 6 Integrated Dishwasher,5,IN_STOCK,0,2
1143,SMV6ZCX10G,Cavan,INT DISHWASHERS,Bosch NEW Series 6 Integrated Dishwasher,12,IN_STOCK,0,3
1143,SMV6ZCX10G,Dundrum,INT DISHWASHERS,Bosch NEW Series 6 Integrated Dishwasher,1,IN_STOCK,0,4
1143,SMV6ZCX10G,Gorey,INT DISHWASHERS,Bosch NEW Series 6 Integrated Dishwasher,26,IN_STOCK,0,5
1143,SMV6ZCX10G,Navan,INT DISHWASHERS,Bosch NEW Series 6 Integrated Dishwasher,0,OUT_OF_STOCK,0,6
1143,SMV6ZCX10G,Sandyford,INT DISHWASHERS,Bosch NEW Series 6 Integrated Dishwasher,1,IN_STOCK,0,7
1145,SN25EI13CE,Belfast,DISHWASHERS,Siemens 60cm Brushed St/Seel Dishwasher,0,OUT_OF_STOCK,0,1
1145,SN25EI13CE,Blanch,DISHWASHERS,Siemens 60cm Brushed St/Seel Dishwasher,1,IN_STOCK,0,2
1145,SN25EI13CE,Cavan,DISHWASHERS,Siemens 60cm Brushed St/Seel Dishwasher,2,IN_STOCK,0,3
1145,SN25EI13CE,Dundrum,DISHWASHERS,Siemens 60cm Brushed St/Seel Dishwasher,1,IN_STOCK,0,4
1145,SN25EI13CE,Gorey,DISHWASHERS,Siemens 60cm Brushed St/Seel Dishwasher,2,IN_STOCK,0,5
1145,SN25EI13CE,Navan,DISHWASHERS,Siemens 60cm Brushed St/Seel Dishwasher,0,OUT_OF_STOCK,0,6
1145,SN25EI13CE,Sandyford,DISHWASHERS,Siemens 60cm Brushed St/Seel Dishwasher,1,IN_STOCK,0,7
1146,SN73HX03VG,Belfast,INT DISHWASHERS,Siemens IQ300 Integrated Dishwasher,0,OUT_OF_STOCK,0,1
1146,SN73HX03VG,Blanch,INT DISHWASHERS,Siemens IQ300 Integrated Dishwasher,1,IN_STOCK,0,2
1146,SN73HX03VG,Cavan,INT DISHWASHERS,Siemens IQ300 Integrated Dishwasher,2,IN_STOCK,0,3
1146,SN73HX03VG,Dundrum,INT DISHWASHERS,Siemens IQ300 Integrated Dishwasher,0,OUT_OF_STOCK,0,4
1146,SN73HX03VG,Gorey,INT DISHWASHERS,Siemens IQ300 Integrated Dishwasher,4,IN_STOCK,0,5
1146,SN73HX03VG,Navan,INT DISHWASHERS,Siemens IQ300 Integrated Dishwasher,0,OUT_OF_STOCK,0,6
1146,SN73HX03VG,Sandyford,INT DISHWASHERS,Siemens IQ300 Integrated Dishwasher,0,OUT_OF_STOCK,0,7
1147,SN73HX10VG,Belfast,INT DISHWASHERS,Siemens iQ300 Integrated Dishwasher,1,IN_STOCK,0,1
1147,SN73HX10VG,Blanch,INT DISHWASHERS,Siemens iQ300 Integrated Dishwasher,2,IN_STOCK,0,2
1147,SN73HX10VG,Cavan,INT DISHWASHERS,Siemens iQ300 Integrated Dishwasher,1,IN_STOCK,0,3
1147,SN73HX10VG,Dundrum,INT DISHWASHERS,Siemens iQ300 Integrated Dishwasher,1,IN_STOCK,0,4
1147,SN73HX10VG,Gorey,INT DISHWASHERS,Siemens iQ300 Integrated Dishwasher,2,IN_STOCK,0,5
1147,SN73HX10VG,Navan,INT DISHWASHERS,Siemens iQ300 Integrated Dishwasher,0,OUT_OF_STOCK,0,6
1147,SN73HX10VG,Sandyford,INT DISHWASHERS,Siemens iQ300 Integrated Dishwasher,1,IN_STOCK,0,7
1148,SN95EX12CG,Belfast,INT DISHWASHERS,Siemens iQ500 Integrated Dishwasher,0,OUT_OF_STOCK,0,1
1148,SN95EX12CG,Blanch,INT DISHWASHERS,Siemens iQ500 Integrated Dishwasher,3,IN_STOCK,0,2
1148,SN95EX12CG,Cavan,INT DISHWASHERS,Siemens iQ500 Integrated Dishwasher,3,IN_STOCK,0,3
1148,SN95EX12CG,Dundrum,INT DISHWASHERS,Siemens iQ500 Integrated Dishwasher,1,IN_STOCK,0,4
1148,SN95EX12CG,Gorey,INT DISHWASHERS,Siemens iQ500 Integrated Dishwasher,3,IN_STOCK,0,5
1148,SN95EX12CG,Navan,INT DISHWASHERS,Siemens iQ500 Integrated Dishwasher,0,OUT_OF_STOCK,0,6
1148,SN95EX12CG,Sandyford,INT DISHWASHERS,Siemens iQ500 Integrated Dishwasher,1,IN_STOCK,0,7
1149,SN95YX02CG,Belfast,INT DISHWASHERS,Siemens IQ500 Integrated Dishwasher,1,IN_STOCK,0,1
1149,SN95YX02CG,Blanch,INT DISHWASHERS,Siemens IQ500 Integrated Dishwasher,1,IN_STOCK,0,2
1149,SN95YX02CG,Cavan,INT DISHWASHERS,Siemens IQ500 Integrated Dishwasher,1,IN_STOCK,0,3
1149,SN95YX02CG,Dundrum,INT DISHWASHERS,Siemens IQ500 Integrated Dishwasher,1,IN_STOCK,0,4
1149,SN95YX02CG,Gorey,INT DISHWASHERS,Siemens IQ500 Integrated Dishwasher,3,IN_STOCK,0,5
1149,SN95YX02CG,Navan,INT DISHWASHERS,Siemens IQ500 Integrated Dishwasher,0,OUT_OF_STOCK,0,6
1149,SN95YX02CG,Sandyford,INT DISHWASHERS,Siemens IQ500 Integrated Dishwasher,1,IN_STOCK,0,7
1150,SO107IX,Belfast,SINGLE OVENS,Nordmende St/St Single Oven,0,OUT_OF_STOCK,0,1
1150,SO107IX,Blanch,SINGLE OVENS,Nordmende St/St Single Oven,0,OUT_OF_STOCK,0,2
1150,SO107IX,Cavan,SINGLE OVENS,Nordmende St/St Single Oven,0,OUT_OF_STOCK,0,3
1150,SO107IX,Dundrum,SINGLE OVENS,Nordmende St/St Single Oven,0,OUT_OF_STOCK,0,4
1150,SO107IX,Gorey,SINGLE OVENS,Nordmende St/St Single Oven,119,IN_STOCK,0,5
1150,SO107IX,Navan,SINGLE OVENS,Nordmende St/St Single Oven,0,OUT_OF_STOCK,0,6
1150,SO107IX,Sandyford,SINGLE OVENS,Nordmende St/St Single Oven,0,OUT_OF_STOCK,0,7
1170,T25DCKMDBL,Belfast,OVEN & HOB PACK,THOR OVEN & HOB PACK,0,OUT_OF_STOCK,0,1
1170,T25DCKMDBL,Blanch,OVEN & HOB PACK,THOR OVEN & HOB PACK,0,OUT_OF_STOCK,0,2
1170,T25DCKMDBL,Cavan,OVEN & HOB PACK,THOR OVEN & HOB PACK,1,IN_STOCK,0,3
1170,T25DCKMDBL,Dundrum,OVEN & HOB PACK,THOR OVEN & HOB PACK,0,OUT_OF_STOCK,0,4
1170,T25DCKMDBL,Gorey,OVEN & HOB PACK,THOR OVEN & HOB PACK,7,IN_STOCK,0,5
1170,T25DCKMDBL,Navan,OVEN & HOB PACK,THOR OVEN & HOB PACK,0,OUT_OF_STOCK,0,6
1170,T25DCKMDBL,Sandyford,OVEN & HOB PACK,THOR OVEN & HOB PACK,0,OUT_OF_STOCK,0,7
1171,T26CIP8N0,Belfast,GAS HOBS,*Neff N70 60cm St/St Gas Hob,0,OUT_OF_STOCK,0,1
1171,T26CIP8N0,Blanch,GAS HOBS,*Neff N70 60cm St/St Gas Hob,2,IN_STOCK,0,2
1171,T26CIP8N0,Cavan,GAS HOBS,*Neff N70 60cm St/St Gas Hob,3,IN_STOCK,0,3
1171,T26CIP8N0,Dundrum,GAS HOBS,*Neff N70 60cm St/St Gas Hob,1,IN_STOCK,0,4
1171,T26CIP8N0,Gorey,GAS HOBS,*Neff N70 60cm St/St Gas Hob,1,IN_STOCK,0,5
1171,T26CIP8N0,Navan,GAS HOBS,*Neff N70 60cm St/St Gas Hob,1,IN_STOCK,0,6
1171,T26CIP8N0,Sandyford,GAS HOBS,*Neff N70 60cm St/St Gas Hob,0,OUT_OF_STOCK,0,7
1172,T27CIQ8N0,Belfast,GAS HOBS,Neff N70 75cm St/St Gas Hob,0,OUT_OF_STOCK,0,1
1172,T27CIQ8N0,Blanch,GAS HOBS,Neff N70 75cm St/St Gas Hob,1,IN_STOCK,0,2
1172,T27CIQ8N0,Cavan,GAS HOBS,Neff N70 75cm St/St Gas Hob,3,IN_STOCK,0,3
1172,T27CIQ8N0,Dundrum,GAS HOBS,Neff N70 75cm St/St Gas Hob,1,IN_STOCK,0,4
1172,T27CIQ8N0,Gorey,GAS HOBS,Neff N70 75cm St/St Gas Hob,1,IN_STOCK,0,5
1172,T27CIQ8N0,Navan,GAS HOBS,Neff N70 75cm St/St Gas Hob,0,OUT_OF_STOCK,0,6
1172,T27CIQ8N0,Sandyford,GAS HOBS,Neff N70 75cm St/St Gas Hob,0,OUT_OF_STOCK,0,7
1173,T36FBE1L0,Belfast,HOBS,*Neff N30 60cm Induction Hob,0,OUT_OF_STOCK,0,1
1173,T36FBE1L0,Blanch,HOBS,*Neff N30 60cm Induction Hob,1,IN_STOCK,0,2
1173,T36FBE1L0,Cavan,HOBS,*Neff N30 60cm Induction Hob,1,IN_STOCK,0,3
1173,T36FBE1L0,Dundrum,HOBS,*Neff N30 60cm Induction Hob,1,IN_STOCK,0,4
1173,T36FBE1L0,Gorey,HOBS,*Neff N30 60cm Induction Hob,1,IN_STOCK,0,5
1173,T36FBE1L0,Navan,HOBS,*Neff N30 60cm Induction Hob,2,IN_STOCK,0,6
1173,T36FBE1L0,Sandyford,HOBS,*Neff N30 60cm Induction Hob,0,OUT_OF_STOCK,0,7
1174,T58FHW1L0,Belfast,HOBS,Neff N70 80cm Induction Hob,1,IN_STOCK,0,1
1174,T58FHW1L0,Blanch,HOBS,Neff N70 80cm Induction Hob,0,OUT_OF_STOCK,0,2
1174,T58FHW1L0,Cavan,HOBS,Neff N70 80cm Induction Hob,4,IN_STOCK,0,3
1174,T58FHW1L0,Dundrum,HOBS,Neff N70 80cm Induction Hob,1,IN_STOCK,0,4
1174,T58FHW1L0,Gorey,HOBS,Neff N70 80cm Induction Hob,3,IN_STOCK,0,5
1174,T58FHW1L0,Navan,HOBS,Neff N70 80cm Induction Hob,1,IN_STOCK,0,6
1174,T58FHW1L0,Sandyford,HOBS,Neff N70 80cm Induction Hob,2,IN_STOCK,0,7
1207,TDHPB80WH,Belfast,TUMBLE DRYERS,NORDMENDE HEAT PUMP DRYER,0,OUT_OF_STOCK,0,1
1207,TDHPB80WH,Blanch,TUMBLE DRYERS,NORDMENDE HEAT PUMP DRYER,0,OUT_OF_STOCK,0,2
1207,TDHPB80WH,Cavan,TUMBLE DRYERS,NORDMENDE HEAT PUMP DRYER,0,OUT_OF_STOCK,0,3
1207,TDHPB80WH,Dundrum,TUMBLE DRYERS,NORDMENDE HEAT PUMP DRYER,0,OUT_OF_STOCK,0,4
1207,TDHPB80WH,Gorey,TUMBLE DRYERS,NORDMENDE HEAT PUMP DRYER,93,IN_STOCK,0,5
1207,TDHPB80WH,Navan,TUMBLE DRYERS,NORDMENDE HEAT PUMP DRYER,0,OUT_OF_STOCK,0,6
1207,TDHPB80WH,Sandyford,TUMBLE DRYERS,NORDMENDE HEAT PUMP DRYER,0,OUT_OF_STOCK,0,7
1208,TE7PB731AB,Belfast,SINGLE OVENS,AEG PYRO BLACK SINGLE OVEN,0,OUT_OF_STOCK,0,1
1208,TE7PB731AB,Blanch,SINGLE OVENS,AEG PYRO BLACK SINGLE OVEN,5,IN_STOCK,0,2
1208,TE7PB731AB,Cavan,SINGLE OVENS,AEG PYRO BLACK SINGLE OVEN,1,IN_STOCK,0,3
1208,TE7PB731AB,Dundrum,SINGLE OVENS,AEG PYRO BLACK SINGLE OVEN,1,IN_STOCK,0,4
1208,TE7PB731AB,Gorey,SINGLE OVENS,AEG PYRO BLACK SINGLE OVEN,5,IN_STOCK,0,5
1208,TE7PB731AB,Navan,SINGLE OVENS,AEG PYRO BLACK SINGLE OVEN,0,OUT_OF_STOCK,0,6
1208,TE7PB731AB,Sandyford,SINGLE OVENS,AEG PYRO BLACK SINGLE OVEN,1,IN_STOCK,0,7
1209,TE7PB731AT,Belfast,SINGLE OVENS,AEG Pyroclean Black Single Oven,1,IN_STOCK,0,1
1209,TE7PB731AT,Blanch,SINGLE OVENS,AEG Pyroclean Black Single Oven,5,IN_STOCK,0,2
1209,TE7PB731AT,Cavan,SINGLE OVENS,AEG Pyroclean Black Single Oven,0,OUT_OF_STOCK,0,3
1209,TE7PB731AT,Dundrum,SINGLE OVENS,AEG Pyroclean Black Single Oven,1,IN_STOCK,0,4
1209,TE7PB731AT,Gorey,SINGLE OVENS,AEG Pyroclean Black Single Oven,1,IN_STOCK,0,5
1209,TE7PB731AT,Navan,SINGLE OVENS,AEG Pyroclean Black Single Oven,0,OUT_OF_STOCK,0,6
1209,TE7PB731AT,Sandyford,SINGLE OVENS,AEG Pyroclean Black Single Oven,1,IN_STOCK,0,7
1210,TEA525WP,Belfast,TUMBLE DRYERS,Miele 12736680 8kg Heat Pump Tumble Dryer,0,OUT_OF_STOCK,0,1
1210,TEA525WP,Blanch,TUMBLE DRYERS,Miele 12736680 8kg Heat Pump Tumble Dryer,3,IN_STOCK,0,2
1210,TEA525WP,Cavan,TUMBLE DRYERS,Miele 12736680 8kg Heat Pump Tumble Dryer,2,IN_STOCK,0,3
1210,TEA525WP,Dundrum,TUMBLE DRYERS,Miele 12736680 8kg Heat Pump Tumble Dryer,2,IN_STOCK,0,4
1210,TEA525WP,Gorey,TUMBLE DRYERS,Miele 12736680 8kg Heat Pump Tumble Dryer,1,IN_STOCK,0,5
1210,TEA525WP,Navan,TUMBLE DRYERS,Miele 12736680 8kg Heat Pump Tumble Dryer,0,OUT_OF_STOCK,0,6
1210,TEA525WP,Sandyford,TUMBLE DRYERS,Miele 12736680 8kg Heat Pump Tumble Dryer,1,IN_STOCK,0,7
1211,TEC645WP,Belfast,TUMBLE DRYERS,Miele 12736690 8kg Heat Pump Dryer,1,IN_STOCK,0,1
1211,TEC645WP,Blanch,TUMBLE DRYERS,Miele 12736690 8kg Heat Pump Dryer,0,OUT_OF_STOCK,0,2
1211,TEC645WP,Cavan,TUMBLE DRYERS,Miele 12736690 8kg Heat Pump Dryer,1,IN_STOCK,0,3
1211,TEC645WP,Dundrum,TUMBLE DRYERS,Miele 12736690 8kg Heat Pump Dryer,1,IN_STOCK,0,4
1211,TEC645WP,Gorey,TUMBLE DRYERS,Miele 12736690 8kg Heat Pump Dryer,6,IN_STOCK,0,5
1211,TEC645WP,Navan,TUMBLE DRYERS,Miele 12736690 8kg Heat Pump Dryer,1,IN_STOCK,0,6
1211,TEC645WP,Sandyford,TUMBLE DRYERS,Miele 12736690 8kg Heat Pump Dryer,1,IN_STOCK,0,7
1212,TED645WP,Belfast,TUMBLE DRYERS,Miele 9kg Eco 12736700 Speed Heatpump Dryer,1,IN_STOCK,0,1
1212,TED645WP,Blanch,TUMBLE DRYERS,Miele 9kg Eco 12736700 Speed Heatpump Dryer,3,IN_STOCK,0,2
1212,TED645WP,Cavan,TUMBLE DRYERS,Miele 9kg Eco 12736700 Speed Heatpump Dryer,5,IN_STOCK,0,3
1212,TED645WP,Dundrum,TUMBLE DRYERS,Miele 9kg Eco 12736700 Speed Heatpump Dryer,1,IN_STOCK,0,4
1212,TED645WP,Gorey,TUMBLE DRYERS,Miele 9kg Eco 12736700 Speed Heatpump Dryer,3,IN_STOCK,0,5
1212,TED645WP,Navan,TUMBLE DRYERS,Miele 9kg Eco 12736700 Speed Heatpump Dryer,0,OUT_OF_STOCK,0,6
1212,TED645WP,Sandyford,TUMBLE DRYERS,Miele 9kg Eco 12736700 Speed Heatpump Dryer,1,IN_STOCK,0,7
1213,TEH785WP,Belfast,TUMBLE DRYERS,Miele 12736710 9kg Heat Pump Dryer,1,IN_STOCK,0,1
1213,TEH785WP,Blanch,TUMBLE DRYERS,Miele 12736710 9kg Heat Pump Dryer,2,IN_STOCK,0,2
1213,TEH785WP,Cavan,TUMBLE DRYERS,Miele 12736710 9kg Heat Pump Dryer,1,IN_STOCK,0,3
1213,TEH785WP,Dundrum,TUMBLE DRYERS,Miele 12736710 9kg Heat Pump Dryer,1,IN_STOCK,0,4
1213,TEH785WP,Gorey,TUMBLE DRYERS,Miele 12736710 9kg Heat Pump Dryer,7,IN_STOCK,0,5
1213,TEH785WP,Navan,TUMBLE DRYERS,Miele 12736710 9kg Heat Pump Dryer,0,OUT_OF_STOCK,0,6
1213,TEH785WP,Sandyford,TUMBLE DRYERS,Miele 12736710 9kg Heat Pump Dryer,1,IN_STOCK,0,7
1214,TEL785WP,Belfast,TUMBLE DRYERS,Miele 11871900 9kg Tumble Dryer,0,OUT_OF_STOCK,0,1
1214,TEL785WP,Blanch,TUMBLE DRYERS,Miele 11871900 9kg Tumble Dryer,3,IN_STOCK,0,2
1214,TEL785WP,Cavan,TUMBLE DRYERS,Miele 11871900 9kg Tumble Dryer,2,IN_STOCK,0,3
1214,TEL785WP,Dundrum,TUMBLE DRYERS,Miele 11871900 9kg Tumble Dryer,1,IN_STOCK,0,4
1214,TEL785WP,Gorey,TUMBLE DRYERS,Miele 11871900 9kg Tumble Dryer,1,IN_STOCK,0,5
1214,TEL785WP,Navan,TUMBLE DRYERS,Miele 11871900 9kg Tumble Dryer,0,OUT_OF_STOCK,0,6
1214,TEL785WP,Sandyford,TUMBLE DRYERS,Miele 11871900 9kg Tumble Dryer,1,IN_STOCK,0,7
1218,TI64IG00FZ,Belfast,HOBS,AEG 60CM INDUCTION SAPHIR MATT TRIM,0,OUT_OF_STOCK,0,1
1218,TI64IG00FZ,Blanch,HOBS,AEG 60CM INDUCTION SAPHIR MATT TRIM,1,IN_STOCK,0,2
1218,TI64IG00FZ,Cavan,HOBS,AEG 60CM INDUCTION SAPHIR MATT TRIM,6,IN_STOCK,0,3
1218,TI64IG00FZ,Dundrum,HOBS,AEG 60CM INDUCTION SAPHIR MATT TRIM,1,IN_STOCK,0,4
1218,TI64IG00FZ,Gorey,HOBS,AEG 60CM INDUCTION SAPHIR MATT TRIM,5,IN_STOCK,0,5
1218,TI64IG00FZ,Navan,HOBS,AEG 60CM INDUCTION SAPHIR MATT TRIM,5,IN_STOCK,0,6
1218,TI64IG00FZ,Sandyford,HOBS,AEG 60CM INDUCTION SAPHIR MATT TRIM,1,IN_STOCK,0,7
1219,TI84IB00FZ,Belfast,HOBS,AEG 80CM INDUCTION SAPHIR MATT,0,OUT_OF_STOCK,0,1
1219,TI84IB00FZ,Blanch,HOBS,AEG 80CM INDUCTION SAPHIR MATT,3,IN_STOCK,0,2
1219,TI84IB00FZ,Cavan,HOBS,AEG 80CM INDUCTION SAPHIR MATT,1,IN_STOCK,0,3
1219,TI84IB00FZ,Dundrum,HOBS,AEG 80CM INDUCTION SAPHIR MATT,0,OUT_OF_STOCK,0,4
1219,TI84IB00FZ,Gorey,HOBS,AEG 80CM INDUCTION SAPHIR MATT,2,IN_STOCK,0,5
1219,TI84IB00FZ,Navan,HOBS,AEG 80CM INDUCTION SAPHIR MATT,0,OUT_OF_STOCK,0,6
1219,TI84IB00FZ,Sandyford,HOBS,AEG 80CM INDUCTION SAPHIR MATT,0,OUT_OF_STOCK,0,7
1220,TK85IM00FB,Belfast,HOBS,AEG 80CM INDUCTION 5 ZONE,0,OUT_OF_STOCK,0,1
1220,TK85IM00FB,Blanch,HOBS,AEG 80CM INDUCTION 5 ZONE,4,IN_STOCK,0,2
1220,TK85IM00FB,Cavan,HOBS,AEG 80CM INDUCTION 5 ZONE,2,IN_STOCK,0,3
1220,TK85IM00FB,Dundrum,HOBS,AEG 80CM INDUCTION 5 ZONE,1,IN_STOCK,0,4
1220,TK85IM00FB,Gorey,HOBS,AEG 80CM INDUCTION 5 ZONE,3,IN_STOCK,0,5
1220,TK85IM00FB,Navan,HOBS,AEG 80CM INDUCTION 5 ZONE,0,OUT_OF_STOCK,0,6
1220,TK85IM00FB,Sandyford,HOBS,AEG 80CM INDUCTION 5 ZONE,1,IN_STOCK,0,7
1221,TK8NK721B,Belfast,SINGLE OVENS,AEG BLACK COMBI OVEN,0,OUT_OF_STOCK,0,1
1221,TK8NK721B,Blanch,SINGLE OVENS,AEG BLACK COMBI OVEN,2,IN_STOCK,0,2
1221,TK8NK721B,Cavan,SINGLE OVENS,AEG BLACK COMBI OVEN,1,IN_STOCK,0,3
1221,TK8NK721B,Dundrum,SINGLE OVENS,AEG BLACK COMBI OVEN,1,IN_STOCK,0,4
1221,TK8NK721B,Gorey,SINGLE OVENS,AEG BLACK COMBI OVEN,3,IN_STOCK,0,5
1221,TK8NK721B,Navan,SINGLE OVENS,AEG BLACK COMBI OVEN,0,OUT_OF_STOCK,0,6
1221,TK8NK721B,Sandyford,SINGLE OVENS,AEG BLACK COMBI OVEN,0,OUT_OF_STOCK,0,7
1224,TO64IA00FB,Belfast,HOBS,AEG 60cm Induction Hob,0,OUT_OF_STOCK,0,1
1224,TO64IA00FB,Blanch,HOBS,AEG 60cm Induction Hob,7,IN_STOCK,0,2
1224,TO64IA00FB,Cavan,HOBS,AEG 60cm Induction Hob,6,IN_STOCK,0,3
1224,TO64IA00FB,Dundrum,HOBS,AEG 60cm Induction Hob,1,IN_STOCK,0,4
1224,TO64IA00FB,Gorey,HOBS,AEG 60cm Induction Hob,2,IN_STOCK,0,5
1224,TO64IA00FB,Navan,HOBS,AEG 60cm Induction Hob,1,IN_STOCK,0,6
1224,TO64IA00FB,Sandyford,HOBS,AEG 60cm Induction Hob,1,IN_STOCK,0,7
1225,TO64IB00FZ,Belfast,HOBS,AEG 60CM INDUCTION SAPHIR MATT,1,IN_STOCK,0,1
1225,TO64IB00FZ,Blanch,HOBS,AEG 60CM INDUCTION SAPHIR MATT,2,IN_STOCK,0,2
1225,TO64IB00FZ,Cavan,HOBS,AEG 60CM INDUCTION SAPHIR MATT,4,IN_STOCK,0,3
1225,TO64IB00FZ,Dundrum,HOBS,AEG 60CM INDUCTION SAPHIR MATT,2,IN_STOCK,0,4
1225,TO64IB00FZ,Gorey,HOBS,AEG 60CM INDUCTION SAPHIR MATT,0,OUT_OF_STOCK,0,5
1225,TO64IB00FZ,Navan,HOBS,AEG 60CM INDUCTION SAPHIR MATT,0,OUT_OF_STOCK,0,6
1225,TO64IB00FZ,Sandyford,HOBS,AEG 60CM INDUCTION SAPHIR MATT,1,IN_STOCK,0,7
1231,TQ4160SBF,Belfast,HOBS,Hotpoint 60cm Induction Hob,1,IN_STOCK,0,1
1231,TQ4160SBF,Blanch,HOBS,Hotpoint 60cm Induction Hob,1,IN_STOCK,0,2
1231,TQ4160SBF,Cavan,HOBS,Hotpoint 60cm Induction Hob,2,IN_STOCK,0,3
1231,TQ4160SBF,Dundrum,HOBS,Hotpoint 60cm Induction Hob,1,IN_STOCK,0,4
1231,TQ4160SBF,Gorey,HOBS,Hotpoint 60cm Induction Hob,3,IN_STOCK,0,5
1231,TQ4160SBF,Navan,HOBS,Hotpoint 60cm Induction Hob,2,IN_STOCK,0,6
1231,TQ4160SBF,Sandyford,HOBS,Hotpoint 60cm Induction Hob,1,IN_STOCK,0,7
1233,TR749GU4B,Belfast,TUMBLE DRYERS,AEG DARK SILVER 9KG HEAT PUMP DRYER,0,OUT_OF_STOCK,0,1
1233,TR749GU4B,Blanch,TUMBLE DRYERS,AEG DARK SILVER 9KG HEAT PUMP DRYER,6,IN_STOCK,0,2
1233,TR749GU4B,Cavan,TUMBLE DRYERS,AEG DARK SILVER 9KG HEAT PUMP DRYER,4,IN_STOCK,0,3
1233,TR749GU4B,Dundrum,TUMBLE DRYERS,AEG DARK SILVER 9KG HEAT PUMP DRYER,1,IN_STOCK,0,4
1233,TR749GU4B,Gorey,TUMBLE DRYERS,AEG DARK SILVER 9KG HEAT PUMP DRYER,7,IN_STOCK,0,5
1233,TR749GU4B,Navan,TUMBLE DRYERS,AEG DARK SILVER 9KG HEAT PUMP DRYER,2,IN_STOCK,0,6
1233,TR749GU4B,Sandyford,TUMBLE DRYERS,AEG DARK SILVER 9KG HEAT PUMP DRYER,1,IN_STOCK,0,7
1234,TR848A4B2,Belfast,TUMBLE DRYERS,AEG 8000 Series 8kg Heat Pump Dryer,0,OUT_OF_STOCK,0,1
1234,TR848A4B2,Blanch,TUMBLE DRYERS,AEG 8000 Series 8kg Heat Pump Dryer,3,IN_STOCK,0,2
1234,TR848A4B2,Cavan,TUMBLE DRYERS,AEG 8000 Series 8kg Heat Pump Dryer,6,IN_STOCK,0,3
1234,TR848A4B2,Dundrum,TUMBLE DRYERS,AEG 8000 Series 8kg Heat Pump Dryer,1,IN_STOCK,0,4
1234,TR848A4B2,Gorey,TUMBLE DRYERS,AEG 8000 Series 8kg Heat Pump Dryer,8,IN_STOCK,0,5
1234,TR848A4B2,Navan,TUMBLE DRYERS,AEG 8000 Series 8kg Heat Pump Dryer,1,IN_STOCK,0,6
1234,TR848A4B2,Sandyford,TUMBLE DRYERS,AEG 8000 Series 8kg Heat Pump Dryer,1,IN_STOCK,0,7
1240,TS6PB521AB,Belfast,SINGLE OVENS,AEG BLACK PYRO SINGLE OVEN KNOBS,0,OUT_OF_STOCK,0,1
1240,TS6PB521AB,Blanch,SINGLE OVENS,AEG BLACK PYRO SINGLE OVEN KNOBS,0,OUT_OF_STOCK,0,2
1240,TS6PB521AB,Cavan,SINGLE OVENS,AEG BLACK PYRO SINGLE OVEN KNOBS,2,IN_STOCK,0,3
1240,TS6PB521AB,Dundrum,SINGLE OVENS,AEG BLACK PYRO SINGLE OVEN KNOBS,1,IN_STOCK,0,4
1240,TS6PB521AB,Gorey,SINGLE OVENS,AEG BLACK PYRO SINGLE OVEN KNOBS,4,IN_STOCK,0,5
1240,TS6PB521AB,Navan,SINGLE OVENS,AEG BLACK PYRO SINGLE OVEN KNOBS,0,OUT_OF_STOCK,0,6
1240,TS6PB521AB,Sandyford,SINGLE OVENS,AEG BLACK PYRO SINGLE OVEN KNOBS,1,IN_STOCK,0,7
1247,U1ACE2AN3B,Belfast,DOUBLE OVENS,*Neff N50 St/St Double Oven,0,OUT_OF_STOCK,0,1
1247,U1ACE2AN3B,Blanch,DOUBLE OVENS,*Neff N50 St/St Double Oven,2,IN_STOCK,0,2
1247,U1ACE2AN3B,Cavan,DOUBLE OVENS,*Neff N50 St/St Double Oven,1,IN_STOCK,0,3
1247,U1ACE2AN3B,Dundrum,DOUBLE OVENS,*Neff N50 St/St Double Oven,0,OUT_OF_STOCK,0,4
1247,U1ACE2AN3B,Gorey,DOUBLE OVENS,*Neff N50 St/St Double Oven,3,IN_STOCK,0,5
1247,U1ACE2AN3B,Navan,DOUBLE OVENS,*Neff N50 St/St Double Oven,0,OUT_OF_STOCK,0,6
1247,U1ACE2AN3B,Sandyford,DOUBLE OVENS,*Neff N50 St/St Double Oven,0,OUT_OF_STOCK,0,7
1248,U2ACH7AN7B,Belfast,DOUBLE OVENS,Neff St/St N50 Double Oven,1,IN_STOCK,0,1
1248,U2ACH7AN7B,Blanch,DOUBLE OVENS,Neff St/St N50 Double Oven,3,IN_STOCK,0,2
1248,U2ACH7AN7B,Cavan,DOUBLE OVENS,Neff St/St N50 Double Oven,3,IN_STOCK,0,3
1248,U2ACH7AN7B,Dundrum,DOUBLE OVENS,Neff St/St N50 Double Oven,1,IN_STOCK,0,4
1248,U2ACH7AN7B,Gorey,DOUBLE OVENS,Neff St/St N50 Double Oven,2,IN_STOCK,0,5
1248,U2ACH7AN7B,Navan,DOUBLE OVENS,Neff St/St N50 Double Oven,1,IN_STOCK,0,6
1248,U2ACH7AN7B,Sandyford,DOUBLE OVENS,Neff St/St N50 Double Oven,0,OUT_OF_STOCK,0,7
1282,V58NBS1L0,Belfast,DOWNDRAFT HOBS,Neff N50 Venting Induction Hob,0,OUT_OF_STOCK,0,1
1282,V58NBS1L0,Blanch,DOWNDRAFT HOBS,Neff N50 Venting Induction Hob,2,IN_STOCK,0,2
1282,V58NBS1L0,Cavan,DOWNDRAFT HOBS,Neff N50 Venting Induction Hob,2,IN_STOCK,0,3
1282,V58NBS1L0,Dundrum,DOWNDRAFT HOBS,Neff N50 Venting Induction Hob,0,OUT_OF_STOCK,0,4
1282,V58NBS1L0,Gorey,DOWNDRAFT HOBS,Neff N50 Venting Induction Hob,3,IN_STOCK,0,5
1282,V58NBS1L0,Navan,DOWNDRAFT HOBS,Neff N50 Venting Induction Hob,0,OUT_OF_STOCK,0,6
1282,V58NBS1L0,Sandyford,DOWNDRAFT HOBS,Neff N50 Venting Induction Hob,0,OUT_OF_STOCK,0,7
1283,V58NHQ4L0,Belfast,DOWNDRAFT HOBS,Neff N70 80cm Vented Hob,0,OUT_OF_STOCK,0,1
1283,V58NHQ4L0,Blanch,DOWNDRAFT HOBS,Neff N70 80cm Vented Hob,2,IN_STOCK,0,2
1283,V58NHQ4L0,Cavan,DOWNDRAFT HOBS,Neff N70 80cm Vented Hob,3,IN_STOCK,0,3
1283,V58NHQ4L0,Dundrum,DOWNDRAFT HOBS,Neff N70 80cm Vented Hob,0,OUT_OF_STOCK,0,4
1283,V58NHQ4L0,Gorey,DOWNDRAFT HOBS,Neff N70 80cm Vented Hob,2,IN_STOCK,0,5
1283,V58NHQ4L0,Navan,DOWNDRAFT HOBS,Neff N70 80cm Vented Hob,0,OUT_OF_STOCK,0,6
1283,V58NHQ4L0,Sandyford,DOWNDRAFT HOBS,Neff N70 80cm Vented Hob,0,OUT_OF_STOCK,0,7
1284,V58PHQ4C0,Belfast,DOWNDRAFT HOBS,Neff N70 80cm Flush Venting Hob,2,IN_STOCK,0,1
1284,V58PHQ4C0,Blanch,DOWNDRAFT HOBS,Neff N70 80cm Flush Venting Hob,0,OUT_OF_STOCK,0,2
1284,V58PHQ4C0,Cavan,DOWNDRAFT HOBS,Neff N70 80cm Flush Venting Hob,3,IN_STOCK,0,3
1284,V58PHQ4C0,Dundrum,DOWNDRAFT HOBS,Neff N70 80cm Flush Venting Hob,0,OUT_OF_STOCK,0,4
1284,V58PHQ4C0,Gorey,DOWNDRAFT HOBS,Neff N70 80cm Flush Venting Hob,3,IN_STOCK,0,5
1284,V58PHQ4C0,Navan,DOWNDRAFT HOBS,Neff N70 80cm Flush Venting Hob,1,IN_STOCK,0,6
1284,V58PHQ4C0,Sandyford,DOWNDRAFT HOBS,Neff N70 80cm Flush Venting Hob,1,IN_STOCK,0,7
1285,V68AUX4C0,Belfast,DOWNDRAFT HOBS,Neff N90 Vented Hob,1,IN_STOCK,0,1
1285,V68AUX4C0,Blanch,DOWNDRAFT HOBS,Neff N90 Vented Hob,2,IN_STOCK,0,2
1285,V68AUX4C0,Cavan,DOWNDRAFT HOBS,Neff N90 Vented Hob,1,IN_STOCK,0,3
1285,V68AUX4C0,Dundrum,DOWNDRAFT HOBS,Neff N90 Vented Hob,0,OUT_OF_STOCK,0,4
1285,V68AUX4C0,Gorey,DOWNDRAFT HOBS,Neff N90 Vented Hob,4,IN_STOCK,0,5
1285,V68AUX4C0,Navan,DOWNDRAFT HOBS,Neff N90 Vented Hob,0,OUT_OF_STOCK,0,6
1285,V68AUX4C0,Sandyford,DOWNDRAFT HOBS,Neff N90 Vented Hob,1,IN_STOCK,0,7
1287,VM131BL,Belfast,INT MICROWAVES,CDA Black Integrated Microwave,2,IN_STOCK,0,1
1287,VM131BL,Blanch,INT MICROWAVES,CDA Black Integrated Microwave,5,IN_STOCK,0,2
1287,VM131BL,Cavan,INT MICROWAVES,CDA Black Integrated Microwave,0,OUT_OF_STOCK,0,3
1287,VM131BL,Dundrum,INT MICROWAVES,CDA Black Integrated Microwave,2,IN_STOCK,0,4
1287,VM131BL,Gorey,INT MICROWAVES,CDA Black Integrated Microwave,9,IN_STOCK,0,5
1287,VM131BL,Navan,INT MICROWAVES,CDA Black Integrated Microwave,1,IN_STOCK,0,6
1287,VM131BL,Sandyford,INT MICROWAVES,CDA Black Integrated Microwave,1,IN_STOCK,0,7
1288,VM131SS,Belfast,INT MICROWAVES,CDA St/St Integrated Microwave,1,IN_STOCK,0,1
1288,VM131SS,Blanch,INT MICROWAVES,CDA St/St Integrated Microwave,4,IN_STOCK,0,2
1288,VM131SS,Cavan,INT MICROWAVES,CDA St/St Integrated Microwave,1,IN_STOCK,0,3
1288,VM131SS,Dundrum,INT MICROWAVES,CDA St/St Integrated Microwave,1,IN_STOCK,0,4
1288,VM131SS,Gorey,INT MICROWAVES,CDA St/St Integrated Microwave,3,IN_STOCK,0,5
1288,VM131SS,Navan,INT MICROWAVES,CDA St/St Integrated Microwave,0,OUT_OF_STOCK,0,6
1288,VM131SS,Sandyford,INT MICROWAVES,CDA St/St Integrated Microwave,1,IN_STOCK,0,7
1292,W0M27GADSIRE,Belfast,WASHING MACHINES,Whirlpool 12kg 1400Spin Auto Dose Washer,0,OUT_OF_STOCK,0,1
1292,W0M27GADSIRE,Blanch,WASHING MACHINES,Whirlpool 12kg 1400Spin Auto Dose Washer,2,IN_STOCK,0,2
1292,W0M27GADSIRE,Cavan,WASHING MACHINES,Whirlpool 12kg 1400Spin Auto Dose Washer,2,IN_STOCK,0,3
1292,W0M27GADSIRE,Dundrum,WASHING MACHINES,Whirlpool 12kg 1400Spin Auto Dose Washer,1,IN_STOCK,0,4
1292,W0M27GADSIRE,Gorey,WASHING MACHINES,Whirlpool 12kg 1400Spin Auto Dose Washer,1,IN_STOCK,0,5
1292,W0M27GADSIRE,Navan,WASHING MACHINES,Whirlpool 12kg 1400Spin Auto Dose Washer,1,IN_STOCK,0,6
1292,W0M27GADSIRE,Sandyford,WASHING MACHINES,Whirlpool 12kg 1400Spin Auto Dose Washer,0,OUT_OF_STOCK,0,7
1293,W11MW161UK,Belfast,INT MICROWAVES,Whirlpool Integrated Microwave,1,IN_STOCK,0,1
1293,W11MW161UK,Blanch,INT MICROWAVES,Whirlpool Integrated Microwave,1,IN_STOCK,0,2
1293,W11MW161UK,Cavan,INT MICROWAVES,Whirlpool Integrated Microwave,1,IN_STOCK,0,3
1293,W11MW161UK,Dundrum,INT MICROWAVES,Whirlpool Integrated Microwave,1,IN_STOCK,0,4
1293,W11MW161UK,Gorey,INT MICROWAVES,Whirlpool Integrated Microwave,1,IN_STOCK,0,5
1293,W11MW161UK,Navan,INT MICROWAVES,Whirlpool Integrated Microwave,0,OUT_OF_STOCK,0,6
1293,W11MW161UK,Sandyford,INT MICROWAVES,Whirlpool Integrated Microwave,1,IN_STOCK,0,7
1294,W2FHD626UK,Belfast,DISHWASHERS,Whirlpool 14 Place Dish (Replace WFC3B19),1,IN_STOCK,0,1
1294,W2FHD626UK,Blanch,DISHWASHERS,Whirlpool 14 Place Dish (Replace WFC3B19),0,OUT_OF_STOCK,0,2
1294,W2FHD626UK,Cavan,DISHWASHERS,Whirlpool 14 Place Dish (Replace WFC3B19),2,IN_STOCK,0,3
1294,W2FHD626UK,Dundrum,DISHWASHERS,Whirlpool 14 Place Dish (Replace WFC3B19),0,OUT_OF_STOCK,0,4
1294,W2FHD626UK,Gorey,DISHWASHERS,Whirlpool 14 Place Dish (Replace WFC3B19),3,IN_STOCK,0,5
1294,W2FHD626UK,Navan,DISHWASHERS,Whirlpool 14 Place Dish (Replace WFC3B19),0,OUT_OF_STOCK,0,6
1294,W2FHD626UK,Sandyford,DISHWASHERS,Whirlpool 14 Place Dish (Replace WFC3B19),0,OUT_OF_STOCK,0,7
1296,W7IHF60TUSUK,Belfast,INT DISHWASHERS,Whirlpool Maxi Tub A Rated Hydro Rack Dish,1,IN_STOCK,0,1
1296,W7IHF60TUSUK,Blanch,INT DISHWASHERS,Whirlpool Maxi Tub A Rated Hydro Rack Dish,1,IN_STOCK,0,2
1296,W7IHF60TUSUK,Cavan,INT DISHWASHERS,Whirlpool Maxi Tub A Rated Hydro Rack Dish,8,IN_STOCK,0,3
1296,W7IHF60TUSUK,Dundrum,INT DISHWASHERS,Whirlpool Maxi Tub A Rated Hydro Rack Dish,1,IN_STOCK,0,4
1296,W7IHF60TUSUK,Gorey,INT DISHWASHERS,Whirlpool Maxi Tub A Rated Hydro Rack Dish,4,IN_STOCK,0,5
1296,W7IHF60TUSUK,Navan,INT DISHWASHERS,Whirlpool Maxi Tub A Rated Hydro Rack Dish,0,OUT_OF_STOCK,0,6
1296,W7IHF60TUSUK,Sandyford,INT DISHWASHERS,Whirlpool Maxi Tub A Rated Hydro Rack Dish,1,IN_STOCK,0,7
1297,W809ADSSILENCEUK,Belfast,WASHING MACHINES,Whirlpool Graphite 10kg 1400 Spin Washer,0,OUT_OF_STOCK,0,1
1297,W809ADSSILENCEUK,Blanch,WASHING MACHINES,Whirlpool Graphite 10kg 1400 Spin Washer,2,IN_STOCK,0,2
1297,W809ADSSILENCEUK,Cavan,WASHING MACHINES,Whirlpool Graphite 10kg 1400 Spin Washer,1,IN_STOCK,0,3
1297,W809ADSSILENCEUK,Dundrum,WASHING MACHINES,Whirlpool Graphite 10kg 1400 Spin Washer,1,IN_STOCK,0,4
1297,W809ADSSILENCEUK,Gorey,WASHING MACHINES,Whirlpool Graphite 10kg 1400 Spin Washer,1,IN_STOCK,0,5
1297,W809ADSSILENCEUK,Navan,WASHING MACHINES,Whirlpool Graphite 10kg 1400 Spin Washer,1,IN_STOCK,0,6
1297,W809ADSSILENCEUK,Sandyford,WASHING MACHINES,Whirlpool Graphite 10kg 1400 Spin Washer,1,IN_STOCK,0,7
1298,W8FHP51XUK,Belfast,DISHWASHERS,Whirlpool Inox 60cm 15Pl Dishwasher,0,OUT_OF_STOCK,0,1
1298,W8FHP51XUK,Blanch,DISHWASHERS,Whirlpool Inox 60cm 15Pl Dishwasher,2,IN_STOCK,0,2
1298,W8FHP51XUK,Cavan,DISHWASHERS,Whirlpool Inox 60cm 15Pl Dishwasher,1,IN_STOCK,0,3
1298,W8FHP51XUK,Dundrum,DISHWASHERS,Whirlpool Inox 60cm 15Pl Dishwasher,1,IN_STOCK,0,4
1298,W8FHP51XUK,Gorey,DISHWASHERS,Whirlpool Inox 60cm 15Pl Dishwasher,2,IN_STOCK,0,5
1298,W8FHP51XUK,Navan,DISHWASHERS,Whirlpool Inox 60cm 15Pl Dishwasher,2,IN_STOCK,0,6
1298,W8FHP51XUK,Sandyford,DISHWASHERS,Whirlpool Inox 60cm 15Pl Dishwasher,0,OUT_OF_STOCK,0,7
1299,W8FHS61BSUK,Belfast,DISHWASHERS,Whirlpool Black Steel 60cm 15 Pl Dishwasher,0,OUT_OF_STOCK,0,1
1299,W8FHS61BSUK,Blanch,DISHWASHERS,Whirlpool Black Steel 60cm 15 Pl Dishwasher,2,IN_STOCK,0,2
1299,W8FHS61BSUK,Cavan,DISHWASHERS,Whirlpool Black Steel 60cm 15 Pl Dishwasher,1,IN_STOCK,0,3
1299,W8FHS61BSUK,Dundrum,DISHWASHERS,Whirlpool Black Steel 60cm 15 Pl Dishwasher,1,IN_STOCK,0,4
1299,W8FHS61BSUK,Gorey,DISHWASHERS,Whirlpool Black Steel 60cm 15 Pl Dishwasher,2,IN_STOCK,0,5
1299,W8FHS61BSUK,Navan,DISHWASHERS,Whirlpool Black Steel 60cm 15 Pl Dishwasher,1,IN_STOCK,0,6
1299,W8FHS61BSUK,Sandyford,DISHWASHERS,Whirlpool Black Steel 60cm 15 Pl Dishwasher,0,OUT_OF_STOCK,0,7
1300,W8IB15M6LUK,Belfast,INT DISHWASHERS,Whirlpool Maxi Tub Integrated Dishwasher,0,OUT_OF_STOCK,0,1
1300,W8IB15M6LUK,Blanch,INT DISHWASHERS,Whirlpool Maxi Tub Integrated Dishwasher,4,IN_STOCK,0,2
1300,W8IB15M6LUK,Cavan,INT DISHWASHERS,Whirlpool Maxi Tub Integrated Dishwasher,6,IN_STOCK,0,3
1300,W8IB15M6LUK,Dundrum,INT DISHWASHERS,Whirlpool Maxi Tub Integrated Dishwasher,0,OUT_OF_STOCK,0,4
1300,W8IB15M6LUK,Gorey,INT DISHWASHERS,Whirlpool Maxi Tub Integrated Dishwasher,2,IN_STOCK,0,5
1300,W8IB15M6LUK,Navan,INT DISHWASHERS,Whirlpool Maxi Tub Integrated Dishwasher,0,OUT_OF_STOCK,0,6
1300,W8IB15M6LUK,Sandyford,INT DISHWASHERS,Whirlpool Maxi Tub Integrated Dishwasher,0,OUT_OF_STOCK,0,7
1301,W8IHP42LUK,Belfast,INT DISHWASHERS,Whirlpool Int Dish Maxi Space (Replace WIO3041),1,IN_STOCK,0,1
1301,W8IHP42LUK,Blanch,INT DISHWASHERS,Whirlpool Int Dish Maxi Space (Replace WIO3041),0,OUT_OF_STOCK,0,2
1301,W8IHP42LUK,Cavan,INT DISHWASHERS,Whirlpool Int Dish Maxi Space (Replace WIO3041),0,OUT_OF_STOCK,0,3
1301,W8IHP42LUK,Dundrum,INT DISHWASHERS,Whirlpool Int Dish Maxi Space (Replace WIO3041),2,IN_STOCK,0,4
1301,W8IHP42LUK,Gorey,INT DISHWASHERS,Whirlpool Int Dish Maxi Space (Replace WIO3041),1,IN_STOCK,0,5
1301,W8IHP42LUK,Navan,INT DISHWASHERS,Whirlpool Int Dish Maxi Space (Replace WIO3041),1,IN_STOCK,0,6
1301,W8IHP42LUK,Sandyford,INT DISHWASHERS,Whirlpool Int Dish Maxi Space (Replace WIO3041),1,IN_STOCK,0,7
1302,W9OM24S1PBSS,Belfast,SINGLE OVENS,Whirlpool Pyroclean Black 73L Single Oven,6,IN_STOCK,0,1
1302,W9OM24S1PBSS,Blanch,SINGLE OVENS,Whirlpool Pyroclean Black 73L Single Oven,3,IN_STOCK,0,2
1302,W9OM24S1PBSS,Cavan,SINGLE OVENS,Whirlpool Pyroclean Black 73L Single Oven,10,IN_STOCK,0,3
1302,W9OM24S1PBSS,Dundrum,SINGLE OVENS,Whirlpool Pyroclean Black 73L Single Oven,1,IN_STOCK,0,4
1302,W9OM24S1PBSS,Gorey,SINGLE OVENS,Whirlpool Pyroclean Black 73L Single Oven,8,IN_STOCK,0,5
1302,W9OM24S1PBSS,Navan,SINGLE OVENS,Whirlpool Pyroclean Black 73L Single Oven,1,IN_STOCK,0,6
1302,W9OM24S1PBSS,Sandyford,SINGLE OVENS,Whirlpool Pyroclean Black 73L Single Oven,1,IN_STOCK,0,7
1304,WAN28259GB,Belfast,WASHING MACHINES,*Bosch Series 4 9kg 1400 Spin Washing Machine,4,IN_STOCK,0,1
1304,WAN28259GB,Blanch,WASHING MACHINES,*Bosch Series 4 9kg 1400 Spin Washing Machine,1,IN_STOCK,0,2
1304,WAN28259GB,Cavan,WASHING MACHINES,*Bosch Series 4 9kg 1400 Spin Washing Machine,6,IN_STOCK,0,3
1304,WAN28259GB,Dundrum,WASHING MACHINES,*Bosch Series 4 9kg 1400 Spin Washing Machine,0,OUT_OF_STOCK,0,4
1304,WAN28259GB,Gorey,WASHING MACHINES,*Bosch Series 4 9kg 1400 Spin Washing Machine,0,OUT_OF_STOCK,0,5
1304,WAN28259GB,Navan,WASHING MACHINES,*Bosch Series 4 9kg 1400 Spin Washing Machine,0,OUT_OF_STOCK,0,6
1304,WAN28259GB,Sandyford,WASHING MACHINES,*Bosch Series 4 9kg 1400 Spin Washing Machine,1,IN_STOCK,0,7
1306,WCA132WCS,Belfast,WASHING MACHINES,Miele 12946120 8kg 1400Spin Washing Machine,2,IN_STOCK,0,1
1306,WCA132WCS,Blanch,WASHING MACHINES,Miele 12946120 8kg 1400Spin Washing Machine,1,IN_STOCK,0,2
1306,WCA132WCS,Cavan,WASHING MACHINES,Miele 12946120 8kg 1400Spin Washing Machine,1,IN_STOCK,0,3
1306,WCA132WCS,Dundrum,WASHING MACHINES,Miele 12946120 8kg 1400Spin Washing Machine,1,IN_STOCK,0,4
1306,WCA132WCS,Gorey,WASHING MACHINES,Miele 12946120 8kg 1400Spin Washing Machine,0,OUT_OF_STOCK,0,5
1306,WCA132WCS,Navan,WASHING MACHINES,Miele 12946120 8kg 1400Spin Washing Machine,0,OUT_OF_STOCK,0,6
1306,WCA132WCS,Sandyford,WASHING MACHINES,Miele 12946120 8kg 1400Spin Washing Machine,1,IN_STOCK,0,7
1307,WCW7O7HTSBUK,Belfast,SINGLE OVENS,Whirlpool Black Combi Microwave Steam,1,IN_STOCK,0,1
1307,WCW7O7HTSBUK,Blanch,SINGLE OVENS,Whirlpool Black Combi Microwave Steam,2,IN_STOCK,0,2
1307,WCW7O7HTSBUK,Cavan,SINGLE OVENS,Whirlpool Black Combi Microwave Steam,1,IN_STOCK,0,3
1307,WCW7O7HTSBUK,Dundrum,SINGLE OVENS,Whirlpool Black Combi Microwave Steam,1,IN_STOCK,0,4
1307,WCW7O7HTSBUK,Gorey,SINGLE OVENS,Whirlpool Black Combi Microwave Steam,1,IN_STOCK,0,5
1307,WCW7O7HTSBUK,Navan,SINGLE OVENS,Whirlpool Black Combi Microwave Steam,0,OUT_OF_STOCK,0,6
1307,WCW7O7HTSBUK,Sandyford,SINGLE OVENS,Whirlpool Black Combi Microwave Steam,0,OUT_OF_STOCK,0,7
1308,WCW9OWPHTSBUK,Belfast,SINGLE OVENS,Whirlpool Black Combi Microwave,0,OUT_OF_STOCK,0,1
1308,WCW9OWPHTSBUK,Blanch,SINGLE OVENS,Whirlpool Black Combi Microwave,0,OUT_OF_STOCK,0,2
1308,WCW9OWPHTSBUK,Cavan,SINGLE OVENS,Whirlpool Black Combi Microwave,1,IN_STOCK,0,3
1308,WCW9OWPHTSBUK,Dundrum,SINGLE OVENS,Whirlpool Black Combi Microwave,0,OUT_OF_STOCK,0,4
1308,WCW9OWPHTSBUK,Gorey,SINGLE OVENS,Whirlpool Black Combi Microwave,3,IN_STOCK,0,5
1308,WCW9OWPHTSBUK,Navan,SINGLE OVENS,Whirlpool Black Combi Microwave,1,IN_STOCK,0,6
1308,WCW9OWPHTSBUK,Sandyford,SINGLE OVENS,Whirlpool Black Combi Microwave,1,IN_STOCK,0,7
1314,WEA125WCS,Belfast,WASHING MACHINES,Miele 12721200 8kg 1400 Spin Washing Machine,0,OUT_OF_STOCK,0,1
1314,WEA125WCS,Blanch,WASHING MACHINES,Miele 12721200 8kg 1400 Spin Washing Machine,1,IN_STOCK,0,2
1314,WEA125WCS,Cavan,WASHING MACHINES,Miele 12721200 8kg 1400 Spin Washing Machine,1,IN_STOCK,0,3
1314,WEA125WCS,Dundrum,WASHING MACHINES,Miele 12721200 8kg 1400 Spin Washing Machine,0,OUT_OF_STOCK,0,4
1314,WEA125WCS,Gorey,WASHING MACHINES,Miele 12721200 8kg 1400 Spin Washing Machine,4,IN_STOCK,0,5
1314,WEA125WCS,Navan,WASHING MACHINES,Miele 12721200 8kg 1400 Spin Washing Machine,0,OUT_OF_STOCK,0,6
1314,WEA125WCS,Sandyford,WASHING MACHINES,Miele 12721200 8kg 1400 Spin Washing Machine,1,IN_STOCK,0,7
1315,WEB365WCS,Belfast,WASHING MACHINES,Miele 12721210 8kg 1400 Spin Washer,2,IN_STOCK,0,1
1315,WEB365WCS,Blanch,WASHING MACHINES,Miele 12721210 8kg 1400 Spin Washer,2,IN_STOCK,0,2
1315,WEB365WCS,Cavan,WASHING MACHINES,Miele 12721210 8kg 1400 Spin Washer,3,IN_STOCK,0,3
1315,WEB365WCS,Dundrum,WASHING MACHINES,Miele 12721210 8kg 1400 Spin Washer,1,IN_STOCK,0,4
1315,WEB365WCS,Gorey,WASHING MACHINES,Miele 12721210 8kg 1400 Spin Washer,4,IN_STOCK,0,5
1315,WEB365WCS,Navan,WASHING MACHINES,Miele 12721210 8kg 1400 Spin Washer,0,OUT_OF_STOCK,0,6
1315,WEB365WCS,Sandyford,WASHING MACHINES,Miele 12721210 8kg 1400 Spin Washer,1,IN_STOCK,0,7
1316,WED385WCS,Belfast,WASHING MACHINES,Miele 12721260 9kg Washer,0,OUT_OF_STOCK,0,1
1316,WED385WCS,Blanch,WASHING MACHINES,Miele 12721260 9kg Washer,3,IN_STOCK,0,2
1316,WED385WCS,Cavan,WASHING MACHINES,Miele 12721260 9kg Washer,1,IN_STOCK,0,3
1316,WED385WCS,Dundrum,WASHING MACHINES,Miele 12721260 9kg Washer,0,OUT_OF_STOCK,0,4
1316,WED385WCS,Gorey,WASHING MACHINES,Miele 12721260 9kg Washer,3,IN_STOCK,0,5
1316,WED385WCS,Navan,WASHING MACHINES,Miele 12721260 9kg Washer,0,OUT_OF_STOCK,0,6
1316,WED385WCS,Sandyford,WASHING MACHINES,Miele 12721260 9kg Washer,0,OUT_OF_STOCK,0,7
1317,WEG885WCS,Belfast,WASHING MACHINES,Miele 12721270 9kg 1400 Spin Washing Machine,1,IN_STOCK,0,1
1317,WEG885WCS,Blanch,WASHING MACHINES,Miele 12721270 9kg 1400 Spin Washing Machine,2,IN_STOCK,0,2
1317,WEG885WCS,Cavan,WASHING MACHINES,Miele 12721270 9kg 1400 Spin Washing Machine,1,IN_STOCK,0,3
1317,WEG885WCS,Dundrum,WASHING MACHINES,Miele 12721270 9kg 1400 Spin Washing Machine,1,IN_STOCK,0,4
1317,WEG885WCS,Gorey,WASHING MACHINES,Miele 12721270 9kg 1400 Spin Washing Machine,8,IN_STOCK,0,5
1317,WEG885WCS,Navan,WASHING MACHINES,Miele 12721270 9kg 1400 Spin Washing Machine,1,IN_STOCK,0,6
1317,WEG885WCS,Sandyford,WASHING MACHINES,Miele 12721270 9kg 1400 Spin Washing Machine,1,IN_STOCK,0,7
1319,WEJ885WCS,Belfast,WASHING MACHINES,Miele 12774970 9kg 1600 Spin Washing Machine,0,OUT_OF_STOCK,0,1
1319,WEJ885WCS,Blanch,WASHING MACHINES,Miele 12774970 9kg 1600 Spin Washing Machine,2,IN_STOCK,0,2
1319,WEJ885WCS,Cavan,WASHING MACHINES,Miele 12774970 9kg 1600 Spin Washing Machine,1,IN_STOCK,0,3
1319,WEJ885WCS,Dundrum,WASHING MACHINES,Miele 12774970 9kg 1600 Spin Washing Machine,1,IN_STOCK,0,4
1319,WEJ885WCS,Gorey,WASHING MACHINES,Miele 12774970 9kg 1600 Spin Washing Machine,1,IN_STOCK,0,5
1319,WEJ885WCS,Navan,WASHING MACHINES,Miele 12774970 9kg 1600 Spin Washing Machine,0,OUT_OF_STOCK,0,6
1319,WEJ885WCS,Sandyford,WASHING MACHINES,Miele 12774970 9kg 1600 Spin Washing Machine,1,IN_STOCK,0,7
1320,WEK365WCS,Belfast,WASHING MACHINES,Miele (12392780) 10kg 1400 Spin Washer,1,IN_STOCK,0,1
1320,WEK365WCS,Blanch,WASHING MACHINES,Miele (12392780) 10kg 1400 Spin Washer,0,OUT_OF_STOCK,0,2
1320,WEK365WCS,Cavan,WASHING MACHINES,Miele (12392780) 10kg 1400 Spin Washer,1,IN_STOCK,0,3
1320,WEK365WCS,Dundrum,WASHING MACHINES,Miele (12392780) 10kg 1400 Spin Washer,1,IN_STOCK,0,4
1320,WEK365WCS,Gorey,WASHING MACHINES,Miele (12392780) 10kg 1400 Spin Washer,5,IN_STOCK,0,5
1320,WEK365WCS,Navan,WASHING MACHINES,Miele (12392780) 10kg 1400 Spin Washer,0,OUT_OF_STOCK,0,6
1320,WEK365WCS,Sandyford,WASHING MACHINES,Miele (12392780) 10kg 1400 Spin Washer,1,IN_STOCK,0,7
1331,WG46G2Z1GB,Belfast,WASHING MACHINES,Siemens iQ500 9g 1600 Spin Washing Machine,2,IN_STOCK,0,1
1331,WG46G2Z1GB,Blanch,WASHING MACHINES,Siemens iQ500 9g 1600 Spin Washing Machine,0,OUT_OF_STOCK,0,2
1331,WG46G2Z1GB,Cavan,WASHING MACHINES,Siemens iQ500 9g 1600 Spin Washing Machine,1,IN_STOCK,0,3
1331,WG46G2Z1GB,Dundrum,WASHING MACHINES,Siemens iQ500 9g 1600 Spin Washing Machine,0,OUT_OF_STOCK,0,4
1331,WG46G2Z1GB,Gorey,WASHING MACHINES,Siemens iQ500 9g 1600 Spin Washing Machine,2,IN_STOCK,0,5
1331,WG46G2Z1GB,Navan,WASHING MACHINES,Siemens iQ500 9g 1600 Spin Washing Machine,0,OUT_OF_STOCK,0,6
1331,WG46G2Z1GB,Sandyford,WASHING MACHINES,Siemens iQ500 9g 1600 Spin Washing Machine,1,IN_STOCK,0,7
1332,WG56G2Z0GB,Belfast,WASHING MACHINES,Siemens iQ500 10kg 1600 Spin Washer,1,IN_STOCK,0,1
1332,WG56G2Z0GB,Blanch,WASHING MACHINES,Siemens iQ500 10kg 1600 Spin Washer,0,OUT_OF_STOCK,0,2
1332,WG56G2Z0GB,Cavan,WASHING MACHINES,Siemens iQ500 10kg 1600 Spin Washer,1,IN_STOCK,0,3
1332,WG56G2Z0GB,Dundrum,WASHING MACHINES,Siemens iQ500 10kg 1600 Spin Washer,1,IN_STOCK,0,4
1332,WG56G2Z0GB,Gorey,WASHING MACHINES,Siemens iQ500 10kg 1600 Spin Washer,3,IN_STOCK,0,5
1332,WG56G2Z0GB,Navan,WASHING MACHINES,Siemens iQ500 10kg 1600 Spin Washer,0,OUT_OF_STOCK,0,6
1332,WG56G2Z0GB,Sandyford,WASHING MACHINES,Siemens iQ500 10kg 1600 Spin Washer,2,IN_STOCK,0,7
1333,WGG24400GB,Belfast,WASHING MACHINES,Bosch Series 6 9kg 1400 Spin,2,IN_STOCK,0,1
1333,WGG24400GB,Blanch,WASHING MACHINES,Bosch Series 6 9kg 1400 Spin,1,IN_STOCK,0,2
1333,WGG24400GB,Cavan,WASHING MACHINES,Bosch Series 6 9kg 1400 Spin,1,IN_STOCK,0,3
1333,WGG24400GB,Dundrum,WASHING MACHINES,Bosch Series 6 9kg 1400 Spin,1,IN_STOCK,0,4
1333,WGG24400GB,Gorey,WASHING MACHINES,Bosch Series 6 9kg 1400 Spin,1,IN_STOCK,0,5
1333,WGG24400GB,Navan,WASHING MACHINES,Bosch Series 6 9kg 1400 Spin,1,IN_STOCK,0,6
1333,WGG24400GB,Sandyford,WASHING MACHINES,Bosch Series 6 9kg 1400 Spin,1,IN_STOCK,0,7
1336,WGG244ZCGB,Belfast,WASHING MACHINES,*Bosch Cast Iron 9kg 1400 Spin Washer,3,IN_STOCK,0,1
1336,WGG244ZCGB,Blanch,WASHING MACHINES,*Bosch Cast Iron 9kg 1400 Spin Washer,2,IN_STOCK,0,2
1336,WGG244ZCGB,Cavan,WASHING MACHINES,*Bosch Cast Iron 9kg 1400 Spin Washer,3,IN_STOCK,0,3
1336,WGG244ZCGB,Dundrum,WASHING MACHINES,*Bosch Cast Iron 9kg 1400 Spin Washer,1,IN_STOCK,0,4
1336,WGG244ZCGB,Gorey,WASHING MACHINES,*Bosch Cast Iron 9kg 1400 Spin Washer,2,IN_STOCK,0,5
1336,WGG244ZCGB,Navan,WASHING MACHINES,*Bosch Cast Iron 9kg 1400 Spin Washer,0,OUT_OF_STOCK,0,6
1336,WGG244ZCGB,Sandyford,WASHING MACHINES,*Bosch Cast Iron 9kg 1400 Spin Washer,0,OUT_OF_STOCK,0,7
1337,WGG254F1GB,Belfast,WASHING MACHINES,*Bosch iDos 10kg 1400 Spin Washing Machine,1,IN_STOCK,0,1
1337,WGG254F1GB,Blanch,WASHING MACHINES,*Bosch iDos 10kg 1400 Spin Washing Machine,2,IN_STOCK,0,2
1337,WGG254F1GB,Cavan,WASHING MACHINES,*Bosch iDos 10kg 1400 Spin Washing Machine,2,IN_STOCK,0,3
1337,WGG254F1GB,Dundrum,WASHING MACHINES,*Bosch iDos 10kg 1400 Spin Washing Machine,1,IN_STOCK,0,4
1337,WGG254F1GB,Gorey,WASHING MACHINES,*Bosch iDos 10kg 1400 Spin Washing Machine,2,IN_STOCK,0,5
1337,WGG254F1GB,Navan,WASHING MACHINES,*Bosch iDos 10kg 1400 Spin Washing Machine,0,OUT_OF_STOCK,0,6
1337,WGG254F1GB,Sandyford,WASHING MACHINES,*Bosch iDos 10kg 1400 Spin Washing Machine,0,OUT_OF_STOCK,0,7
1340,WGG254Z1GB,Belfast,WASHING MACHINES,*Bosch Series 6 10kg 1400 Spin Washer,2,IN_STOCK,0,1
1340,WGG254Z1GB,Blanch,WASHING MACHINES,*Bosch Series 6 10kg 1400 Spin Washer,2,IN_STOCK,0,2
1340,WGG254Z1GB,Cavan,WASHING MACHINES,*Bosch Series 6 10kg 1400 Spin Washer,1,IN_STOCK,0,3
1340,WGG254Z1GB,Dundrum,WASHING MACHINES,*Bosch Series 6 10kg 1400 Spin Washer,1,IN_STOCK,0,4
1340,WGG254Z1GB,Gorey,WASHING MACHINES,*Bosch Series 6 10kg 1400 Spin Washer,5,IN_STOCK,0,5
1340,WGG254Z1GB,Navan,WASHING MACHINES,*Bosch Series 6 10kg 1400 Spin Washer,0,OUT_OF_STOCK,0,6
1340,WGG254Z1GB,Sandyford,WASHING MACHINES,*Bosch Series 6 10kg 1400 Spin Washer,0,OUT_OF_STOCK,0,7
1343,WGH254ARGB,Belfast,WASHING MACHINES,Bosch 10kg 1400Spin Cast Iron Gray Washer,0,OUT_OF_STOCK,0,1
1343,WGH254ARGB,Blanch,WASHING MACHINES,Bosch 10kg 1400Spin Cast Iron Gray Washer,1,IN_STOCK,0,2
1343,WGH254ARGB,Cavan,WASHING MACHINES,Bosch 10kg 1400Spin Cast Iron Gray Washer,1,IN_STOCK,0,3
1343,WGH254ARGB,Dundrum,WASHING MACHINES,Bosch 10kg 1400Spin Cast Iron Gray Washer,1,IN_STOCK,0,4
1343,WGH254ARGB,Gorey,WASHING MACHINES,Bosch 10kg 1400Spin Cast Iron Gray Washer,1,IN_STOCK,0,5
1343,WGH254ARGB,Navan,WASHING MACHINES,Bosch 10kg 1400Spin Cast Iron Gray Washer,1,IN_STOCK,0,6
1343,WGH254ARGB,Sandyford,WASHING MACHINES,Bosch 10kg 1400Spin Cast Iron Gray Washer,1,IN_STOCK,0,7
1348,WHC18D041A1,Belfast,INT FRIDGE FREEZERS,Whirlpool 70/30 Int FF ART6550,0,OUT_OF_STOCK,0,1
1348,WHC18D041A1,Blanch,INT FRIDGE FREEZERS,Whirlpool 70/30 Int FF ART6550,3,IN_STOCK,0,2
1348,WHC18D041A1,Cavan,INT FRIDGE FREEZERS,Whirlpool 70/30 Int FF ART6550,2,IN_STOCK,0,3
1348,WHC18D041A1,Dundrum,INT FRIDGE FREEZERS,Whirlpool 70/30 Int FF ART6550,1,IN_STOCK,0,4
1348,WHC18D041A1,Gorey,INT FRIDGE FREEZERS,Whirlpool 70/30 Int FF ART6550,10,IN_STOCK,0,5
1348,WHC18D041A1,Navan,INT FRIDGE FREEZERS,Whirlpool 70/30 Int FF ART6550,2,IN_STOCK,0,6
1348,WHC18D041A1,Sandyford,INT FRIDGE FREEZERS,Whirlpool 70/30 Int FF ART6550,1,IN_STOCK,0,7
1349,WHC20T322UK,Belfast,INT FRIDGE FREEZERS,Whirlpool 1935H Integratred Fridge Freezer,1,IN_STOCK,0,1
1349,WHC20T322UK,Blanch,INT FRIDGE FREEZERS,Whirlpool 1935H Integratred Fridge Freezer,1,IN_STOCK,0,2
1349,WHC20T322UK,Cavan,INT FRIDGE FREEZERS,Whirlpool 1935H Integratred Fridge Freezer,4,IN_STOCK,0,3
1349,WHC20T322UK,Dundrum,INT FRIDGE FREEZERS,Whirlpool 1935H Integratred Fridge Freezer,1,IN_STOCK,0,4
1349,WHC20T322UK,Gorey,INT FRIDGE FREEZERS,Whirlpool 1935H Integratred Fridge Freezer,2,IN_STOCK,0,5
1349,WHC20T322UK,Navan,INT FRIDGE FREEZERS,Whirlpool 1935H Integratred Fridge Freezer,0,OUT_OF_STOCK,0,6
1349,WHC20T322UK,Sandyford,INT FRIDGE FREEZERS,Whirlpool 1935H Integratred Fridge Freezer,1,IN_STOCK,0,7
1361,WHG26513XK4UK,Belfast,USA F/F,Whirlpool Black 1823 x 832 USA FF,0,OUT_OF_STOCK,0,1
1361,WHG26513XK4UK,Blanch,USA F/F,Whirlpool Black 1823 x 832 USA FF,1,IN_STOCK,0,2
1361,WHG26513XK4UK,Cavan,USA F/F,Whirlpool Black 1823 x 832 USA FF,2,IN_STOCK,0,3
1361,WHG26513XK4UK,Dundrum,USA F/F,Whirlpool Black 1823 x 832 USA FF,1,IN_STOCK,0,4
1361,WHG26513XK4UK,Gorey,USA F/F,Whirlpool Black 1823 x 832 USA FF,1,IN_STOCK,0,5
1361,WHG26513XK4UK,Navan,USA F/F,Whirlpool Black 1823 x 832 USA FF,1,IN_STOCK,0,6
1361,WHG26513XK4UK,Sandyford,USA F/F,Whirlpool Black 1823 x 832 USA FF,0,OUT_OF_STOCK,0,7
1362,WHSD18A033C1,Belfast,INT FRIDGES,Whirlpool Tall Integrated Larder Fridge,0,OUT_OF_STOCK,0,1
1362,WHSD18A033C1,Blanch,INT FRIDGES,Whirlpool Tall Integrated Larder Fridge,2,IN_STOCK,0,2
1362,WHSD18A033C1,Cavan,INT FRIDGES,Whirlpool Tall Integrated Larder Fridge,2,IN_STOCK,0,3
1362,WHSD18A033C1,Dundrum,INT FRIDGES,Whirlpool Tall Integrated Larder Fridge,1,IN_STOCK,0,4
1362,WHSD18A033C1,Gorey,INT FRIDGES,Whirlpool Tall Integrated Larder Fridge,2,IN_STOCK,0,5
1362,WHSD18A033C1,Navan,INT FRIDGES,Whirlpool Tall Integrated Larder Fridge,-1,CUSTOMER_ORDER_OUTSTANDING,1,6
1362,WHSD18A033C1,Sandyford,INT FRIDGES,Whirlpool Tall Integrated Larder Fridge,0,OUT_OF_STOCK,0,7
1363,WHSD18F023C1,Belfast,INT FREEZERS,Whirlpool Integrated Tall Freezer,0,OUT_OF_STOCK,0,1
1363,WHSD18F023C1,Blanch,INT FREEZERS,Whirlpool Integrated Tall Freezer,2,IN_STOCK,0,2
1363,WHSD18F023C1,Cavan,INT FREEZERS,Whirlpool Integrated Tall Freezer,6,IN_STOCK,0,3
1363,WHSD18F023C1,Dundrum,INT FREEZERS,Whirlpool Integrated Tall Freezer,1,IN_STOCK,0,4
1363,WHSD18F023C1,Gorey,INT FREEZERS,Whirlpool Integrated Tall Freezer,3,IN_STOCK,0,5
1363,WHSD18F023C1,Navan,INT FREEZERS,Whirlpool Integrated Tall Freezer,-1,CUSTOMER_ORDER_OUTSTANDING,1,6
1363,WHSD18F023C1,Sandyford,INT FREEZERS,Whirlpool Integrated Tall Freezer,0,OUT_OF_STOCK,0,7
1364,WHSP70T122UK,Belfast,INT FRIDGE FREEZERS,Whirlpool 70cm Integrated Fridge Freezer,1,IN_STOCK,0,1
1364,WHSP70T122UK,Blanch,INT FRIDGE FREEZERS,Whirlpool 70cm Integrated Fridge Freezer,1,IN_STOCK,0,2
1364,WHSP70T122UK,Cavan,INT FRIDGE FREEZERS,Whirlpool 70cm Integrated Fridge Freezer,1,IN_STOCK,0,3
1364,WHSP70T122UK,Dundrum,INT FRIDGE FREEZERS,Whirlpool 70cm Integrated Fridge Freezer,1,IN_STOCK,0,4
1364,WHSP70T122UK,Gorey,INT FRIDGE FREEZERS,Whirlpool 70cm Integrated Fridge Freezer,1,IN_STOCK,0,5
1364,WHSP70T122UK,Navan,INT FRIDGE FREEZERS,Whirlpool 70cm Integrated Fridge Freezer,0,OUT_OF_STOCK,0,6
1364,WHSP70T122UK,Sandyford,INT FRIDGE FREEZERS,Whirlpool 70cm Integrated Fridge Freezer,1,IN_STOCK,0,7
1383,WMA1270WH,Belfast,WASHING MACHINES,Nordmende CONTRACT White 7kg 1200 Spin Washing Mac,0,OUT_OF_STOCK,0,1
1383,WMA1270WH,Blanch,WASHING MACHINES,Nordmende CONTRACT White 7kg 1200 Spin Washing Mac,1,IN_STOCK,0,2
1383,WMA1270WH,Cavan,WASHING MACHINES,Nordmende CONTRACT White 7kg 1200 Spin Washing Mac,2,IN_STOCK,0,3
1383,WMA1270WH,Dundrum,WASHING MACHINES,Nordmende CONTRACT White 7kg 1200 Spin Washing Mac,0,OUT_OF_STOCK,0,4
1383,WMA1270WH,Gorey,WASHING MACHINES,Nordmende CONTRACT White 7kg 1200 Spin Washing Mac,126,IN_STOCK,0,5
1383,WMA1270WH,Navan,WASHING MACHINES,Nordmende CONTRACT White 7kg 1200 Spin Washing Mac,0,OUT_OF_STOCK,0,6
1383,WMA1270WH,Sandyford,WASHING MACHINES,Nordmende CONTRACT White 7kg 1200 Spin Washing Mac,0,OUT_OF_STOCK,0,7
1385,WOI78FPT1SBA,Belfast,SINGLE OVENS,Whirlpool Black Single Pyroclean Oven,3,IN_STOCK,0,1
1385,WOI78FPT1SBA,Blanch,SINGLE OVENS,Whirlpool Black Single Pyroclean Oven,1,IN_STOCK,0,2
1385,WOI78FPT1SBA,Cavan,SINGLE OVENS,Whirlpool Black Single Pyroclean Oven,2,IN_STOCK,0,3
1385,WOI78FPT1SBA,Dundrum,SINGLE OVENS,Whirlpool Black Single Pyroclean Oven,1,IN_STOCK,0,4
1385,WOI78FPT1SBA,Gorey,SINGLE OVENS,Whirlpool Black Single Pyroclean Oven,1,IN_STOCK,0,5
1385,WOI78FPT1SBA,Navan,SINGLE OVENS,Whirlpool Black Single Pyroclean Oven,1,IN_STOCK,0,6
1385,WOI78FPT1SBA,Sandyford,SINGLE OVENS,Whirlpool Black Single Pyroclean Oven,0,OUT_OF_STOCK,0,7
1387,WQ45G200GB,Belfast,TUMBLE DRYERS,Siemens iQ500 9kg Heat Pump Dryer,1,IN_STOCK,0,1
1387,WQ45G200GB,Blanch,TUMBLE DRYERS,Siemens iQ500 9kg Heat Pump Dryer,6,IN_STOCK,0,2
1387,WQ45G200GB,Cavan,TUMBLE DRYERS,Siemens iQ500 9kg Heat Pump Dryer,2,IN_STOCK,0,3
1387,WQ45G200GB,Dundrum,TUMBLE DRYERS,Siemens iQ500 9kg Heat Pump Dryer,1,IN_STOCK,0,4
1387,WQ45G200GB,Gorey,TUMBLE DRYERS,Siemens iQ500 9kg Heat Pump Dryer,2,IN_STOCK,0,5
1387,WQ45G200GB,Navan,TUMBLE DRYERS,Siemens iQ500 9kg Heat Pump Dryer,1,IN_STOCK,0,6
1387,WQ45G200GB,Sandyford,TUMBLE DRYERS,Siemens iQ500 9kg Heat Pump Dryer,0,OUT_OF_STOCK,0,7
1388,WQG24500GB,Belfast,TUMBLE DRYERS,*Bosch Series 6 9kg White Heat Pump Dryer,2,IN_STOCK,0,1
1388,WQG24500GB,Blanch,TUMBLE DRYERS,*Bosch Series 6 9kg White Heat Pump Dryer,9,IN_STOCK,0,2
1388,WQG24500GB,Cavan,TUMBLE DRYERS,*Bosch Series 6 9kg White Heat Pump Dryer,3,IN_STOCK,0,3
1388,WQG24500GB,Dundrum,TUMBLE DRYERS,*Bosch Series 6 9kg White Heat Pump Dryer,1,IN_STOCK,0,4
1388,WQG24500GB,Gorey,TUMBLE DRYERS,*Bosch Series 6 9kg White Heat Pump Dryer,7,IN_STOCK,0,5
1388,WQG24500GB,Navan,TUMBLE DRYERS,*Bosch Series 6 9kg White Heat Pump Dryer,0,OUT_OF_STOCK,0,6
1388,WQG24500GB,Sandyford,TUMBLE DRYERS,*Bosch Series 6 9kg White Heat Pump Dryer,0,OUT_OF_STOCK,0,7
1391,WQG245R1GB,Belfast,TUMBLE DRYERS,*Bosch Cast Iron 9kg Heat Pump Dryer,3,IN_STOCK,0,1
1391,WQG245R1GB,Blanch,TUMBLE DRYERS,*Bosch Cast Iron 9kg Heat Pump Dryer,8,IN_STOCK,0,2
1391,WQG245R1GB,Cavan,TUMBLE DRYERS,*Bosch Cast Iron 9kg Heat Pump Dryer,6,IN_STOCK,0,3
1391,WQG245R1GB,Dundrum,TUMBLE DRYERS,*Bosch Cast Iron 9kg Heat Pump Dryer,1,IN_STOCK,0,4
1391,WQG245R1GB,Gorey,TUMBLE DRYERS,*Bosch Cast Iron 9kg Heat Pump Dryer,13,IN_STOCK,0,5
1391,WQG245R1GB,Navan,TUMBLE DRYERS,*Bosch Cast Iron 9kg Heat Pump Dryer,0,OUT_OF_STOCK,0,6
1391,WQG245R1GB,Sandyford,TUMBLE DRYERS,*Bosch Cast Iron 9kg Heat Pump Dryer,0,OUT_OF_STOCK,0,7
1392,WQH246DRIE,Belfast,TUMBLE DRYERS,Bosch Series 6 9kg Cast Iron Grey Dryer,1,IN_STOCK,0,1
1392,WQH246DRIE,Blanch,TUMBLE DRYERS,Bosch Series 6 9kg Cast Iron Grey Dryer,5,IN_STOCK,0,2
1392,WQH246DRIE,Cavan,TUMBLE DRYERS,Bosch Series 6 9kg Cast Iron Grey Dryer,3,IN_STOCK,0,3
1392,WQH246DRIE,Dundrum,TUMBLE DRYERS,Bosch Series 6 9kg Cast Iron Grey Dryer,1,IN_STOCK,0,4
1392,WQH246DRIE,Gorey,TUMBLE DRYERS,Bosch Series 6 9kg Cast Iron Grey Dryer,7,IN_STOCK,0,5
1392,WQH246DRIE,Navan,TUMBLE DRYERS,Bosch Series 6 9kg Cast Iron Grey Dryer,1,IN_STOCK,0,6
1392,WQH246DRIE,Sandyford,TUMBLE DRYERS,Bosch Series 6 9kg Cast Iron Grey Dryer,1,IN_STOCK,0,7
1393,WSQ2160NE,Belfast,HOBS,WHIRLPOOL 60CM INDUCTION HOB,0,OUT_OF_STOCK,0,1
1393,WSQ2160NE,Blanch,HOBS,WHIRLPOOL 60CM INDUCTION HOB,1,IN_STOCK,0,2
1393,WSQ2160NE,Cavan,HOBS,WHIRLPOOL 60CM INDUCTION HOB,2,IN_STOCK,0,3
1393,WSQ2160NE,Dundrum,HOBS,WHIRLPOOL 60CM INDUCTION HOB,1,IN_STOCK,0,4
1393,WSQ2160NE,Gorey,HOBS,WHIRLPOOL 60CM INDUCTION HOB,2,IN_STOCK,0,5
1393,WSQ2160NE,Navan,HOBS,WHIRLPOOL 60CM INDUCTION HOB,2,IN_STOCK,0,6
1393,WSQ2160NE,Sandyford,HOBS,WHIRLPOOL 60CM INDUCTION HOB,0,OUT_OF_STOCK,0,7
1395,WTH85224GB,Belfast,TUMBLE DRYERS,*Bosch Series 4 8kg White Heat Pump Dryer,6,IN_STOCK,0,1
1395,WTH85224GB,Blanch,TUMBLE DRYERS,*Bosch Series 4 8kg White Heat Pump Dryer,2,IN_STOCK,0,2
1395,WTH85224GB,Cavan,TUMBLE DRYERS,*Bosch Series 4 8kg White Heat Pump Dryer,3,IN_STOCK,0,3
1395,WTH85224GB,Dundrum,TUMBLE DRYERS,*Bosch Series 4 8kg White Heat Pump Dryer,2,IN_STOCK,0,4
1395,WTH85224GB,Gorey,TUMBLE DRYERS,*Bosch Series 4 8kg White Heat Pump Dryer,5,IN_STOCK,0,5
1395,WTH85224GB,Navan,TUMBLE DRYERS,*Bosch Series 4 8kg White Heat Pump Dryer,2,IN_STOCK,0,6
1395,WTH85224GB,Sandyford,TUMBLE DRYERS,*Bosch Series 4 8kg White Heat Pump Dryer,1,IN_STOCK,0,7
1397,WTH85225IE,Belfast,TUMBLE DRYERS,*Bosch Series 4 8kg Heat Pump Dryer,2,IN_STOCK,0,1
1397,WTH85225IE,Blanch,TUMBLE DRYERS,*Bosch Series 4 8kg Heat Pump Dryer,2,IN_STOCK,0,2
1397,WTH85225IE,Cavan,TUMBLE DRYERS,*Bosch Series 4 8kg Heat Pump Dryer,1,IN_STOCK,0,3
1397,WTH85225IE,Dundrum,TUMBLE DRYERS,*Bosch Series 4 8kg Heat Pump Dryer,1,IN_STOCK,0,4
1397,WTH85225IE,Gorey,TUMBLE DRYERS,*Bosch Series 4 8kg Heat Pump Dryer,0,OUT_OF_STOCK,0,5
1397,WTH85225IE,Navan,TUMBLE DRYERS,*Bosch Series 4 8kg Heat Pump Dryer,0,OUT_OF_STOCK,0,6
1397,WTH85225IE,Sandyford,TUMBLE DRYERS,*Bosch Series 4 8kg Heat Pump Dryer,1,IN_STOCK,0,7
1401,WW11DB8B95GBU1,Belfast,WASHING MACHINES,Samsung Blk Stl Series 8 11Kg 1400 Spin Washer,1,IN_STOCK,0,1
1401,WW11DB8B95GBU1,Blanch,WASHING MACHINES,Samsung Blk Stl Series 8 11Kg 1400 Spin Washer,2,IN_STOCK,0,2
1401,WW11DB8B95GBU1,Cavan,WASHING MACHINES,Samsung Blk Stl Series 8 11Kg 1400 Spin Washer,4,IN_STOCK,0,3
1401,WW11DB8B95GBU1,Dundrum,WASHING MACHINES,Samsung Blk Stl Series 8 11Kg 1400 Spin Washer,0,OUT_OF_STOCK,0,4
1401,WW11DB8B95GBU1,Gorey,WASHING MACHINES,Samsung Blk Stl Series 8 11Kg 1400 Spin Washer,5,IN_STOCK,0,5
1401,WW11DB8B95GBU1,Navan,WASHING MACHINES,Samsung Blk Stl Series 8 11Kg 1400 Spin Washer,1,IN_STOCK,0,6
1401,WW11DB8B95GBU1,Sandyford,WASHING MACHINES,Samsung Blk Stl Series 8 11Kg 1400 Spin Washer,1,IN_STOCK,0,7
1411,WW90CGC04DAEEU,Belfast,WASHING MACHINES,Samsung 9kg Eco Bubble Washer White,2,IN_STOCK,0,1
1411,WW90CGC04DAEEU,Blanch,WASHING MACHINES,Samsung 9kg Eco Bubble Washer White,1,IN_STOCK,0,2
1411,WW90CGC04DAEEU,Cavan,WASHING MACHINES,Samsung 9kg Eco Bubble Washer White,2,IN_STOCK,0,3
1411,WW90CGC04DAEEU,Dundrum,WASHING MACHINES,Samsung 9kg Eco Bubble Washer White,1,IN_STOCK,0,4
1411,WW90CGC04DAEEU,Gorey,WASHING MACHINES,Samsung 9kg Eco Bubble Washer White,5,IN_STOCK,0,5
1411,WW90CGC04DAEEU,Navan,WASHING MACHINES,Samsung 9kg Eco Bubble Washer White,1,IN_STOCK,0,6
1411,WW90CGC04DAEEU,Sandyford,WASHING MACHINES,Samsung 9kg Eco Bubble Washer White,1,IN_STOCK,0,7
1414,WW90DG6U85LBU1,Belfast,WASHING MACHINES,Samsung Series 6 Graphite Washing Machine,2,IN_STOCK,0,1
1414,WW90DG6U85LBU1,Blanch,WASHING MACHINES,Samsung Series 6 Graphite Washing Machine,1,IN_STOCK,0,2
1414,WW90DG6U85LBU1,Cavan,WASHING MACHINES,Samsung Series 6 Graphite Washing Machine,1,IN_STOCK,0,3
1414,WW90DG6U85LBU1,Dundrum,WASHING MACHINES,Samsung Series 6 Graphite Washing Machine,1,IN_STOCK,0,4
1414,WW90DG6U85LBU1,Gorey,WASHING MACHINES,Samsung Series 6 Graphite Washing Machine,1,IN_STOCK,0,5
1414,WW90DG6U85LBU1,Navan,WASHING MACHINES,Samsung Series 6 Graphite Washing Machine,1,IN_STOCK,0,6
1414,WW90DG6U85LBU1,Sandyford,WASHING MACHINES,Samsung Series 6 Graphite Washing Machine,0,OUT_OF_STOCK,0,7
1426,XRFSF5220,Belfast,FRIDGE FREEZERS,Liebherr SXB SFNSFD5227&RSFD5220,1,IN_STOCK,0,1
1426,XRFSF5220,Blanch,FRIDGE FREEZERS,Liebherr SXB SFNSFD5227&RSFD5220,1,IN_STOCK,0,2
1426,XRFSF5220,Cavan,FRIDGE FREEZERS,Liebherr SXB SFNSFD5227&RSFD5220,1,IN_STOCK,0,3
1426,XRFSF5220,Dundrum,FRIDGE FREEZERS,Liebherr SXB SFNSFD5227&RSFD5220,1,IN_STOCK,0,4
1426,XRFSF5220,Gorey,FRIDGE FREEZERS,Liebherr SXB SFNSFD5227&RSFD5220,2,IN_STOCK,0,5
1426,XRFSF5220,Navan,FRIDGE FREEZERS,Liebherr SXB SFNSFD5227&RSFD5220,0,OUT_OF_STOCK,0,6
1426,XRFSF5220,Sandyford,FRIDGE FREEZERS,Liebherr SXB SFNSFD5227&RSFD5220,1,IN_STOCK,0,7
1427,YC-MS02U-S,Belfast,MICROWAVE OVENS,Sharp 20L 800W Silver Microwave,0,OUT_OF_STOCK,0,1
1427,YC-MS02U-S,Blanch,MICROWAVE OVENS,Sharp 20L 800W Silver Microwave,0,OUT_OF_STOCK,0,2
1427,YC-MS02U-S,Cavan,MICROWAVE OVENS,Sharp 20L 800W Silver Microwave,0,OUT_OF_STOCK,0,3
1427,YC-MS02U-S,Dundrum,MICROWAVE OVENS,Sharp 20L 800W Silver Microwave,0,OUT_OF_STOCK,0,4
1427,YC-MS02U-S,Gorey,MICROWAVE OVENS,Sharp 20L 800W Silver Microwave,145,IN_STOCK,0,5
1427,YC-MS02U-S,Navan,MICROWAVE OVENS,Sharp 20L 800W Silver Microwave,0,OUT_OF_STOCK,0,6
1427,YC-MS02U-S,Sandyford,MICROWAVE OVENS,Sharp 20L 800W Silver Microwave,0,OUT_OF_STOCK,0,7
1428,YC-MS252AU-B,Belfast,MICROWAVE OVENS,SHARP MICROWAVE 25LTR,0,OUT_OF_STOCK,0,1
1428,YC-MS252AU-B,Blanch,MICROWAVE OVENS,SHARP MICROWAVE 25LTR,10,IN_STOCK,0,2
1428,YC-MS252AU-B,Cavan,MICROWAVE OVENS,SHARP MICROWAVE 25LTR,0,OUT_OF_STOCK,0,3
1428,YC-MS252AU-B,Dundrum,MICROWAVE OVENS,SHARP MICROWAVE 25LTR,5,IN_STOCK,0,4
1428,YC-MS252AU-B,Gorey,MICROWAVE OVENS,SHARP MICROWAVE 25LTR,8,IN_STOCK,0,5
1428,YC-MS252AU-B,Navan,MICROWAVE OVENS,SHARP MICROWAVE 25LTR,0,OUT_OF_STOCK,0,6
1428,YC-MS252AU-B,Sandyford,MICROWAVE OVENS,SHARP MICROWAVE 25LTR,0,OUT_OF_STOCK,0,7
1435,ZMSN5SX,Belfast,INT MICROWAVES,ZANUSSI INT MICROWAVE,2,IN_STOCK,0,1
1435,ZMSN5SX,Blanch,INT MICROWAVES,ZANUSSI INT MICROWAVE,3,IN_STOCK,0,2
1435,ZMSN5SX,Cavan,INT MICROWAVES,ZANUSSI INT MICROWAVE,4,IN_STOCK,0,3
1435,ZMSN5SX,Dundrum,INT MICROWAVES,ZANUSSI INT MICROWAVE,1,IN_STOCK,0,4
1435,ZMSN5SX,Gorey,INT MICROWAVES,ZANUSSI INT MICROWAVE,7,IN_STOCK,0,5
1435,ZMSN5SX,Navan,INT MICROWAVES,ZANUSSI INT MICROWAVE,4,IN_STOCK,0,6
1435,ZMSN5SX,Sandyford,INT MICROWAVES,ZANUSSI INT MICROWAVE,0,OUT_OF_STOCK,0,7
