Sales_Record_ID,Product_ID,Product_Key,Source_Month,Category,Stock Code,Description,Record_Type,Level,Sold Period,Transaction_Status,Unit Cost,Unit Price,Cost Sales,Sales Value,Profit,Profit %,Cost_Sales_Reconciliation_Flag
1,1223,TLS169BOXE,Nov,ACCESSORIES,TLS169BOXE,Boxed Uni Floor Tool 30-38MM,PRODUCT,0,1,POSITIVE_SALES_ACTIVITY,9.31,29.99,9.31,24.99,15.68,62.75,MATCH
2,17,112.204,Nov,ACCESSORIES,112.204,TV Arial Lead 4.0m,PRODUCT,3,1,POSITIVE_SALES_ACTIVITY,1.28,2.99,1.28,2.49,1.21,48.59,MATCH
3,385,DLSC500,Nov,ACCESSORIES,DLSC500,Delonghi Descaler,PRODUCT,5,1,POSITIVE_SALES_ACTIVITY,7.77,14.49,7.77,7.5,-0.27,-3.6,MATCH
4,246,AF01,Nov,ACCESSORIES,AF01,VACUUM FRESHENERS AF101,PRODUCT,3,2,POSITIVE_SALES_ACTIVITY,2.3,3.49,4.6,3.32,-1.28,-38.55,MATCH
5,1076,SES007NEU0,Nov,ACCESSORIES,SES007NEU0,Sage Descaler (pack of 4),PRODUCT,6,2,POSITIVE_SALES_ACTIVITY,9.39,14.49,18.78,23.32,4.54,19.47,MATCH
6,1074,SEC250NEU0,Nov,ACCESSORIES,SEC250NEU0,Sage Espresso Cleaning Tablets,PRODUCT,0,2,POSITIVE_SALES_ACTIVITY,9.39,16.99,18.78,23.32,4.54,19.47,MATCH
7,1077,SES008WHT0SAGE,Nov,ACCESSORIES,SES008WHT0Sage,Claro Swiss Water Filter,PRODUCT,11,3,POSITIVE_SALES_ACTIVITY,9.39,14.49,28.17,35.01,6.84,19.54,MATCH
8,1162,SV93605G,Nov,ACCESSORIES,SV93605G,OFA Digi ANT Indoor Amp to 45dB,PRODUCT,3,1,POSITIVE_SALES_ACTIVITY,19.17,33.99,19.17,28.33,9.16,32.33,MATCH
9,526,GO524,Nov,ACCESSORIES,GO524,GO IRE to EU Travel Adaptor,PRODUCT,1,1,POSITIVE_SALES_ACTIVITY,4.96,9.49,4.96,7.49,2.53,33.78,MATCH
10,120,430009,Nov,ACCESSORIES,430009,MERCURY 4 GANG SURGE 2M,PRODUCT,2,1,POSITIVE_SALES_ACTIVITY,6.22,12.99,6.22,9.17,2.95,32.17,MATCH
11,13,110200,Nov,BAGS,110200,Port Designs Belize Satchel Bag 15.6,PRODUCT,4,1,POSITIVE_SALES_ACTIVITY,9.72,22.99,9.72,15.83,6.11,38.6,MATCH
12,578,HDP100WG,Nov,BLENDERS,HDP100WG,Kenwood Hand Blender,PRODUCT,1,1,POSITIVE_SALES_ACTIVITY,15.54,33.99,15.54,19.16,3.62,18.89,MATCH
13,310,BN750UK,Nov,BLENDERS,BN750UK,Ninja 2-in-1 Multi Serve Blender with,PRODUCT,4,1,POSITIVE_SALES_ACTIVITY,90.65,135.99,90.65,82.5,-8.15,-9.88,MATCH
14,5,01950,Nov,BLENDERS,01950,NUTRIBULLET PRO 4pc Starter Kit,PRODUCT,0,1,POSITIVE_SALES_ACTIVITY,45.9,76.49,45.9,57.5,11.6,20.17,MATCH
15,95,27141,Nov,BLENDERS,27141,Russell Hobbs 3 in 1 Matt Charcoal,PRODUCT,3,1,POSITIVE_SALES_ACTIVITY,30.06,50.99,30.06,29.16,-0.9,-3.09,MATCH
16,787,MQ10.001PW,Nov,BLENDERS,MQ10.001PW,Braun Multiquick 1,PRODUCT,4,1,POSITIVE_SALES_ACTIVITY,8.81,25.99,8.81,15.83,7.02,44.35,MATCH
17,1194,TAPOL530E,Nov,BULBS,TAPOL530E,Tapo Smart WiFi Multicolur Screw,PRODUCT,0,1,POSITIVE_SALES_ACTIVITY,7.04,19.99,7.04,7.49,0.45,6.01,MATCH
18,663,JEGJD1660,Nov,BULBS,JEGJD1660,Jeggs CD2 40W Cooker Hood Bulbs,PRODUCT,4,2,POSITIVE_SALES_ACTIVITY,1.96,3.49,3.92,5.82,1.9,32.65,MATCH
19,665,JEGJDB125W,Nov,BULBS,JEGJDB125W,CDU12 CLEAR LED FILAMENT GLS,PRODUCT,10,1,POSITIVE_SALES_ACTIVITY,2.58,4.99,2.58,4.16,1.58,37.98,MATCH
20,666,JEGJDB128W,Nov,BULBS,JEGJDB128W,CDU12 CLEAR LED FILAMENT GLS,PRODUCT,9,3,POSITIVE_SALES_ACTIVITY,2.15,4.99,6.45,12.48,6.03,48.32,MATCH
21,779,MM502R,Nov,CABLES,MM502R,Deltaco 2xRCA to 2xRCA 1M,PRODUCT,1,1,POSITIVE_SALES_ACTIVITY,3.5,5.99,3.5,4.99,1.49,29.86,MATCH
22,782,MM524R,Nov,CABLES,MM524R,"Deltaco 3,5mm Male to Male Stereo",PRODUCT,1,0,ZERO_UNIT_FINANCIAL_ADJUSTMENT,3.64,5.99,0.0,0.01,0.01,100.0,MATCH
23,387,DPHDMI45R,Nov,CABLES,DPHDMI45R,Deltaco Mini DisplayPort to HDMI,PRODUCT,0,2,POSITIVE_SALES_ACTIVITY,9.78,16.49,19.56,28.32,8.76,30.93,MATCH
24,117,429776,Nov,CABLES,429776,6Gang/Surge/2m,PRODUCT,1,1,POSITIVE_SALES_ACTIVITY,7.34,12.99,7.34,14.16,6.82,48.16,MATCH
25,1227,TOTO13R,Nov,CABLES,TOTO13R,3mt TOSLINK to TOSLINK cable,PRODUCT,0,1,POSITIVE_SALES_ACTIVITY,7.63,12.99,7.63,10.83,3.2,29.55,MATCH
26,781,MM522R,Nov,CABLES,MM522R,"Deltaco 3,5mm Male to Male Stereo",PRODUCT,1,1,POSITIVE_SALES_ACTIVITY,3.28,0.49,3.28,4.99,1.71,34.27,MATCH
27,577,HDMI1020R,Nov,CABLES,HDMI1020R,"2mt HDMI cable, HDMI High Speed",PRODUCT,2,1,POSITIVE_SALES_ACTIVITY,6.01,0.49,6.01,10.83,4.82,44.51,MATCH
28,543,GVMA001WE,Nov,CABLES,GVMA001WE,Groove USB-C to USB-A Charging,PRODUCT,1,1,POSITIVE_SALES_ACTIVITY,3.54,6.99,3.54,5.83,2.29,39.28,MATCH
29,546,GVMA041WE,Nov,CABLES,GVMA041WE,Groove 1mt MFI Apple to USB-A,PRODUCT,0,1,POSITIVE_SALES_ACTIVITY,7.05,12.99,7.05,10.83,3.78,34.9,MATCH
30,547,GVMA042WE,Nov,CABLES,GVMA042WE,Groove 2mt MFI Apple to USB-A,PRODUCT,2,1,POSITIVE_SALES_ACTIVITY,9.14,16.99,9.14,14.16,5.02,35.45,MATCH
31,545,GVMA025WE,Nov,CABLES,GVMA025WE,Groove 3mt 100w USB-C to USB-C,PRODUCT,0,1,POSITIVE_SALES_ACTIVITY,6.57,12.49,6.57,10.83,4.26,39.34,MATCH
32,386,DP3020R,Nov,CABLES,DP3020R,Deltaco DisplayPort to HDMI Cable,PRODUCT,0,2,POSITIVE_SALES_ACTIVITY,9.55,20.99,19.1,26.67,7.57,28.38,MATCH
33,549,GVMA082WE,Nov,CABLES,GVMA082WE,Groove USB-C to 3.5mm Female,PRODUCT,1,1,POSITIVE_SALES_ACTIVITY,2.48,6.99,2.48,4.99,2.51,50.3,MATCH
34,892,P11400ML2W-POWERPOINT,Nov,CHEST FREEZERS,P11400ML2W-Powerpoint,400L 1365mm Wide,PRODUCT,0,1,POSITIVE_SALES_ACTIVITY,289.0,423.99,289.0,333.33,44.33,13.3,MATCH
35,1072,SEA501BSS0,Nov,COFFEE ACCESSORIES,SEA501BSS0,Sage The Knock Box 10,PRODUCT,-1,2,POSITIVE_SALES_ACTIVITY,19.13,31.49,38.26,49.98,11.72,23.45,MATCH
36,44,20680,Nov,COFFEE MAKERS,20680,RUSSELL HOBBS COFFEE MAKER,PRODUCT,3,1,POSITIVE_SALES_ACTIVITY,32.65,64.99,32.65,34.99,2.34,6.69,MATCH
37,294,BES875UK,Nov,COFFEE MAKERS,BES875UK,Sage St/St Barista Express Coffee,PRODUCT,2,1,POSITIVE_SALES_ACTIVITY,336.84,500.99,336.84,374.17,37.33,9.98,MATCH
38,312,BNE800BSSUSAGE,Nov,COFFEE MAKERS,BNE800BSSUSage,Creatista Plus Nespresso,PRODUCT,2,1,POSITIVE_SALES_ACTIVITY,207.32,424.49,207.32,415.83,208.51,50.14,MATCH
39,424,EC9155.MB,Nov,COFFEE MAKERS,EC9155.MB,DeLonghi La Specailista Arte Coffee,PRODUCT,2,2,POSITIVE_SALES_ACTIVITY,252.67,509.49,505.34,557.5,52.16,9.36,MATCH
40,1082,SES876DBL4,Nov,COFFEE MAKERS,SES876DBL4,Sage Barista Express Impress,PRODUCT,1,1,POSITIVE_SALES_ACTIVITY,386.85,704.99,386.85,499.99,113.14,22.63,MATCH
41,1090,SES881BSS4,Nov,COFFEE MAKERS,SES881BSS4,Sage Barista Touch Impress,PRODUCT,0,1,POSITIVE_SALES_ACTIVITY,673.78,1104.99,673.78,832.5,158.72,19.07,MATCH
42,463,ES601UK,Nov,COFFEE MAKERS,ES601UK,Ninja Luxe Café Premier series,PRODUCT,4,1,POSITIVE_SALES_ACTIVITY,368.39,551.99,368.39,415.83,47.44,11.41,MATCH
43,438,EDG210.WB,Nov,COFFEE MAKERS,EDG210.WB,DELONGHI PICCOLO XS NESCAFE,PRODUCT,1,1,POSITIVE_SALES_ACTIVITY,21.35,33.99,21.35,49.99,28.64,57.29,MATCH
44,425,EC9455.M,Nov,COFFEE MAKERS,EC9455.M,Delonghi La Specilista Touch,PRODUCT,5,1,POSITIVE_SALES_ACTIVITY,414.63,764.49,414.63,457.5,42.87,9.37,MATCH
45,464,ES601UKBK,Nov,COFFEE MAKERS,ES601UKBK,Ninja Luxe Café Premier Espresso,PRODUCT,1,1,POSITIVE_SALES_ACTIVITY,386.28,558.49,386.28,374.17,-12.11,-3.24,MATCH
46,430,ECP62BL,Nov,COOKER HOODS,ECP62BL,CDA Black 60cm Curved Glass Hood,PRODUCT,1,1,POSITIVE_SALES_ACTIVITY,108.8,209.0,108.8,140.0,31.2,22.29,MATCH
47,462,ERAGRA60,Nov,COOKER HOODS,ERAGRA60,Elica Silver 52cm Canopy Hood for,PRODUCT,0,1,POSITIVE_SALES_ACTIVITY,56.1,80.99,56.1,90.83,34.73,38.24,MATCH
48,380,DGE5861HM,Nov,COOKER HOODS,DGE5861HM,AEG 80cm Canopy Cooker Hood,PRODUCT,1,1,POSITIVE_SALES_ACTIVITY,359.55,552.99,359.55,340.83,-18.72,-5.49,MATCH
49,616,INTEGRATA6,Nov,COOKER HOODS,INTEGRATA6,Elica 5414601 60cm Integrata,PRODUCT,0,-1,NEGATIVE_SALES_ACTIVITY,60.35,126.99,-60.35,-74.17,-13.82,18.63,MATCH
50,414,DWK67FN60BBOSCH,Nov,COOKER HOODS,DWK67FN60BBosch,60cm Black Angled Hood,PRODUCT,0,1,POSITIVE_SALES_ACTIVITY,396.67,594.49,396.67,481.67,85.0,17.65,MATCH
51,1431,ZCI66280XA,Nov,COOKERS,ZCI66280XA,Zanussi 60cm Induction Cooker St/St,PRODUCT,1,1,POSITIVE_SALES_ACTIVITY,616.19,909.49,616.19,624.17,7.98,1.28,MATCH
52,299,BFSE61DOBKBELLING,Nov,COOKERS,BFSE61DOBKBelling,60cm Black Slot in Cooker,PRODUCT,1,1,POSITIVE_SALES_ACTIVITY,328.92,499.95,328.92,415.83,86.91,20.9,MATCH
53,300,BFSE62MFIX,Nov,COOKERS,BFSE62MFIX,Belling St/St 60cm Ceramic Top,PRODUCT,0,1,POSITIVE_SALES_ACTIVITY,389.0,579.95,389.0,438.33,49.33,11.25,MATCH
54,889,P05E1S1BL,Nov,COOKERS,P05E1S1BL,Powerpoint 50cm Black Solid Plate,PRODUCT,1,1,POSITIVE_SALES_ACTIVITY,155.55,227.99,155.55,174.99,19.44,11.11,MATCH
55,750,LKR655200K,Nov,COOKERS,LKR655200K,Electrolux 60cm Black Cooker,PRODUCT,3,1,POSITIVE_SALES_ACTIVITY,426.82,749.99,426.82,499.17,72.35,14.49,MATCH
56,747,LKR555100B,Nov,COOKERS,LKR555100B,Electrolux 55cm Black Cooker,PRODUCT,3,1,POSITIVE_SALES_ACTIVITY,483.73,849.99,483.73,583.33,99.6,17.07,MATCH
57,233,980581,Nov,CYLINDER VACS,980581,Morphy Richards Bagless Pet 700w,PRODUCT,1,1,POSITIVE_SALES_ACTIVITY,58.51,93.49,58.51,74.17,15.66,21.11,MATCH
58,33,12652540,Nov,CYLINDER VACS,12652540,Miele Guard M1 CAT & DOG,PRODUCT,1,1,POSITIVE_SALES_ACTIVITY,179.12,329.99,179.12,249.17,70.05,28.11,MATCH
59,32,12652280,Nov,CYLINDER VACS,12652280,Miele Guard L1 ALL FLOOR Obs Blk,PRODUCT,4,1,POSITIVE_SALES_ACTIVITY,199.02,339.99,199.02,270.83,71.81,26.51,MATCH
60,370,DELIVERY-CHLOCAL,Nov,DELIVERY CHARGE,DELIVERY-CHLOCAL,DELIVERY CHARGE,PRODUCT,-14,1,POSITIVE_SALES_ACTIVITY,0.0,0.49,0.0,25.0,25.0,100.0,MATCH
61,369,DELIVERY,Nov,DELIVERY CHARGE,Delivery,WEB DELIVERY CHARGE,SERVICE_CHARGE,-26,0,ZERO_UNIT_FINANCIAL_ADJUSTMENT,0.0,5.99,0.0,-0.04,-0.04,100.0,MATCH
62,369,DELIVERY,Nov,DELIVERY CHARGE,DELIVERY,Web Delivery Charge,SERVICE_CHARGE,-9,1,POSITIVE_SALES_ACTIVITY,0.01,21.49,0.01,16.67,16.66,99.94,MATCH
63,363,DD60DDFHX9F,Nov,DISHWASHERS,DD60DDFHX9F,& P (81235) Flat Door S/St Dbl,PRODUCT,1,1,POSITIVE_SALES_ACTIVITY,792.53,1699.49,792.53,1125.0,332.47,29.55,MATCH
64,1155,SPS2IKW01G,Nov,DISHWASHERS,SPS2IKW01G,Bosch White 45cm Slimline,PRODUCT,0,1,POSITIVE_SALES_ACTIVITY,309.56,466.99,309.56,307.5,-2.06,-0.67,MATCH
65,517,G5410SC,Nov,DISHWASHERS,G5410SC,Miele Freestanding White Dish,PRODUCT,1,1,POSITIVE_SALES_ACTIVITY,587.52,965.49,587.52,583.33,-4.19,-0.72,MATCH
66,681,KDFGE40TX,Nov,DOUBLE OVENS,KDFGE40TX,ELECTROLUX D/O ENAMEL,PRODUCT,1,1,POSITIVE_SALES_ACTIVITY,369.91,649.99,369.91,437.5,67.59,15.45,MATCH
67,606,IDD6340BL,Nov,DOUBLE OVENS,IDD6340BL,Indesit Black Double Oven,PRODUCT,0,1,POSITIVE_SALES_ACTIVITY,287.94,424.99,287.94,249.17,-38.77,-15.56,MATCH
68,770,MBA533BB3B,Nov,DOUBLE OVENS,MBA533BB3B,Bosch Black Double Oven,PRODUCT,0,1,POSITIVE_SALES_ACTIVITY,446.54,679.99,446.54,574.17,127.63,22.23,MATCH
69,1246,U1ACE2AG3BNEFF,Nov,DOUBLE OVENS,U1ACE2AG3BNeff,N50 Graphite Double Oven,PRODUCT,1,2,POSITIVE_SALES_ACTIVITY,582.42,878.99,1164.84,1290.0,125.16,9.7,MATCH
70,715,KMDA7676FL-MIELE,Nov,DOWNDRAFT HOBS,KMDA7676FL-Miele,12509230 Venting Hob,PRODUCT,2,1,POSITIVE_SALES_ACTIVITY,1890.72,3229.49,1890.72,2224.17,333.45,14.99,MATCH
71,432,ED811BS16E,Nov,DOWNDRAFT HOBS,ED811BS16E,Siemens iQ300 80cm Venting Hob,PRODUCT,1,1,POSITIVE_SALES_ACTIVITY,1232.5,1801.49,1232.5,1507.5,275.0,18.24,MATCH
72,37,16733,Nov,ELECTRIC BLANKETS,16733,Imetec Double Mattress Cover Dual,PRODUCT,2,1,POSITIVE_SALES_ACTIVITY,85.11,135.99,85.11,83.33,-1.78,-2.14,MATCH
73,38,16734,Nov,ELECTRIC BLANKETS,16734,"Imetec King, Dual Ctrl Mattress",PRODUCT,0,1,POSITIVE_SALES_ACTIVITY,95.75,152.99,95.75,129.13,33.38,25.85,MATCH
74,1022,RHESB6001,Nov,ELECTRIC BLANKETS,RHESB6001,Russell Hobbs Single Blanket,PRODUCT,1,1,POSITIVE_SALES_ACTIVITY,0.0,29.99,0.0,20.83,20.83,100.0,MATCH
75,390,DUB1002,Nov,ELECTRIC BLANKETS,DUB1002,Dimplex Double Underblanket,PRODUCT,4,2,POSITIVE_SALES_ACTIVITY,23.92,38.49,47.84,64.16,16.32,25.44,MATCH
76,391,DUB1003,Nov,ELECTRIC BLANKETS,DUB1003,Dimplex King Size Underblanket,PRODUCT,4,1,POSITIVE_SALES_ACTIVITY,26.58,46.99,26.58,37.49,10.91,29.1,MATCH
77,1,010-02384-10,Nov,FITNESS,010-02384-10,Garmin Lily Cream Gold & White,PRODUCT,-1,1,POSITIVE_SALES_ACTIVITY,123.97,194.99,123.97,165.83,41.86,25.24,MATCH
78,775,MEH34MP/A,Nov,FITNESS,MEH34MP/A,Apple Watch SE 3 GPS 40mm,PRODUCT,1,1,POSITIVE_SALES_ACTIVITY,174.92,231.49,174.92,182.5,7.58,4.15,MATCH
79,776,MEH94MP/A,Nov,FITNESS,MEH94MP/A,Apple Watch SE 3 GPS 40mm,PRODUCT,0,2,POSITIVE_SALES_ACTIVITY,174.92,231.49,349.84,365.0,15.16,4.15,MATCH
80,35,15199,Nov,FOOD PREP,15199,Russell Hobbs 2 Plate Portable Hob,PRODUCT,3,1,POSITIVE_SALES_ACTIVITY,29.99,49.49,29.99,24.99,-5.0,-20.01,MATCH
81,788,MQ3025,Nov,FOOD PREP,MQ3025,Braun 700W Handblender,PRODUCT,4,1,POSITIVE_SALES_ACTIVITY,20.72,50.49,20.72,45.83,25.11,54.79,MATCH
82,74,25041,Nov,FOOD PREP,25041,George Foreman 5 Portion Slate,PRODUCT,0,1,POSITIVE_SALES_ACTIVITY,31.09,50.99,31.09,33.33,2.24,6.72,MATCH
83,721,KN650A,Nov,FOOD PREP,KN650A,Kenwood Electric Knife | KN650A,PRODUCT,-7,2,POSITIVE_SALES_ACTIVITY,15.37,29.99,30.74,48.34,17.6,36.41,MATCH
84,102,300302,Nov,FOOD PREP,300302,"MR Crystal Clear 2400watt, Precision",PRODUCT,12,1,POSITIVE_SALES_ACTIVITY,21.26,29.99,21.26,21.67,0.41,1.89,MATCH
85,733,KVC65.001WHKENWOOD,Nov,FOOD PREP,KVC65.001WHKenwood,CHEF BAKER,PRODUCT,0,1,POSITIVE_SALES_ACTIVITY,221.13,492.99,221.13,215.83,-5.3,-2.46,MATCH
86,311,BN800UK,Nov,FOOD PREP,BN800UK,NINJA 3 IN 1 FOOD,PRODUCT,2,2,POSITIVE_SALES_ACTIVITY,135.98,203.49,271.96,306.66,34.7,11.32,MATCH
87,587,HMP50.000BKKENWOOD,Nov,FOOD PREP,HMP50.000BKKenwood,QuickMix+ Black Hand,PRODUCT,2,1,POSITIVE_SALES_ACTIVITY,31.09,50.99,31.09,37.49,6.4,17.07,MATCH
88,493,FDP22.130GYKENWOOD,Nov,FOOD PREP,FDP22.130GYKenwood,Multipro Go Food,PRODUCT,2,1,POSITIVE_SALES_ACTIVITY,36.28,59.49,36.28,36.67,0.39,1.06,MATCH
89,771,MC1001UK,Nov,FOOD PREP,MC1001UK,Ninja 8-in-1 Slow Cooker,PRODUCT,0,2,POSITIVE_SALES_ACTIVITY,101.99,152.49,203.98,213.34,9.36,4.39,MATCH
90,494,FDP31.170GYKENWOOD,Nov,FOOD PREP,FDP31.170GYKenwood,Multipro Food Processor,PRODUCT,1,1,POSITIVE_SALES_ACTIVITY,51.82,84.99,51.82,57.5,5.68,9.88,MATCH
91,73,24662,Nov,FOOD PREP,24662,Russell Hobbs Desire Matte Blk Mini,PRODUCT,0,1,POSITIVE_SALES_ACTIVITY,23.32,38.49,23.32,26.66,3.34,12.53,MATCH
92,93,27111,Nov,FOOD PREP,27111,Russell Hobbs Desire Matte Charcoal,PRODUCT,3,1,POSITIVE_SALES_ACTIVITY,49.23,76.49,49.23,57.5,8.27,14.38,MATCH
93,824,NC701UK,Nov,FOOD PREP,NC701UK,Ninja CREAMi Swirl,PRODUCT,1,1,POSITIVE_SALES_ACTIVITY,243.65,377.99,243.65,228.33,-15.32,-6.71,MATCH
94,532,GS36NVIEV,Nov,FREEZERS,GS36NVIEV,Siemens iQ300 186 x 60 Inox Freezer,PRODUCT,0,1,POSITIVE_SALES_ACTIVITY,488.75,799.99,488.75,579.17,90.42,15.61,MATCH
95,686,KGE49AICAG,Nov,FRIDGE FREEZERS,KGE49AICAG,*Bosch St/St 201x70 Fridge Freezer,PRODUCT,4,1,POSITIVE_SALES_ACTIVITY,499.99,827.99,499.99,582.5,82.51,14.16,MATCH
96,999,RB34C600EB,Nov,FRIDGE FREEZERS,RB34C600EB,Samsung 1.85 Combi F/F Black,PRODUCT,-1,1,POSITIVE_SALES_ACTIVITY,431.32,687.99,431.32,457.5,26.18,5.72,MATCH
97,687,KGN392LAF,Nov,FRIDGE FREEZERS,KGN392LAF,Bosch Series 4 St St Look 203 x 60,PRODUCT,0,1,POSITIVE_SALES_ACTIVITY,756.77,1138.49,756.77,749.17,-7.6,-1.01,MATCH
98,296,BFF230IX,Nov,FRIDGE FREEZERS,BFF230IX,Belling 167cm x 55cm Inox Fridge,PRODUCT,0,1,POSITIVE_SALES_ACTIVITY,257.05,489.0,257.05,274.17,17.12,6.24,MATCH
99,295,BFF199IX,Nov,FRIDGE FREEZERS,BFF199IX,Belling 50cm Inox 1430 x 550 Fridge,PRODUCT,0,1,POSITIVE_SALES_ACTIVITY,229.43,349.95,229.43,249.17,19.74,7.92,MATCH
100,931,P65514MSFWPOWERPOINT,Nov,FRIDGE FREEZERS,P65514MSFWPowerpoint,144 x 54 White Fridge,PRODUCT,0,1,POSITIVE_SALES_ACTIVITY,191.25,279.99,191.25,229.17,37.92,16.55,MATCH
101,935,P65564MSFWPOWERPOINT,Nov,FRIDGE FREEZERS,P65564MSFWPowerpoint,White 176x54 Fridge,PRODUCT,0,1,POSITIVE_SALES_ACTIVITY,209.95,307.99,209.95,258.33,48.38,18.73,MATCH
102,727,KS36VVIEPG,Nov,FRIDGES,KS36VVIEPG,Siemens Inox Fridge 186 x 60cm,PRODUCT,3,1,POSITIVE_SALES_ACTIVITY,486.96,771.99,486.96,579.17,92.21,15.92,MATCH
103,694,KI1813FE0G,Nov,FRIDGES,KI1813FE0G,Neff N 70 BUILT-IN FRIDGE 177.5 X,PRODUCT,1,1,POSITIVE_SALES_ACTIVITY,667.11,1001.49,667.11,833.33,166.22,19.95,MATCH
104,1018,RH4CLR1001,Nov,FRIDGES,RH4CLR1001,Russell Hobbs 4L Black Mini Cooler,PRODUCT,2,1,POSITIVE_SALES_ACTIVITY,31.09,50.99,31.09,38.33,7.24,18.89,MATCH
105,249,AF160UK,Nov,FRYERS,AF160UK,Ninja Air Fryer Max,PRODUCT,2,1,POSITIVE_SALES_ACTIVITY,92.08,177.99,92.08,82.5,-9.58,-11.61,MATCH
106,251,AF300UK,Nov,FRYERS,AF300UK,Ninja Dual Zone Air Fryer,PRODUCT,3,0,ZERO_UNIT_FINANCIAL_ADJUSTMENT,141.66,220.49,-5.66,-40.85,-35.19,86.14,SOURCE_ADJUSTMENT
107,497,FF203840,Nov,FRYERS,FF203840,Tefal Uno Fryer 1Kg Black,PRODUCT,3,1,POSITIVE_SALES_ACTIVITY,23.32,38.49,23.32,29.17,5.85,20.05,MATCH
108,252,AF400UK,Nov,FRYERS,AF400UK,Ninja Foodi Max Dual Zon Fryer 9.5L,PRODUCT,3,2,POSITIVE_SALES_ACTIVITY,157.16,254.49,314.32,248.33,-65.99,-26.57,MATCH
109,254,AF500UK,Nov,FRYERS,AF500UK,Ninja Foodi FlexDrawer 10.4L,PRODUCT,2,1,POSITIVE_SALES_ACTIVITY,181.31,271.49,181.31,145.83,-35.48,-24.33,MATCH
110,250,AF180UK,Nov,FRYERS,AF180UK,Ninja Air Fryer MAX PRO 6.2L,PRODUCT,3,3,POSITIVE_SALES_ACTIVITY,101.99,152.49,305.97,305.84,-0.13,-0.04,MATCH
111,1120,SL400UK,Nov,FRYERS,SL400UK,Ninja Double Stacked Air Fryer,PRODUCT,2,2,POSITIVE_SALES_ACTIVITY,181.31,271.49,362.62,315.0,-47.62,-15.12,MATCH
112,599,HVG631MB,Nov,GAS HOBS,HVG631MB,CDA 60cm Four zone Gas on Glass,PRODUCT,0,1,POSITIVE_SALES_ACTIVITY,211.0,324.49,211.0,262.5,51.5,19.62,MATCH
113,361,D3010,Nov,HAIRCARE,D3010,Remington Hair Dryer,PRODUCT,1,1,POSITIVE_SALES_ACTIVITY,11.24,19.99,11.24,13.33,2.09,15.68,MATCH
114,109,389923-01,Nov,HAIRCARE,389923-01,Supersonic Nickel & Copper New,PRODUCT,1,1,POSITIVE_SALES_ACTIVITY,262.6,339.49,262.6,165.83,-96.77,-58.35,MATCH
115,243,AC9140,Nov,HAIRCARE,AC9140,REMINGTON HAIRDRYER AC,PRODUCT,3,1,POSITIVE_SALES_ACTIVITY,31.09,50.99,31.09,20.83,-10.26,-49.26,MATCH
116,942,PG180,Nov,HAIRCARE,PG180,Remington All In One Groming Kit,PRODUCT,7,2,POSITIVE_SALES_ACTIVITY,10.36,18.49,20.72,27.07,6.35,23.46,MATCH
117,827,NE3890,Nov,HAIRCARE,NE3890,Remington U51 Male Trimmer Kit,PRODUCT,0,1,POSITIVE_SALES_ACTIVITY,10.36,16.99,10.36,10.41,0.05,0.48,MATCH
118,571,HD440BPUK,Nov,HAIRCARE,HD440BPUK,SHARK FLEX STYLE – MALIBU,PRODUCT,1,0,ZERO_UNIT_FINANCIAL_ADJUSTMENT,211.45,305.99,0.0,33.34,33.34,100.0,MATCH
119,569,HD301UK,Nov,HAIRCARE,HD301UK,Shark SppedStyle Hair Dryer,PRODUCT,1,3,POSITIVE_SALES_ACTIVITY,70.83,110.99,213.93,249.16,35.23,14.14,SOURCE_ADJUSTMENT
120,1344,WH1000XM4BSONY,Nov,HEADPHONES,WH1000XM4BSony,Black Wireless Headphones,PRODUCT,0,1,POSITIVE_SALES_ACTIVITY,176.19,0.49,176.19,149.17,-27.02,-18.11,MATCH
121,107,38-S700BK,Nov,HEADPHONES,38-S700BK,Shokz OpenSwim Black,PRODUCT,1,1,POSITIVE_SALES_ACTIVITY,76.27,118.99,76.27,96.67,20.4,21.1,MATCH
122,1358,WHCH720NLCSONY,Nov,HEADPHONES,WHCH720NLCSony,Over Ear Noise Cancelling Blue,PRODUCT,1,1,POSITIVE_SALES_ACTIVITY,71.84,118.99,71.84,62.49,-9.35,-14.96,MATCH
123,509,FP42978,Nov,HEADPHONES,FP42978,Bowers & Wilkins PX8 Headphone,PRODUCT,0,1,POSITIVE_SALES_ACTIVITY,332.1,594.49,332.1,332.5,0.4,0.12,MATCH
124,1360,WHCH720WCSONY,Nov,HEADPHONES,WHCH720WCSony,White Noise Cancel H/phone,PRODUCT,4,1,POSITIVE_SALES_ACTIVITY,71.84,118.49,71.84,62.49,-9.35,-14.96,MATCH
125,647,JBLT520BTBLJBL,Nov,HEADPHONES,JBLT520BTBLJBL,Tune520BT Wireless Black,PRODUCT,2,1,POSITIVE_SALES_ACTIVITY,22.53,42.49,22.53,24.99,2.46,9.84,MATCH
126,1128,SM-R630NZA,Nov,HEADPHONES,SM-R630NZA,Samsung Buds 3 Pro Silver,PRODUCT,-1,1,POSITIVE_SALES_ACTIVITY,161.39,220.49,161.39,124.17,-37.22,-29.98,MATCH
127,1326,WFC510BCE7SONY,Nov,HEADPHONES,WFC510BCE7Sony,"White ear buds, IPX4, 9",PRODUCT,3,1,POSITIVE_SALES_ACTIVITY,31.21,0.49,31.21,33.33,2.12,6.36,MATCH
128,1327,WFC510WCE,Nov,HEADPHONES,WFC510WCE,"Sony White ear buds, IPX4, 10",PRODUCT,2,1,POSITIVE_SALES_ACTIVITY,31.21,0.49,31.21,33.33,2.12,6.36,MATCH
129,777,MFHP4ZM/A,Nov,HEADPHONES,MFHP4ZM/A,Apple Airpods Pro 3,PRODUCT,0,1,POSITIVE_SALES_ACTIVITY,158.43,214.49,158.43,182.5,24.07,13.19,MATCH
130,1417,WWR15,Nov,HEATING,WWR15,Winterwarm 1.5KW Heater,PRODUCT,2,1,POSITIVE_SALES_ACTIVITY,31.9,59.49,31.9,40.83,8.93,21.87,MATCH
131,580,HFX30C18.IW,Nov,HEATING,HFX30C18.IW,DELONGHI CAPSULE HEATER,PRODUCT,4,1,POSITIVE_SALES_ACTIVITY,25.91,50.99,25.91,37.5,11.59,30.91,MATCH
132,1237,TRNS0505M,Nov,HEATING,TRNS0505M,"DELONGHI 0.5KW ""BAMBINO""FOR",PRODUCT,1,1,POSITIVE_SALES_ACTIVITY,36.28,54.49,36.28,57.5,21.22,36.9,MATCH
133,343,CLB20E,Nov,HEATING,CLB20E,Dimplex Club Stove OptiFlame Log,PRODUCT,1,1,POSITIVE_SALES_ACTIVITY,114.4,339.99,114.4,165.83,51.43,31.01,MATCH
134,579,HFS30C24.DGDELONGHI,Nov,HEATING,HFS30C24.DGDELONGHI,2.4 FAN HEATER,PRODUCT,2,1,POSITIVE_SALES_ACTIVITY,28.7,50.99,28.7,35.24,6.54,18.56,MATCH
135,372,DEUF2N,Nov,HEATING,DEUF2N,Dimplex 2kW Upright Fan Heater,PRODUCT,3,1,POSITIVE_SALES_ACTIVITY,21.26,33.99,21.26,27.5,6.24,22.69,MATCH
136,293,BCH60T,Nov,HOBS,BCH60T,BELLING 4 RING CERAMIC HOB,PRODUCT,1,1,POSITIVE_SALES_ACTIVITY,127.5,229.49,127.5,182.5,55.0,30.14,MATCH
137,946,PKE611CA3E,Nov,HOBS,PKE611CA3E,*Bosch 60cm Serie 2 Ceramic Hob,PRODUCT,-1,1,POSITIVE_SALES_ACTIVITY,188.7,340.49,188.7,154.17,-34.53,-22.4,MATCH
138,1102,SI2641D,Nov,HOBS,SI2641D,Smeg 60cm 7.2kW Induction Hob,PRODUCT,2,1,POSITIVE_SALES_ACTIVITY,350.57,539.0,192.94,290.83,97.89,33.66,SOURCE_ADJUSTMENT
139,1164,T16NBE1L,Nov,HOBS,T16NBE1L,Neff N50 60cm Hob,PRODUCT,0,1,POSITIVE_SALES_ACTIVITY,285.99,429.49,285.99,207.5,-78.49,-37.83,MATCH
140,1174,T58FHW1L0,Nov,HOBS,T58FHW1L0,Neff N70 80cm Induction Hob,PRODUCT,1,1,POSITIVE_SALES_ACTIVITY,476.85,730.49,476.85,624.17,147.32,23.6,MATCH
141,743,LIB60420C,Nov,HOBS,LIB60420C,Electrolux 60cm Induction Hob,PRODUCT,1,1,POSITIVE_SALES_ACTIVITY,210.56,369.99,210.56,257.5,46.94,18.23,MATCH
142,711,KM7361FL,Nov,HOBS,KM7361FL,Miele (12409510) 60cm Induction,PRODUCT,-1,1,POSITIVE_SALES_ACTIVITY,477.66,815.49,477.66,532.5,54.84,10.3,MATCH
143,760,LRR6436,Nov,HOBS,LRR6436,Electrolux 60cm Ceramic Touch,PRODUCT,0,1,POSITIVE_SALES_ACTIVITY,170.73,299.99,170.73,207.5,36.77,17.72,MATCH
144,1160,SUBM1UK1BLSONOS,Nov,HOME CINEMA,SUBM1UK1BLSonos,Sub Mini Black,PRODUCT,1,1,POSITIVE_SALES_ACTIVITY,251.73,424.49,251.73,357.5,105.77,29.59,MATCH
145,601,HW-Q600C/XUSAMSUNG,Nov,HOME CINEMA,HW-Q600C/XUSamsung,Q600c 3.1.2ch Soundbar,PRODUCT,-1,1,POSITIVE_SALES_ACTIVITY,377.25,594.49,377.25,124.99,-252.26,-201.82,MATCH
146,603,HW-S800D/XUSAMSUNG,Nov,HOME CINEMA,HW-S800D/XUSAMSUNG,S800D 3.1.2CH WITH 10,PRODUCT,3,1,POSITIVE_SALES_ACTIVITY,484.65,764.49,484.65,440.83,-43.82,-9.94,MATCH
147,1279,US60TR.AGB,Nov,HOME CINEMA,US60TR.AGB,LG 5.1 Channel Home Cinema,PRODUCT,-2,1,POSITIVE_SALES_ACTIVITY,220.68,434.13,220.68,132.5,-88.18,-66.55,MATCH
148,668,K32006UK,Nov,HOUSEHOLD,K32006UK,Ninja Foodi StaySharp Knife Block,PRODUCT,0,2,POSITIVE_SALES_ACTIVITY,121.72,190.49,243.44,215.0,-28.44,-13.23,MATCH
149,112,3950434,Nov,HOUSEHOLD,3950434,Berghoff Omelette Pan 25cm,PRODUCT,4,2,POSITIVE_SALES_ACTIVITY,11.07,28.99,22.14,44.79,22.65,50.57,MATCH
150,319,C13T10G1401EPSON,Nov,INK,C13T10G1401Epson,SEPS1519 (604) Black,PRODUCT,-1,1,POSITIVE_SALES_ACTIVITY,10.85,16.49,10.85,15.83,4.98,31.46,MATCH
151,615,INSTALLATIO,Nov,INSTALLATION,INSTALLATIO,INSTALLATION FEE,PRODUCT,-53,7,POSITIVE_SALES_ACTIVITY,0.01,125.49,0.07,308.33,308.26,99.98,MATCH
152,360,D2IHL326,Nov,INT DISHWASHERS,D2IHL326,Indesit Integrated Dishwasher,PRODUCT,4,1,POSITIVE_SALES_ACTIVITY,230.35,280.49,230.35,216.66,-13.69,-6.32,MATCH
153,1144,SMV6ZCX10GBOSCH,Nov,INT DISHWASHERS,SMV6ZCX10GBosch,NEW Series 6 Integrated,PRODUCT,1,1,POSITIVE_SALES_ACTIVITY,360.83,747.49,360.83,499.17,138.34,27.71,MATCH
154,1149,SN95YX02CG,Nov,INT DISHWASHERS,SN95YX02CG,Siemens IQ500 Integrated,PRODUCT,2,1,POSITIVE_SALES_ACTIVITY,612.0,993.99,612.0,795.83,183.83,23.1,MATCH
155,1051,S187ZCX03G,Nov,INT DISHWASHERS,S187ZCX03G,Neff N70 Integrated Dishwasher,PRODUCT,3,1,POSITIVE_SALES_ACTIVITY,483.84,738.99,483.84,607.5,123.66,20.36,MATCH
156,381,DI362DQ,Nov,INT DISHWASHERS,DI362DQ,Smeg Integrated Dishwasher New,PRODUCT,2,2,POSITIVE_SALES_ACTIVITY,344.06,529.0,674.8,656.67,-18.13,-2.76,SOURCE_ADJUSTMENT
157,1050,S155HVX00G,Nov,INT DISHWASHERS,S155HVX00G,Neff N50 Integrated Dishwasher,PRODUCT,0,1,POSITIVE_SALES_ACTIVITY,432.0,669.0,450.72,415.83,-34.89,-8.39,SOURCE_ADJUSTMENT
158,521,G7650SCVI,Nov,INT DISHWASHERS,G7650SCVI,Miele 12423970 Integrated,PRODUCT,1,1,POSITIVE_SALES_ACTIVITY,1055.99,1759.0,1055.99,1082.5,26.51,2.45,MATCH
159,511,FSE76747P,Nov,INT DISHWASHERS,FSE76747P,AEG Integrated Glasscare,PRODUCT,0,1,POSITIVE_SALES_ACTIVITY,503.1,773.49,503.1,599.17,96.07,16.03,MATCH
160,524,GIN81VEE0G,Nov,INT FREEZERS,GIN81VEE0G,Bosch Built in Freezer,PRODUCT,1,1,POSITIVE_SALES_ACTIVITY,614.55,934.49,614.55,766.67,152.12,19.84,MATCH
161,255,AFB18432,Nov,INT FREEZERS,AFB18432,Whirlpool Integrated Tall Freezer,PRODUCT,2,1,POSITIVE_SALES_ACTIVITY,489.47,747.49,489.47,574.17,84.7,14.75,MATCH
162,522,GI7812EE0G,Nov,INT FREEZERS,GI7812EE0G,Neff N50 No Frost Integrated Freezer,PRODUCT,1,1,POSITIVE_SALES_ACTIVITY,687.62,1019.49,687.62,825.0,137.38,16.65,MATCH
163,1107,SIFNDI5188,Nov,INT FREEZERS,SIFNDI5188,Liebherr Int Freezer with Ice Maker,PRODUCT,0,1,POSITIVE_SALES_ACTIVITY,1415.25,2379.49,1415.25,1329.17,-86.08,-6.48,MATCH
164,758,LNT6NE18S,Nov,INT FRIDGE FREEZERS,LNT6NE18S,Electrolux Built in Fridge Freezer,PRODUCT,3,1,POSITIVE_SALES_ACTIVITY,455.28,799.99,455.28,524.17,68.89,13.14,MATCH
165,624,IRE5100,Nov,INT FRIDGES,IRE5100,Liebherr Integrated Fridge,PRODUCT,1,1,POSITIVE_SALES_ACTIVITY,449.65,1146.99,449.65,765.83,316.18,41.29,MATCH
166,621,IRBBI5150,Nov,INT FRIDGES,IRBBI5150,Liebherr Integrated Prime BioFresh,PRODUCT,0,1,POSITIVE_SALES_ACTIVITY,1128.8,1825.49,1128.8,1375.0,246.2,17.91,MATCH
167,585,HLAWD53N0BNEFF,Nov,INT MICROWAVES,HLAWD53N0BNeff,Integrated Microwave Blk S/St,PRODUCT,2,1,POSITIVE_SALES_ACTIVITY,170.72,456.49,170.72,349.17,178.45,51.11,MATCH
168,1288,VM131SS,Nov,INT MICROWAVES,VM131SS,CDA St/St Integrated Microwave,PRODUCT,1,1,POSITIVE_SALES_ACTIVITY,121.55,228.99,121.55,190.83,69.28,36.3,MATCH
169,720,KMK768080B,Nov,INT MICROWAVES,KMK768080B,AEG Gloss Black Combi Microwave,PRODUCT,0,1,POSITIVE_SALES_ACTIVITY,685.95,1054.49,685.95,457.5,-228.45,-49.93,MATCH
170,1370,WIW28502GBBOSCH,Nov,INT WASHING MACHINES,WIW28502GBBosch,Serie 8 Integrated 8kg,PRODUCT,0,1,POSITIVE_SALES_ACTIVITY,584.21,876.49,584.21,624.17,39.96,6.4,MATCH
171,304,BIWMIL91485,Nov,INT WASHING MACHINES,BIWMIL91485,Indesit 9kg 1400 Spin Integrated,PRODUCT,0,1,POSITIVE_SALES_ACTIVITY,287.94,424.99,287.94,312.5,24.56,7.86,MATCH
172,1005,REV-ISTREA,Nov,INTERNET RADIOS,REV-ISTREA,Roberts Revival iStream 3L Black,PRODUCT,0,2,POSITIVE_SALES_ACTIVITY,133.0,212.49,266.0,331.66,65.66,19.8,MATCH
173,62,23990,Nov,IRONS,23990,Russell Hobbs 2600W Iron,PRODUCT,3,1,POSITIVE_SALES_ACTIVITY,15.55,33.99,15.55,22.49,6.94,30.86,MATCH
174,97,28040,Nov,IRONS,28040,Russell Hobbs Steam Genie Hand,PRODUCT,5,1,POSITIVE_SALES_ACTIVITY,33.69,55.49,33.69,33.33,-0.36,-1.08,MATCH
175,1105,SI3055BK,Nov,IRONS,SI3055BK,Braun 2400W Iron,PRODUCT,0,1,POSITIVE_SALES_ACTIVITY,31.09,50.99,31.09,22.49,-8.6,-38.24,MATCH
176,106,333030,Nov,IRONS,333030,Morphy Richards 6 Bar Steam Iron,PRODUCT,1,1,POSITIVE_SALES_ACTIVITY,74.47,118.99,74.47,89.17,14.7,16.49,MATCH
177,1303,WA850RE,Nov,IT ACCESSORIES,WA850RE,300Mbps Wall-plug Wireless N,PRODUCT,5,1,POSITIVE_SALES_ACTIVITY,9.27,20.49,9.27,11.66,2.39,20.5,MATCH
178,1222,TL-SG1005DV5-PORT,Nov,IT ACCESSORIES,TL-SG1005DV5-port,"Desktop Gigabit Switch, 5",PRODUCT,2,1,POSITIVE_SALES_ACTIVITY,8.75,18.99,8.75,10.83,2.08,19.21,MATCH
179,491,FD16GATT4-EPNY,Nov,IT ACCESSORIES,FD16GATT4-EPNY,USB Sliding design - Black read,PRODUCT,2,3,POSITIVE_SALES_ACTIVITY,2.92,7.99,8.76,28.75,19.99,69.53,MATCH
180,492,FD32GATT4-EPNY,Nov,IT ACCESSORIES,FD32GATT4-EPNY,USB Sliding design - Black read,PRODUCT,4,1,POSITIVE_SALES_ACTIVITY,3.09,11.49,3.09,9.17,6.08,66.3,MATCH
181,260,ARCHERC50VAC1200,Nov,IT ACCESSORIES,ARCHERC50VAC1200,Wireless Dual Band Gigabit,PRODUCT,1,1,POSITIVE_SALES_ACTIVITY,21.96,39.99,21.96,13.33,-8.63,-64.74,MATCH
182,886,P-SDU32GU18PNY,Nov,IT ACCESSORIES,P-SDU32GU18PNY,Elite microSDHC card 32G,PRODUCT,3,2,POSITIVE_SALES_ACTIVITY,3.33,5.99,6.66,9.98,3.32,33.27,MATCH
183,885,P-SDU128V11PNY,Nov,IT ACCESSORIES,P-SDU128V11PNY,Elite Micro Class 10 SD,PRODUCT,4,2,POSITIVE_SALES_ACTIVITY,8.76,14.49,17.52,24.16,6.64,27.48,MATCH
184,1281,V11T69C23,Nov,IT ACCESSORIES,V11T69C23,Samsung (E71025397)Tab A9,PRODUCT,2,1,POSITIVE_SALES_ACTIVITY,13.05,28.49,13.05,23.74,10.69,45.03,MATCH
185,1178,TAPOA200,Nov,IT ACCESSORIES,TAPOA200,Tapo Solar Panel,PRODUCT,-1,1,POSITIVE_SALES_ACTIVITY,28.46,49.95,28.46,32.5,4.04,12.43,MATCH
186,550,GVMA105WE,Nov,IT ACCESSORIES,GVMA105WE,Groove Dual USB-A & USB-C Mains,PRODUCT,2,2,POSITIVE_SALES_ACTIVITY,8.99,14.99,17.98,24.99,7.01,28.05,MATCH
187,552,GVMA109WE,Nov,IT ACCESSORIES,GVMA109WE,Groove 3-Port USB Mains GaN,PRODUCT,1,1,POSITIVE_SALES_ACTIVITY,18.01,0.49,18.01,24.99,6.98,27.93,MATCH
188,553,GVPC14BK,Nov,IT ACCESSORIES,GVPC14BK,Groove Wireless Keyboard & Mouse,PRODUCT,1,2,POSITIVE_SALES_ACTIVITY,13.61,25.99,27.22,24.15,-3.07,-12.71,MATCH
189,82,26051,Nov,KETTLES,26051,Russell Hobbs Black Honeycomb,PRODUCT,4,1,POSITIVE_SALES_ACTIVITY,15.55,29.99,15.55,24.99,9.44,37.78,MATCH
190,674,KBIN3001.BK,Nov,KETTLES,KBIN3001.BK,Delonghi Black Distinta Kettle,PRODUCT,0,1,POSITIVE_SALES_ACTIVITY,57.01,127.49,57.01,70.83,13.82,19.51,MATCH
191,49,21271,Nov,KETTLES,21271,Russell Hobbs Black Textures Jug,PRODUCT,5,1,POSITIVE_SALES_ACTIVITY,15.55,25.49,15.55,16.66,1.11,6.66,MATCH
192,40,20415,Nov,KETTLES,20415,RUSSELL HOBBS KETTLE CREAM,PRODUCT,0,1,POSITIVE_SALES_ACTIVITY,23.32,38.49,23.32,23.33,0.01,0.04,MATCH
193,675,KBX3016BG,Nov,KETTLES,KBX3016BG,DeLonghi Cream Argento Flora Kettle,PRODUCT,0,2,POSITIVE_SALES_ACTIVITY,25.91,42.49,51.82,66.66,14.84,22.26,MATCH
194,676,KBX3016PK,Nov,KETTLES,KBX3016PK,DeLonghi Pink Argento Flora Kettle,PRODUCT,1,1,POSITIVE_SALES_ACTIVITY,28.5,42.49,28.5,34.17,5.67,16.59,MATCH
195,64,24360,Nov,KETTLES,24360,Inspire White Kettle,PRODUCT,3,1,POSITIVE_SALES_ACTIVITY,29.37,44.99,29.37,25.0,-4.37,-17.48,MATCH
196,76,25111,Nov,KETTLES,25111,Eclipse Kettle - Midnight Blue,PRODUCT,5,3,POSITIVE_SALES_ACTIVITY,36.28,59.49,108.84,110.41,1.57,1.42,MATCH
197,65,24363,Nov,KETTLES,24363,Russell Hobbs Grey Inspire Kettle,PRODUCT,3,1,POSITIVE_SALES_ACTIVITY,25.91,42.49,25.91,29.16,3.25,11.15,MATCH
198,83,26080,Nov,KETTLES,26080,RH CLASSIC GLASS KETTLE,PRODUCT,2,2,POSITIVE_SALES_ACTIVITY,23.32,34.95,46.64,45.84,-0.8,-1.75,MATCH
199,1117,SKE735BTR4,Nov,KETTLES,SKE735BTR4,Sage Black Truffle Kettle,PRODUCT,3,1,POSITIVE_SALES_ACTIVITY,67.37,109.99,67.37,79.17,11.8,14.9,MATCH
200,1433,ZJP09.000BK,Nov,KETTLES,ZJP09.000BK,Kenwood Black Dawn Kettle,PRODUCT,1,1,POSITIVE_SALES_ACTIVITY,22.03,42.99,22.03,26.24,4.21,16.04,MATCH
201,86,26750,Nov,KETTLES,26750,Russell Hobbs Bronte Kettle Black,PRODUCT,2,2,POSITIVE_SALES_ACTIVITY,37.49,59.99,74.98,65.83,-9.15,-13.9,MATCH
202,235,980596,Nov,KETTLES,980596,Morphy Richards Colour Boutique,PRODUCT,4,1,POSITIVE_SALES_ACTIVITY,29.13,49.99,29.13,41.66,12.53,30.08,MATCH
203,1071,SE1504FA-NJ,Nov,LAPTOPS,SE1504FA-NJ,"Asus 15.6"" R3 8GB/128GB",PRODUCT,1,1,POSITIVE_SALES_ACTIVITY,254.99,381.99,254.99,307.5,52.51,17.08,MATCH
204,421,E510KA-EJ61,Nov,LAPTOPS,E510KA-EJ61,"Asus 15.6"" Pentium 4GB/128 SSD",PRODUCT,1,1,POSITIVE_SALES_ACTIVITY,180.39,269.99,180.39,190.83,10.44,5.47,MATCH
205,1163,SX1504VA-NJ,Nov,LAPTOPS,SX1504VA-NJ,ASUS 15.6” FHD Intel C-i5 16GB,PRODUCT,1,1,POSITIVE_SALES_ACTIVITY,372.66,558.49,372.66,432.5,59.84,13.84,MATCH
206,227,980539,Nov,MICROWAVE OVENS,980539,Dimplex Black 23L 900 Watts,PRODUCT,0,1,POSITIVE_SALES_ACTIVITY,82.9,127.49,82.9,124.17,41.27,33.24,MATCH
207,224,980535,Nov,MICROWAVE OVENS,980535,DIMPLEX 20 LITRE 800 WATT,PRODUCT,1,1,POSITIVE_SALES_ACTIVITY,71.84,118.49,71.84,82.5,10.66,12.92,MATCH
208,222,980532,Nov,MICROWAVE OVENS,980532,DIMPLEX 20 LITRE 800 WATT,PRODUCT,1,1,POSITIVE_SALES_ACTIVITY,55.26,84.99,55.26,63.74,8.48,13.3,MATCH
209,226,980538,Nov,MICROWAVE OVENS,980538,DIMPLEX 23 LITRE 900 WATT,PRODUCT,0,1,POSITIVE_SALES_ACTIVITY,82.9,161.49,82.9,124.17,41.27,33.24,MATCH
210,902,P22720CPMB,Nov,MICROWAVE OVENS,P22720CPMB,Powerpoint 20L Black 700W F/S,PRODUCT,1,1,POSITIVE_SALES_ACTIVITY,42.5,62.99,42.5,49.99,7.49,14.98,MATCH
211,773,MC28A5135C,Nov,MICROWAVE OVENS,MC28A5135C,Samsung Combi Microwave,PRODUCT,0,1,POSITIVE_SALES_ACTIVITY,155.12,245.99,155.12,140.83,-14.29,-10.15,MATCH
212,907,P22720MRCR,Nov,MICROWAVE OVENS,P22720MRCR,PowerPoint Cream Retro Style,PRODUCT,0,1,POSITIVE_SALES_ACTIVITY,54.4,79.99,54.4,66.63,12.23,18.36,MATCH
213,798,MS23K3515AKSAMSUNG,Nov,MICROWAVE OVENS,MS23K3515AKSamsung,Black 23L Microwave,PRODUCT,0,1,POSITIVE_SALES_ACTIVITY,68.06,107.49,68.06,82.5,14.44,17.5,MATCH
214,799,MS23K3523ASSAMSUNG,Nov,MICROWAVE OVENS,MS23K3523ASSamsung,Silver 23L Microwave,PRODUCT,0,1,POSITIVE_SALES_ACTIVITY,68.06,107.49,68.06,78.33,10.27,13.11,MATCH
215,796,MS23K3515A,Nov,MICROWAVE OVENS,MS23K3515A,Samsung White 23L Microwave,PRODUCT,2,1,POSITIVE_SALES_ACTIVITY,68.06,107.49,68.06,74.25,6.19,8.34,MATCH
216,1422,XP3200,Nov,PRINTERS,XP3200,Epson Expression Home XP-3200,PRODUCT,1,1,POSITIVE_SALES_ACTIVITY,44.23,67.99,44.23,57.5,13.27,23.08,MATCH
217,1420,XP-2205,Nov,PRINTERS,XP-2205,Epson C11CK67402 Printer,PRODUCT,1,1,POSITIVE_SALES_ACTIVITY,33.17,50.99,33.17,40.83,7.66,18.76,MATCH
218,997,R260BK,Nov,RADIOS,R260BK,ROBERTS BLACK 1950'S REPLICA,PRODUCT,1,1,POSITIVE_SALES_ACTIVITY,74.47,118.99,74.47,82.5,8.03,9.73,MATCH
219,883,ORTUSFMBK,Nov,RADIOS,ORTUSFMBK,"FM Radio, Dual alarm Radio/Buzzer",PRODUCT,3,1,POSITIVE_SALES_ACTIVITY,18.6,34.95,18.6,24.99,6.39,25.57,MATCH
220,330,C92IPX2,Nov,RANGE COOKERS,C92IPX2,Smeg Classica St/St 90cm Induction,PRODUCT,0,1,POSITIVE_SALES_ACTIVITY,1349.06,2074.49,1349.06,1274.17,-74.89,-5.88,MATCH
221,502,FH90EIANT,Nov,RANGE COOKERS,FH90EIANT,Belling Anthracite 90cm Farmhouse,PRODUCT,0,1,POSITIVE_SALES_ACTIVITY,1102.9,1739.49,1128.85,1165.83,36.98,3.17,SOURCE_ADJUSTMENT
222,1377,WM2621,Nov,REMOTE CONTROLS,WM2621,OFA WALL MOUNT TILT FOR,PRODUCT,2,-1,NEGATIVE_SALES_ACTIVITY,11.05,29.99,-11.05,-24.99,-13.94,55.78,MATCH
223,1275,URC4910,Nov,REMOTE CONTROLS,URC4910,One for All Remote Control for,PRODUCT,3,2,POSITIVE_SALES_ACTIVITY,10.63,21.49,21.26,34.57,13.31,38.5,MATCH
224,1276,URC4911,Nov,REMOTE CONTROLS,URC4911,LG TV Replacement Remote Control,PRODUCT,4,1,POSITIVE_SALES_ACTIVITY,10.63,21.49,10.63,18.33,7.7,42.01,MATCH
225,1167,T2351V11,Nov,ROBOT CLEANING,T2351V11,Eufy Robot Vaccum X10 Pro Omni,PRODUCT,6,9,POSITIVE_SALES_ACTIVITY,399.02,704.99,3591.18,3926.64,335.46,8.54,MATCH
226,69,24550,Nov,SANDWICH TOASTERS,24550,Russell Hobbs 4 Portion Sandwich,PRODUCT,1,1,POSITIVE_SALES_ACTIVITY,25.91,42.49,25.91,29.16,3.25,11.15,MATCH
227,115,3950615,Nov,SAUCE PAN SETS,3950615,Berghoff 7 Pc Leo Glints Cookware,PRODUCT,3,1,POSITIVE_SALES_ACTIVITY,58.4,143.99,58.4,129.16,70.76,54.78,MATCH
228,188,64-4K11SZ-0ERING,Nov,SECURITY,64-4K11SZ-0ERing,Alarm 5 Piece Kit (2nd Gen) -,PRODUCT,1,1,POSITIVE_SALES_ACTIVITY,142.04,211.99,142.04,176.66,34.62,19.6,MATCH
229,1199,TAPOT100,Nov,SECURITY,TAPOT100,Tapo Smart Motion Sensor,PRODUCT,0,1,POSITIVE_SALES_ACTIVITY,10.08,17.49,10.08,12.49,2.41,19.3,MATCH
230,1190,TAPOD210,Nov,SECURITY,TAPOD210,Smart Video Doorbell Camera,PRODUCT,-1,2,POSITIVE_SALES_ACTIVITY,50.6,0.49,101.2,83.32,-17.88,-21.46,MATCH
231,267,B0CG2VRZW,Nov,SECURITY,B0CG2VRZW,Pan-Tilt Indoor Cam - White - UK,PRODUCT,2,1,POSITIVE_SALES_ACTIVITY,43.15,69.99,43.15,58.33,15.18,26.02,MATCH
232,266,B0BZWQP9Z1BATTERY,Nov,SECURITY,B0BZWQP9Z1Battery,Video Doorbell - SN - EU,PRODUCT,-2,2,POSITIVE_SALES_ACTIVITY,62.38,99.99,124.76,165.83,41.07,24.77,MATCH
233,1175,T81703W1,Nov,SECURITY,T81703W1,Eufy SoloCam S340 2K Dual Lens,PRODUCT,2,1,POSITIVE_SALES_ACTIVITY,96.26,169.49,96.26,90.83,-5.43,-5.98,MATCH
234,286,B6ACH7HH0B*NEFF,Nov,SINGLE OVENS,B6ACH7HH0B*Neff,St/St Single Oven Home,PRODUCT,0,1,POSITIVE_SALES_ACTIVITY,566.85,912.99,566.85,583.33,16.48,2.83,MATCH
235,322,C1AMG84N0B*NEFF,Nov,SINGLE OVENS,C1AMG84N0B*Neff,Compact Oven with M/W St/St,PRODUCT,1,1,POSITIVE_SALES_ACTIVITY,460.13,715.99,460.13,433.33,-26.8,-6.18,MATCH
236,269,B2ACH7HH0BNEFF,Nov,SINGLE OVENS,B2ACH7HH0BNEFF,SINGLE PYROLYTIC OVENS,PRODUCT,0,1,POSITIVE_SALES_ACTIVITY,460.13,725.49,460.13,416.67,-43.46,-10.43,MATCH
237,278,B64CT73G0B,Nov,SINGLE OVENS,B64CT73G0B,Neff Graphite Single Oven,PRODUCT,1,1,POSITIVE_SALES_ACTIVITY,907.43,1361.99,907.43,1041.67,134.24,12.89,MATCH
238,280,B64FT53G0B,Nov,SINGLE OVENS,B64FT53G0B,Neff Graphite Single Oven with,PRODUCT,1,1,POSITIVE_SALES_ACTIVITY,1078.53,1618.49,1078.53,1312.5,233.97,17.83,MATCH
239,271,B54CR31G0B,Nov,SINGLE OVENS,B54CR31G0B,Neff N70 Graphite Single Oven,PRODUCT,0,1,POSITIVE_SALES_ACTIVITY,597.9,897.99,597.9,707.5,109.6,15.49,MATCH
240,459,EOM6P46K,Nov,SINGLE OVENS,EOM6P46K,Electrolux Black AirFry Pyrolituc,PRODUCT,4,2,POSITIVE_SALES_ACTIVITY,341.46,599.99,682.92,823.33,140.41,17.05,MATCH
241,595,HQA574BB3B,Nov,SINGLE OVENS,HQA574BB3B,Bosch Black Single Oven,PRODUCT,1,1,POSITIVE_SALES_ACTIVITY,410.52,719.0,410.52,374.17,-36.35,-9.71,MATCH
242,416,DX606FSTA,Nov,SINGLE OVENS,DX606FSTA,Dimplex St/St Single Oven,PRODUCT,0,1,POSITIVE_SALES_ACTIVITY,172.33,264.95,172.33,179.17,6.84,3.82,MATCH
243,724,KOFGH40TK,Nov,SINGLE OVENS,KOFGH40TK,Electrolux Black Single Oven,PRODUCT,3,1,POSITIVE_SALES_ACTIVITY,227.64,399.99,227.64,279.17,51.53,18.46,MATCH
244,913,P24EMDSS,Nov,SINGLE OVENS,P24EMDSS,Powerpoint St/St Single Fan Oven,PRODUCT,1,1,POSITIVE_SALES_ACTIVITY,125.8,184.99,125.8,157.5,31.7,20.13,MATCH
245,270,B3ACE4AG3BNEFF,Nov,SINGLE OVENS,B3ACE4AG3BNeff,N50 Graphite Single Oven,PRODUCT,0,1,POSITIVE_SALES_ACTIVITY,512.46,771.49,512.46,525.0,12.54,2.39,MATCH
246,324,C1AMG84N1BNEFF,Nov,SINGLE OVENS,C1AMG84N1BNeff,N50 St/St Integrated Combi,PRODUCT,0,1,POSITIVE_SALES_ACTIVITY,465.82,704.99,465.82,541.67,75.85,14.0,MATCH
247,1096,SFP6301TVN,Nov,SINGLE OVENS,SFP6301TVN,Smeg Black Single Oven,PRODUCT,0,1,POSITIVE_SALES_ACTIVITY,519.67,799.0,565.29,624.17,58.88,9.43,SOURCE_ADJUSTMENT
248,139,460017,Nov,SLOW COOKERS,460017,MR Slow Cooker Ceramic 3.5 L,PRODUCT,0,1,POSITIVE_SALES_ACTIVITY,17.53,21.49,17.53,26.67,9.14,34.27,MATCH
249,1280,USG10TY.DG,Nov,SPEAKERS,USG10TY.DG,LG 3.1 Wireless Soundbar,PRODUCT,1,2,POSITIVE_SALES_ACTIVITY,410.33,636.99,820.66,1165.0,344.34,29.56,MATCH
250,1278,US40T.DGBRLLG,Nov,SPEAKERS,US40T.DGBRLLG,2.1Ch Bluetooth Soundbar with,PRODUCT,2,1,POSITIVE_SALES_ACTIVITY,168.33,296.99,168.33,125.0,-43.33,-34.66,MATCH
251,259,ARCG2UK1BLSONOS,Nov,SPEAKERS,ARCG2UK1BLSonos,ARC 2 Black,PRODUCT,1,1,POSITIVE_SALES_ACTIVITY,667.63,821.49,667.63,749.17,81.54,10.88,MATCH
252,637,JBLCLIP5BLK,Nov,SPEAKERS,JBLCLIP5BLK,"JBL Clip5, portable bluetooth speaker",PRODUCT,0,1,POSITIVE_SALES_ACTIVITY,34.17,59.49,34.17,41.66,7.49,17.98,MATCH
253,737,KZM35.000GYKENWOOD,Nov,STAND MIXER,KZM35.000GYKenwood,Go Grey Kitchen Machine,PRODUCT,1,1,POSITIVE_SALES_ACTIVITY,129.57,254.99,129.57,162.5,32.93,20.26,MATCH
254,1054,S6003UK,Nov,STEAM CLEANERS,S6003UK,Shark Klik N' Flip Steam Pocket Mop,PRODUCT,1,1,POSITIVE_SALES_ACTIVITY,99.16,178.49,99.16,83.33,-15.83,-19.0,MATCH
255,1069,SD200UK,Nov,STEAM CLEANERS,SD200UK,Shark SteamPickUp Hard Floor,PRODUCT,2,1,POSITIVE_SALES_ACTIVITY,140.96,203.49,140.96,124.17,-16.79,-13.52,MATCH
256,631,IZ400UK,Nov,STICK VACS,IZ400UK,Shark Anti Hair Wrap Stick Vacuum,PRODUCT,3,1,POSITIVE_SALES_ACTIVITY,247.91,458.99,247.91,149.99,-97.92,-65.28,MATCH
257,137,447038-01,Nov,STICK VACS,447038-01,Dyson Gen5 Detect,PRODUCT,-1,1,POSITIVE_SALES_ACTIVITY,593.74,749.99,558.03,495.83,-62.2,-12.54,SOURCE_ADJUSTMENT
258,29,12377940,Nov,STICK VACS,12377940,Miele Duoflex HX1 Cat&Dog,PRODUCT,1,1,POSITIVE_SALES_ACTIVITY,234.0,369.0,234.0,290.83,56.83,19.54,MATCH
259,141,470521-01,Nov,STICK VACS,470521-01,Dyson V12 Absolute Detect Slim,PRODUCT,1,1,POSITIVE_SALES_ACTIVITY,435.41,549.99,393.9,299.17,-94.73,-31.66,SOURCE_ADJUSTMENT
260,143,476622-01,Nov,STICK VACS,476622-01,Dyson V15 Detect Total Clean,PRODUCT,1,1,POSITIVE_SALES_ACTIVITY,554.16,699.99,492.37,415.83,-76.54,-18.41,SOURCE_ADJUSTMENT
261,479,EX150UK,Nov,STICK VACS,EX150UK,Shark Carpet Expert,PRODUCT,0,1,POSITIVE_SALES_ACTIVITY,176.21,271.49,176.21,119.17,-57.04,-47.86,MATCH
262,1290,VS20C8524TBSAMSUNG,Nov,STICK VACS,VS20C8524TBSamsung,Jet 85 Cordless Vac,PRODUCT,1,1,POSITIVE_SALES_ACTIVITY,210.0,461.49,210.0,257.5,47.5,18.45,MATCH
263,629,IZ380UK,Nov,STICK VACS,IZ380UK,Shark PowerPro Stick Vac,PRODUCT,2,1,POSITIVE_SALES_ACTIVITY,166.32,259.99,166.32,132.5,-33.82,-25.52,MATCH
264,1289,VS15A6031R4SAMSUNG,Nov,STICK VACS,VS15A6031R4Samsung,Jet 60 Cordless Vacuum,PRODUCT,3,5,POSITIVE_SALES_ACTIVITY,120.4,257.49,602.0,616.65,14.65,2.38,MATCH
265,1129,SM-X110NDB,Nov,TABLETS,SM-X110NDB,Galaxy Tab A9 DARK BLUE WIFI,PRODUCT,0,1,POSITIVE_SALES_ACTIVITY,124.01,169.49,124.01,124.99,0.98,0.78,MATCH
266,167,5301ANVR,Nov,TABLETS,5301ANVR,HONOR PAD X8A SD 630 4GB,PRODUCT,1,1,POSITIVE_SALES_ACTIVITY,89.81,129.99,89.81,83.33,-6.48,-7.78,MATCH
267,954,PRO3,Nov,TAPS,PRO3,Quooker PRO3-EQ B Tank,PRODUCT,5,3,POSITIVE_SALES_ACTIVITY,347.5,695.0,1060.66,1320.0,259.34,19.65,SOURCE_ADJUSTMENT
268,507,FNRCHR,Nov,TAPS,FNRCHR,Quooker Fusion Round Chrome,PRODUCT,0,1,POSITIVE_SALES_ACTIVITY,277.5,555.0,277.5,388.33,110.83,28.54,MATCH
269,515,FXRGME,Nov,TAPS,FXRGME,Quooker Tap Flex Gun Metal,PRODUCT,1,2,POSITIVE_SALES_ACTIVITY,447.5,895.0,912.06,1339.17,427.11,31.89,SOURCE_ADJUSTMENT
270,814,MZB0JSEEU,Nov,TELEPHONES,MZB0JSEEU,Redmi A5 Black,PRODUCT,2,3,POSITIVE_SALES_ACTIVITY,59.19,85.49,177.57,207.9,30.33,14.59,MATCH
271,55,21651,Nov,TOASTERS,21651,Russell Hobbs Black Textures 4SL,PRODUCT,1,1,POSITIVE_SALES_ACTIVITY,21.87,29.99,21.87,25.83,3.96,15.33,MATCH
272,352,CT04BG,Nov,TOASTERS,CT04BG,DeLonghi Cream Argento Flora 4,PRODUCT,0,1,POSITIVE_SALES_ACTIVITY,28.5,46.99,28.5,33.33,4.83,14.49,MATCH
273,353,CT04PK,Nov,TOASTERS,CT04PK,DeLonghi Pink Argento Flora 4 Slice,PRODUCT,0,1,POSITIVE_SALES_ACTIVITY,28.5,46.99,28.5,37.5,9.0,24.0,MATCH
274,78,25141,Nov,TOASTERS,25141,Eclipse Midnight Blue 4 Slice Toaster,PRODUCT,1,1,POSITIVE_SALES_ACTIVITY,46.64,74.99,46.64,45.83,-0.81,-1.77,MATCH
275,66,24373,Nov,TOASTERS,24373,Russell Hobbs 2SL Black Inspire,PRODUCT,2,1,POSITIVE_SALES_ACTIVITY,25.91,42.49,25.91,32.49,6.58,20.25,MATCH
276,68,24381,Nov,TOASTERS,24381,RUSSELL HOBBS INSPIRE,PRODUCT,4,1,POSITIVE_SALES_ACTIVITY,35.24,57.99,35.24,45.83,10.59,23.11,MATCH
277,355,CTIN4003.BK,Nov,TOASTERS,CTIN4003.BK,DeLonghi Black 4 Slice Distina X,PRODUCT,1,1,POSITIVE_SALES_ACTIVITY,57.01,92.99,57.01,79.17,22.16,27.99,MATCH
278,356,CTIN4003.TB,Nov,TOASTERS,CTIN4003.TB,DeLonghi Distinta X 4SL Toaster,PRODUCT,1,1,POSITIVE_SALES_ACTIVITY,66.1,127.99,66.1,70.0,3.9,5.57,MATCH
279,1215,TFP09.000BK,Nov,TOASTERS,TFP09.000BK,Kenwood Dawn Black 4 Slice Toaster,PRODUCT,0,1,POSITIVE_SALES_ACTIVITY,22.03,42.99,22.03,26.24,4.21,16.04,MATCH
280,88,26770,Nov,TOASTERS,26770,Russell Hobbs Bronte Toaster Black,PRODUCT,4,1,POSITIVE_SALES_ACTIVITY,36.28,59.49,36.28,39.16,2.88,7.35,MATCH
281,89,26771,Nov,TOASTERS,26771,Russell Hobbs Bronte Toaster Stone,PRODUCT,2,-5,NEGATIVE_SALES_ACTIVITY,37.49,59.99,-187.45,-249.95,-62.5,25.01,MATCH
282,238,980600,Nov,TOASTERS,980600,Morphy Richards 2 Slice Colour,PRODUCT,3,1,POSITIVE_SALES_ACTIVITY,28.43,49.99,28.43,41.66,13.23,31.76,MATCH
283,1213,TEH785WP,Nov,TUMBLE DRYERS,TEH785WP,Miele 11871830 9kg Heat Pump,PRODUCT,1,1,POSITIVE_SALES_ACTIVITY,854.34,1410.49,854.34,849.17,-5.17,-0.61,MATCH
284,275,B5T4923IW,Nov,TUMBLE DRYERS,B5T4923IW,Beko 9kg Heat Pump Dryer,PRODUCT,0,1,POSITIVE_SALES_ACTIVITY,306.58,517.99,337.45,349.17,11.72,3.36,SOURCE_ADJUSTMENT
285,1394,WTH84001GB*BOSCH,Nov,TUMBLE DRYERS,WTH84001GB*Bosch,"Series 4, 8kg Heat Pump",PRODUCT,0,1,POSITIVE_SALES_ACTIVITY,320.66,483.99,320.66,400.0,79.34,19.84,MATCH
286,392,DV90BB9545GSAMSUNG,Nov,TUMBLE DRYERS,DV90BB9545GSamsung,Blk Stl Series 8 9kg,PRODUCT,0,1,POSITIVE_SALES_ACTIVITY,649.26,1036.99,649.26,748.13,98.87,13.22,MATCH
287,439,EDHI618WD,Nov,TUMBLE DRYERS,EDHI618WD,Electrolux 8kg Heat Pump Dryer,PRODUCT,2,2,POSITIVE_SALES_ACTIVITY,341.46,599.99,715.46,789.17,73.71,9.34,SOURCE_ADJUSTMENT
288,1234,TR848A4B2,Nov,TUMBLE DRYERS,TR848A4B2,AEG 8000 Series 8kg Heat Pump,PRODUCT,0,1,POSITIVE_SALES_ACTIVITY,509.29,782.49,509.29,599.17,89.88,15.0,MATCH
289,401,DV90T6240LB/SAMSUNG,Nov,TUMBLE DRYERS,DV90T6240LB/Samsung,Series 7 Blk/St 9kg Dyrer,PRODUCT,0,1,POSITIVE_SALES_ACTIVITY,626.1,998.99,626.1,577.49,-48.61,-8.42,MATCH
290,393,DV90DB8845,Nov,TUMBLE DRYERS,DV90DB8845,Samsung Series 8 9kg Heat Pump,PRODUCT,1,1,POSITIVE_SALES_ACTIVITY,672.3,1020.49,672.3,715.83,43.53,6.08,MATCH
291,1396,WTH85224GBBOSCH,Nov,TUMBLE DRYERS,WTH85224GBBosch,Series 4 8kg White Heat,PRODUCT,2,1,POSITIVE_SALES_ACTIVITY,362.63,546.99,362.63,415.83,53.2,12.79,MATCH
292,440,EDHI6285B,Nov,TUMBLE DRYERS,EDHI6285B,Electrolux 8kg Heat Pump Dryer,PRODUCT,4,1,POSITIVE_SALES_ACTIVITY,369.91,649.99,369.91,432.5,62.59,14.47,MATCH
293,1390,WQG245R1G,Nov,TUMBLE DRYERS,WQG245R1G,Bosch Graphite 9kg Heat Pump Dryer,PRODUCT,-1,2,POSITIVE_SALES_ACTIVITY,550.4,850.99,1100.8,1215.0,114.2,9.4,MATCH
294,1397,WTH85225IE,Nov,TUMBLE DRYERS,WTH85225IE,Bosch Series 4 8kg Heat Pump Dryer,PRODUCT,1,1,POSITIVE_SALES_ACTIVITY,348.3,601.49,348.3,382.5,34.2,8.94,MATCH
295,395,DV90DG52A0,Nov,TUMBLE DRYERS,DV90DG52A0,Samsung Series 5 Tumble Dryer,PRODUCT,1,1,POSITIVE_SALES_ACTIVITY,0.0,0.49,0.0,457.5,457.5,100.0,MATCH
296,677,KD32W800P1,Nov,TV 32,KD32W800P1,"Sony 32"" Smart Television",PRODUCT,1,1,POSITIVE_SALES_ACTIVITY,314.19,424.49,314.19,249.17,-65.02,-26.09,MATCH
297,1253,UE32H5000FKSAMSUNG,Nov,TV 32,UE32H5000FKSamsung,"32"" Smart Television",PRODUCT,0,3,POSITIVE_SALES_ACTIVITY,137.25,190.49,411.75,344.99,-66.76,-19.35,MATCH
298,121,43LQ60006LA.LG,Nov,TV 33 - 43,43LQ60006LA.LG,"43"" Smart TV",PRODUCT,-1,5,POSITIVE_SALES_ACTIVITY,187.0,288.49,935.0,795.82,-139.18,-17.49,MATCH
299,669,K43S38BP.UKSONY,Nov,TV 33 - 43,K43S38BP.UKSony,"43"" Bravia 3 TV",PRODUCT,0,1,POSITIVE_SALES_ACTIVITY,464.56,704.99,464.56,384.17,-80.39,-20.93,MATCH
300,963,QE43Q7FAAUSAMSUNG,Nov,TV 33 - 43,QE43Q7FAAUSamsung,"43"" QLED Smart Television",PRODUCT,2,1,POSITIVE_SALES_ACTIVITY,359.31,538.99,359.31,274.17,-85.14,-31.05,MATCH
301,122,43NANO81A6,Nov,TV 33 - 43,43NANO81A6,LG 43in NANO TV,PRODUCT,1,1,POSITIVE_SALES_ACTIVITY,311.46,399.33,311.46,240.83,-70.63,-29.33,MATCH
302,127,43QNED82A6,Nov,TV 33 - 43,43QNED82A6,LG 43in QNED TV,PRODUCT,1,1,POSITIVE_SALES_ACTIVITY,345.39,529.83,345.39,357.5,12.11,3.39,MATCH
303,841,OLED42C54L,Nov,TV 33 - 43,OLED42C54L,LG 42in C5 OLED TV,PRODUCT,1,1,POSITIVE_SALES_ACTIVITY,745.59,1147.53,745.59,699.99,-45.6,-6.51,MATCH
304,129,43QNED87A6,Nov,TV 33 - 43,43QNED87A6,LG 43inch QNED Mini LED Evo AI,PRODUCT,0,1,POSITIVE_SALES_ACTIVITY,411.51,634.23,411.51,415.83,4.32,1.04,MATCH
305,1254,UE43U7000FKSAMSUNG,Nov,TV 33 - 43,UE43U7000FKSamsung,43 in 4K Smart TV,PRODUCT,2,3,POSITIVE_SALES_ACTIVITY,231.43,360.49,694.29,547.5,-146.79,-26.81,MATCH
306,962,QE43LS03DA,Nov,TV 33 - 43,QE43LS03DA,43 INCH The Frame Art Mode QLED,PRODUCT,0,1,POSITIVE_SALES_ACTIVITY,639.92,956.49,700.79,500.0,-200.79,-40.16,SOURCE_ADJUSTMENT
307,853,OLED55G45L,Nov,TV 44 - 50,OLED55G45L,"LG 55"" OLED Television",PRODUCT,0,1,POSITIVE_SALES_ACTIVITY,1471.35,2268.99,1471.35,770.0,-701.35,-91.08,MATCH
308,1259,UE50U8000FKSAMSUNG,Nov,TV 44 - 50,UE50U8000FKSamsung,"50"" UHD Smart Television",PRODUCT,1,1,POSITIVE_SALES_ACTIVITY,290.04,414.49,290.04,232.5,-57.54,-24.75,MATCH
309,1261,UE55DU8070,Nov,TV 51 - 59,UE55DU8070,55 INCH DU8070 4K HDR10+,PRODUCT,0,1,POSITIVE_SALES_ACTIVITY,427.64,636.99,427.64,314.17,-113.47,-36.12,MATCH
310,1260,UE55DU7100K55,Nov,TV 51 - 59,UE55DU7100K55,INCH 4K HDR10+ PUR COLOUR,PRODUCT,1,1,POSITIVE_SALES_ACTIVITY,376.58,551.99,376.58,332.5,-44.08,-13.26,MATCH
311,981,QE55S90FAE,Nov,TV 51 - 59,QE55S90FAE,"Samsung 55"" OLED 4K Smart AI TV",PRODUCT,3,1,POSITIVE_SALES_ACTIVITY,1210.64,1908.49,1210.64,831.67,-378.97,-45.57,MATCH
312,980,QE55S85FAU,Nov,TV 51 - 59,QE55S85FAU,"Samsung 55"" OLED 4K Smart AI TV",PRODUCT,3,1,POSITIVE_SALES_ACTIVITY,1105.11,1742.49,1105.11,711.67,-393.44,-55.28,MATCH
313,978,QE55QN90FA,Nov,TV 51 - 59,QE55QN90FA,"Samsung 55"" Neo QLED 4K",PRODUCT,1,1,POSITIVE_SALES_ACTIVITY,1105.11,1742.49,1105.11,790.83,-314.28,-39.74,MATCH
314,973,QE55Q7F5AU,Nov,TV 51 - 59,QE55Q7F5AU,"Samsung 55"" QLED Television",PRODUCT,2,2,POSITIVE_SALES_ACTIVITY,491.38,746.49,982.76,765.0,-217.76,-28.47,MATCH
315,1264,UE55U8000FKSAMSUNG,Nov,TV 51 - 59,UE55U8000FKSamsung,"55"" UHD Smart Television",PRODUCT,3,1,POSITIVE_SALES_ACTIVITY,347.65,497.49,347.65,290.83,-56.82,-19.54,MATCH
316,170,55NANO81A6,Nov,TV 51 - 59,55NANO81A6,LG 55 NANO TV,PRODUCT,-2,1,POSITIVE_SALES_ACTIVITY,334.08,512.43,334.08,332.5,-1.58,-0.48,MATCH
317,849,OLED55B56LALG,Nov,TV 51 - 59,OLED55B56LALG,55in B5 OLED TV,PRODUCT,1,3,POSITIVE_SALES_ACTIVITY,859.56,1321.53,2578.68,2180.84,-397.84,-18.24,MATCH
318,851,OLED55C54L,Nov,TV 51 - 59,OLED55C54L,LG 55in C5 OLED TV,PRODUCT,2,1,POSITIVE_SALES_ACTIVITY,965.7,1486.83,965.7,832.5,-133.2,-16.0,MATCH
319,856,OLED55G54L,Nov,TV 51 - 59,OLED55G54L,LG 55in G5 OLED TV,PRODUCT,1,1,POSITIVE_SALES_ACTIVITY,1269.33,2130.63,1269.33,1332.5,63.17,4.74,MATCH
320,1262,UE55U7000FKSAMSUNG,Nov,TV 51 - 59,UE55U7000FKSamsung,55 in Smart Television,PRODUCT,1,3,POSITIVE_SALES_ACTIVITY,344.12,532.49,1032.36,805.83,-226.53,-28.11,MATCH
321,864,OLED65C44L,Nov,TV 60 - 70,OLED65C44L,"LG 65"" OLED Television",PRODUCT,0,1,POSITIVE_SALES_ACTIVITY,1671.1,2566.49,1671.1,990.83,-680.27,-68.66,MATCH
322,197,65QNED87T6,Nov,TV 60 - 70,65QNED87T6,"LG 65"" QNED 4K Smart TV",PRODUCT,0,1,POSITIVE_SALES_ACTIVITY,895.9,1384.99,895.9,707.5,-188.4,-26.63,MATCH
323,204,65UT81006LA.LG,Nov,TV 60 - 70,65UT81006LA.LG,"65"" UHD 4K Smart TV",PRODUCT,0,1,POSITIVE_SALES_ACTIVITY,554.2,849.49,554.2,415.83,-138.37,-33.28,MATCH
324,189,65NANO81A6,Nov,TV 60 - 70,65NANO81A6,LG 65in NANO TV,PRODUCT,3,1,POSITIVE_SALES_ACTIVITY,441.09,677.73,441.09,440.83,-0.26,-0.06,MATCH
325,195,65QNED87A6,Nov,TV 60 - 70,65QNED87A6,LG 65in QNED TV,PRODUCT,0,1,POSITIVE_SALES_ACTIVITY,802.14,1234.53,802.14,749.17,-52.97,-7.07,MATCH
326,866,OLED65C54L,Nov,TV 60 - 70,OLED65C54L,LG 65in C5 OLED TV,PRODUCT,2,1,POSITIVE_SALES_ACTIVITY,1324.14,2121.93,1324.14,1249.17,-74.97,-6.0,MATCH
327,870,OLED65G54L,Nov,TV 60 - 70,OLED65G54L,LG 65in G5 OLED TV,PRODUCT,0,1,POSITIVE_SALES_ACTIVITY,1655.61,3131.13,1655.61,1499.17,-156.44,-10.44,MATCH
328,988,QE65S85FAE,Nov,TV 60+,QE65S85FAE,"Samsung 65"" OLED 4K Smart TV",PRODUCT,4,1,POSITIVE_SALES_ACTIVITY,1579.01,2489.49,1579.01,1028.33,-550.68,-53.55,MATCH
329,986,QE65QN70FA,Nov,TV 60+,QE65QN70FA,"Samsung 65"" QLED Television",PRODUCT,1,1,POSITIVE_SALES_ACTIVITY,894.71,1410.49,894.71,790.83,-103.88,-13.14,MATCH
330,1267,UE65U8000FKSAMSUNG,Nov,TV 60+,UE65U8000FKSamsung,"65"" UHD Smart Television",PRODUCT,3,1,POSITIVE_SALES_ACTIVITY,455.12,663.49,455.12,415.83,-39.29,-9.45,MATCH
331,878,OLED83C44L,Nov,TV 75+,OLED83C44L,"LG 83"" OLED Television",PRODUCT,0,1,POSITIVE_SALES_ACTIVITY,3774.0,5804.99,3774.0,2332.5,-1441.5,-61.8,MATCH
332,1375,WM2451,Nov,TV BRACKETS,WM2451,"One for All Tilt & Turn 180 Deg 13"" to",PRODUCT,6,1,POSITIVE_SALES_ACTIVITY,17.1,29.99,17.1,35.83,18.73,52.27,MATCH
333,1378,WM2651,Nov,TV BRACKETS,WM2651,"One for All Tilt & Turn 180 Deg 32"" to",PRODUCT,3,1,POSITIVE_SALES_ACTIVITY,27.98,50.99,27.98,40.83,12.85,31.47,MATCH
334,1373,WM2411,Nov,TV BRACKETS,WM2411,ONE FOR ALL TV BRACKET,PRODUCT,1,1,POSITIVE_SALES_ACTIVITY,7.77,16.99,7.77,20.83,13.06,62.7,MATCH
335,955,PTRB77,Nov,TV BRACKETS,PTRB77,"iTech 37 to 80"" TV Bracket up to",PRODUCT,0,1,POSITIVE_SALES_ACTIVITY,43.83,110.49,43.83,82.5,38.67,46.87,MATCH
336,948,PLB12B,Nov,TV BRACKETS,PLB12B,iTech 37 to 70kg TV Bracket up to,PRODUCT,0,1,POSITIVE_SALES_ACTIVITY,20.31,42.49,20.31,40.83,20.52,50.26,MATCH
337,1286,VLT7B2,Nov,TV BRACKETS,VLT7B2,"Sanus TV bkt 46""-90"" 68kg Vesa",PRODUCT,0,1,POSITIVE_SALES_ACTIVITY,58.37,92.99,58.37,75.0,16.63,22.17,MATCH
338,1376,WM2470,Nov,TV BRACKETS,WM2470,One for All Universal TV Pedestal,PRODUCT,0,1,POSITIVE_SALES_ACTIVITY,36.35,59.49,36.35,40.83,4.48,10.97,MATCH
339,1382,WM6661,Nov,TV BRACKETS,WM6661,"OFA Ultra Slim XL Tilt & Turn 120 32""",PRODUCT,0,1,POSITIVE_SALES_ACTIVITY,215.7,382.49,215.7,145.83,-69.87,-47.91,MATCH
340,495,FE1404,Nov,U/C FREEZER,FE1404,Liebherr U/C Freezer 55cm with,PRODUCT,2,1,POSITIVE_SALES_ACTIVITY,202.3,322.49,202.3,204.17,1.87,0.92,MATCH
341,1036,RS68A884CSLSAMSUNG,Nov,USA F/F,RS68A884CSLSamsung,USA Plumbed FF Ice &,PRODUCT,0,1,POSITIVE_SALES_ACTIVITY,1495.49,2379.49,1495.49,1082.5,-412.99,-38.15,MATCH
342,1008,RF24BB620ESSAMSUNG,Nov,USA F/F,RF24BB620ESSamsung,French Dr St/St,PRODUCT,-1,1,POSITIVE_SALES_ACTIVITY,1458.23,2234.99,1458.23,1099.17,-359.06,-32.67,MATCH
343,567,HCR3818ENMHAIER,Nov,USA F/F,HCR3818ENMHaier,34005444 Silver Cube USA,PRODUCT,0,1,POSITIVE_SALES_ACTIVITY,575.85,849.99,575.85,624.17,48.32,7.74,MATCH
344,1013,RF605QNUVXF&P,Nov,USA F/F,RF605QNUVXF&P,St/St 905mm Quad Door Fridge,PRODUCT,0,1,POSITIVE_SALES_ACTIVITY,1995.8,3016.99,1995.8,2165.83,170.03,7.85,MATCH
345,535,GSXE90EVDDLG,Nov,USA F/F,GSXE90EVDDLG,Black Stl Craft Ice USA Fridge,PRODUCT,0,1,POSITIVE_SALES_ACTIVITY,1391.88,2630.49,1391.88,1250.0,-141.88,-11.35,MATCH
346,1037,RS70F64KEF,Nov,USA F/F,RS70F64KEF,Samsung Black St/St USA FF,PRODUCT,1,1,POSITIVE_SALES_ACTIVITY,990.98,1493.49,990.98,832.5,-158.48,-19.04,MATCH
347,1041,RS70F65KET,Nov,USA F/F,RS70F65KET,Samsung Silver St/St USA Fridge,PRODUCT,0,1,POSITIVE_SALES_ACTIVITY,808.95,1244.49,808.95,749.17,-59.78,-7.98,MATCH
348,568,HCR5919ENMHAIER,Nov,USA F/F,HCR5919ENMHaier,4 Door 91cm St/St USA Fridge,PRODUCT,1,1,POSITIVE_SALES_ACTIVITY,533.25,816.49,533.25,749.17,215.92,28.82,MATCH
349,534,GSLC40PYPE.LG,Nov,USA F/F,GSLC40PYPE.LG,Silver USA Fridge Freezer,PRODUCT,2,1,POSITIVE_SALES_ACTIVITY,738.4,1260.63,738.4,832.5,94.1,11.3,MATCH
350,1039,RS70F64KET,Nov,USA F/F,RS70F64KET,Samsung USA Fridge Freezer,PRODUCT,1,1,POSITIVE_SALES_ACTIVITY,0.0,0.49,0.0,790.83,790.83,100.0,MATCH
351,7,10107860,Nov,VACUUM ACCESSORIES,10107860,Miele SF-AP 50 Air Clean Plus Filter,PRODUCT,0,1,POSITIVE_SALES_ACTIVITY,11.41,18.99,11.41,15.0,3.59,23.93,MATCH
352,525,GN BAGS,Nov,VACUUM BAGS,GN BAGS,BAGS 400/600/800 SERIES AND S5,PRODUCT,14,4,POSITIVE_SALES_ACTIVITY,7.59,13.99,30.36,42.57,12.21,28.68,MATCH
353,1070,SDB373,Nov,VACUUM BAGS,SDB373,Microfibre Numatic Henry Bags,PRODUCT,3,1,POSITIVE_SALES_ACTIVITY,4.04,9.49,4.04,7.91,3.87,48.93,MATCH
354,31,12557080,Nov,VACUUM BAGS,12557080,Miele Pure CO Hyclean Dustbags,PRODUCT,29,2,POSITIVE_SALES_ACTIVITY,7.01,14.49,14.02,11.67,-2.35,-20.14,MATCH
355,30,12557060,Nov,VACUUM BAGS,12557060,Miele Pure TU Hyclean Vac Bags,PRODUCT,5,2,POSITIVE_SALES_ACTIVITY,7.01,14.49,14.02,23.32,9.3,39.88,MATCH
356,817,N1AHA02N0B,Nov,WARMING DRAWERS,N1AHA02N0B,Neff 29cm Warming Drawer Blk with,PRODUCT,0,1,POSITIVE_SALES_ACTIVITY,250.16,375.99,250.16,266.67,16.51,6.19,MATCH
357,816,N1AHA01N0B,Nov,WARMING DRAWERS,N1AHA01N0B,Neff Warming Drawer 140mm High,PRODUCT,0,1,POSITIVE_SALES_ACTIVITY,238.23,357.99,238.23,250.0,11.77,4.71,MATCH
358,514,FWY606GBLNLG,Nov,WASHER DRYERS,FWY606GBLNLG,"WASHER DRYER, 10KG WASH,",PRODUCT,1,2,POSITIVE_SALES_ACTIVITY,431.42,636.99,857.82,849.17,-8.65,-1.02,SOURCE_ADJUSTMENT
359,804,MTWC91495,Nov,WASHING MACHINES,MTWC91495,Indesit 9kg 1400 Spin Washing,PRODUCT,1,1,POSITIVE_SALES_ACTIVITY,218.83,322.99,218.83,224.17,5.34,2.38,MATCH
360,1402,WW11DB8B95SAMSUNG,Nov,WASHING MACHINES,WW11DB8B95Samsung,Blk Stl Series 8 11Kg 1400,PRODUCT,0,2,POSITIVE_SALES_ACTIVITY,771.66,1231.99,1543.32,1264.17,-279.15,-22.08,MATCH
361,1339,WGG254Z0GB*BOSCH,Nov,WASHING MACHINES,WGG254Z0GB*Bosch,Series 6 10kg 1400 Spin,PRODUCT,0,-1,NEGATIVE_SALES_ACTIVITY,398.65,602.99,-398.65,-440.83,-42.18,9.57,MATCH
362,1305,WAN28259GB*BOSCH,Nov,WASHING MACHINES,WAN28259GB*Bosch,Series 4 9kg 1400 Spin,PRODUCT,3,3,POSITIVE_SALES_ACTIVITY,344.25,628.49,1032.75,1130.84,98.09,8.67,MATCH
363,1334,WGG24400GBBOSCH,Nov,WASHING MACHINES,WGG24400GBBosch,Series 6 9kg 1400 Spin,PRODUCT,2,1,POSITIVE_SALES_ACTIVITY,358.7,534.99,358.7,382.5,23.8,6.22,MATCH
364,590,HNR9W64WSIHOTPOINT,Nov,WASHING MACHINES,HNR9W64WSIHotpoint,9kg 1400 Spin Washing,PRODUCT,1,1,POSITIVE_SALES_ACTIVITY,259.14,382.49,259.14,312.5,53.36,17.08,MATCH
365,1335,WGG244ZCG,Nov,WASHING MACHINES,WGG244ZCG,Bosch Graphite 9kg 1400 Spin,PRODUCT,2,2,POSITIVE_SALES_ACTIVITY,395.65,500.99,791.3,981.66,190.36,19.39,MATCH
366,609,IM964MYTIMEINDESIT,Nov,WASHING MACHINES,IM964MYTIMEIndesit,9kg 1400 Spin Washing,PRODUCT,0,1,POSITIVE_SALES_ACTIVITY,230.34,339.99,230.34,274.17,43.83,15.99,MATCH
367,1405,WW11DG6B8,Nov,WASHING MACHINES,WW11DG6B8,Samsung Black Series 6 1400,PRODUCT,0,1,POSITIVE_SALES_ACTIVITY,585.78,900.49,585.78,396.67,-189.11,-47.67,MATCH
368,1318,WEG885WCSMIELE,Nov,WASHING MACHINES,WEG885WCSMiele,12721270 9kg 1400 Spin,PRODUCT,1,2,POSITIVE_SALES_ACTIVITY,730.45,1206.49,1460.9,1790.0,329.1,18.39,MATCH
369,448,EFI63142UD,Nov,WASHING MACHINES,EFI63142UD,Electrolux 10kg 1400 Spin Universal,PRODUCT,5,1,POSITIVE_SALES_ACTIVITY,398.37,699.99,398.37,399.17,0.8,0.2,MATCH
370,1338,WGG254F1GBBOSCH,Nov,WASHING MACHINES,WGG254F1GBBosch,iDos 10kg 1400 Spin Washing,PRODUCT,1,1,POSITIVE_SALES_ACTIVITY,494.16,756.03,494.16,457.5,-36.66,-8.01,MATCH
371,276,B5W51041AWBEKO,Nov,WASHING MACHINES,B5W51041AWBeko,10kg 1400 Spin White Washing,PRODUCT,0,1,POSITIVE_SALES_ACTIVITY,237.36,343.99,237.36,349.17,111.81,32.02,MATCH
372,358,CWF,Nov,WATER FILTERS,CWF,Quooker Cold Water Filter,PRODUCT,1,1,POSITIVE_SALES_ACTIVITY,147.5,295.0,147.5,183.33,35.83,19.54,MATCH
373,809,MWP999,Nov,WHITES ACCESSORIES,MWP999,DISHWASHER CUTLERY TRAY,PRODUCT,0,1,POSITIVE_SALES_ACTIVITY,4.63,8.99,4.63,7.5,2.87,38.27,MATCH
374,8,10234470,Nov,WHITES ACCESSORIES,10234470,Miele Nature Flacon,PRODUCT,0,1,POSITIVE_SALES_ACTIVITY,5.01,13.99,5.01,9.16,4.15,45.31,MATCH
375,12,10795780,Nov,WHITES ACCESSORIES,10795780,Sensitive Ultra Phase 2,PRODUCT,3,2,POSITIVE_SALES_ACTIVITY,7.67,16.49,15.34,27.48,12.14,44.18,MATCH
376,6,10009310,Nov,WHITES ACCESSORIES,10009310,Miele GGRP Gourmet Griddle Plate,PRODUCT,0,1,POSITIVE_SALES_ACTIVITY,130.96,228.99,130.96,83.33,-47.63,-57.16,MATCH
377,23,11891600,Nov,WHITES ACCESSORIES,11891600,Miele Ultra Phase 1 WA UP1 1402 L,PRODUCT,2,3,POSITIVE_SALES_ACTIVITY,8.58,14.99,25.74,37.48,11.74,31.32,MATCH
378,24,11891800,Nov,WHITES ACCESSORIES,11891800,Miele Ultra Phase 2 WA UP2 1402,PRODUCT,7,1,POSITIVE_SALES_ACTIVITY,8.58,14.99,8.58,12.49,3.91,31.31,MATCH
379,25,12022180,Nov,WHITES ACCESSORIES,12022180,Miele Flacon Rose Up to 50 cycles,PRODUCT,0,1,POSITIVE_SALES_ACTIVITY,7.35,12.99,7.35,9.16,1.81,19.76,MATCH
380,220,9029865202,Nov,WHITES ACCESSORIES,9029865202,AEG Easy2Clean Plancha Grill,PRODUCT,-1,1,POSITIVE_SALES_ACTIVITY,79.68,140.49,79.68,106.25,26.57,25.01,MATCH
381,1429,Z1608BX0,Nov,WHITES ACCESSORIES,Z1608BX0,Neff Clip Rail Full Extension St/St,PRODUCT,0,1,POSITIVE_SALES_ACTIVITY,36.33,86.49,36.33,57.5,21.17,36.82,MATCH
382,169,5513292811,Dec,ACCESSORIES,5513292811,"Water Filter for ETAM, ECAM,",PRODUCT,-1,1,POSITIVE_SALES_ACTIVITY,9.97,15.49,9.97,12.91,2.94,22.77,MATCH
383,385,DLSC500,Dec,ACCESSORIES,DLSC500,Delonghi Descaler,PRODUCT,5,1,POSITIVE_SALES_ACTIVITY,7.77,14.49,7.77,12.08,4.31,35.68,MATCH
384,1075,SES003BSS0,Dec,ACCESSORIES,SES003BSS0,Sage Temperature Control Jug St,PRODUCT,0,2,POSITIVE_SALES_ACTIVITY,19.34,29.99,38.68,43.32,4.64,10.71,MATCH
385,1162,SV93605G,Dec,ACCESSORIES,SV93605G,OFA Digi ANT Indoor Amp to 45dB,PRODUCT,3,1,POSITIVE_SALES_ACTIVITY,19.17,33.99,19.17,29.13,9.96,34.19,MATCH
386,526,GO524,Dec,ACCESSORIES,GO524,GO IRE to EU Travel Adaptor,PRODUCT,1,1,POSITIVE_SALES_ACTIVITY,4.96,9.49,4.96,7.49,2.53,33.78,MATCH
387,527,GO528,Dec,ACCESSORIES,GO528,GO Ireland to Australia travel Adaptor,PRODUCT,0,2,POSITIVE_SALES_ACTIVITY,4.84,9.49,9.68,15.82,6.14,38.81,MATCH
388,529,GO554,Dec,ACCESSORIES,GO554,GO USA to Ireland travel adapter,PRODUCT,0,1,POSITIVE_SALES_ACTIVITY,5.04,9.49,5.04,7.91,2.87,36.28,MATCH
389,120,430009,Dec,ACCESSORIES,430009,MERCURY 4 GANG SURGE 2M,PRODUCT,2,2,POSITIVE_SALES_ACTIVITY,6.22,12.99,12.44,21.66,9.22,42.57,MATCH
390,1073,SEA501BTR0,Dec,ACCESSORIES,SEA501BTR0,The Knock Box 10 - Black Truffle,PRODUCT,1,1,POSITIVE_SALES_ACTIVITY,19.13,31.49,19.13,24.96,5.83,23.36,MATCH
391,1386,WP100EU,Dec,ACCESSORIES,WP100EU,Ninja Wireless Food Probe,PRODUCT,3,1,POSITIVE_SALES_ACTIVITY,66.13,95.99,66.13,58.33,-7.8,-13.37,MATCH
392,308,BLP41.AOCT,Dec,BLENDERS,BLP41.AOCT,KENWOOD 2LITRE BLENDER,PRODUCT,5,1,POSITIVE_SALES_ACTIVITY,29.85,42.49,29.85,37.49,7.64,20.38,MATCH
393,790,MQ9135XI,Dec,BLENDERS,MQ9135XI,Braun Multiquick 9 Hand Blender,PRODUCT,1,1,POSITIVE_SALES_ACTIVITY,51.82,101.49,51.82,74.88,23.06,30.8,MATCH
394,287,BC151UKNV,Dec,BLENDERS,BC151UKNV,Ninja Blast Blender,PRODUCT,3,2,POSITIVE_SALES_ACTIVITY,33.99,50.99,67.98,66.65,-1.33,-2.0,MATCH
395,1202,TB301UK,Dec,BLENDERS,TB301UK,Ninja Detect Duo Power Blender Pro,PRODUCT,1,1,POSITIVE_SALES_ACTIVITY,135.98,203.49,135.98,124.99,-10.99,-8.79,MATCH
396,787,MQ10.001PW,Dec,BLENDERS,MQ10.001PW,Braun Multiquick 1,PRODUCT,4,1,POSITIVE_SALES_ACTIVITY,8.81,25.99,8.81,15.83,7.02,44.35,MATCH
397,510,FS301UK,Dec,BLENDERS,FS301UK,Ninja Slushy Maker,PRODUCT,2,1,POSITIVE_SALES_ACTIVITY,94.37,296.99,94.37,187.5,93.13,49.67,MATCH
398,257,AKL307IX,Dec,BUILT UNDER DBL OVEN,AKL307IX,Whirlpool (F154245) Built Under,PRODUCT,0,1,POSITIVE_SALES_ACTIVITY,345.53,594.49,345.53,422.5,76.97,18.22,MATCH
399,759,LP02,Dec,BULBS,LP02,FRIDGE BULB 15W,PRODUCT,1,1,POSITIVE_SALES_ACTIVITY,0.5,4.49,0.5,3.74,3.24,86.63,MATCH
400,1191,TAPOL510B,Dec,BULBS,TAPOL510B,Tapo Smart Wifi Dimmable Bayonet,PRODUCT,10,1,POSITIVE_SALES_ACTIVITY,6.21,13.99,6.21,7.49,1.28,17.09,MATCH
401,667,JEGJDB332,Dec,BULBS,JEGJDB332,JEGS CD3 42W XENON G9,PRODUCT,7,1,POSITIVE_SALES_ACTIVITY,1.43,2.99,1.43,2.49,1.06,42.57,MATCH
402,1229,TP62VR,Dec,CABLES,TP62VR,Deltaco Cat6 U/UTP Patch cable 2M,PRODUCT,0,1,POSITIVE_SALES_ACTIVITY,2.67,5.49,2.67,4.58,1.91,41.7,MATCH
403,119,430007,Dec,CABLES,430007,Mercury UK Switch 4Gang 2.0m,PRODUCT,0,3,POSITIVE_SALES_ACTIVITY,7.69,11.99,23.07,28.31,5.24,18.51,MATCH
404,805,MUQW3ZM/A,Dec,CABLES,MUQW3ZM/A,Apple Lightning to USB Cable (1m),PRODUCT,-1,1,POSITIVE_SALES_ACTIVITY,12.78,21.49,12.78,15.83,3.05,19.27,MATCH
405,780,MM512R,Dec,CABLES,MM512R,Deltaco RCA to 3.5mm Audio Cable,PRODUCT,2,1,POSITIVE_SALES_ACTIVITY,2.56,5.49,2.56,4.58,2.02,44.1,MATCH
406,118,429872,Dec,CABLES,429872,UK Gang Reel 10m 4 way,PRODUCT,0,2,POSITIVE_SALES_ACTIVITY,15.13,0.49,30.26,37.49,7.23,19.29,MATCH
407,20,112072,Dec,CABLES,112072,3xRCA M - 3xRCA M Lead 1.5m,PRODUCT,0,3,POSITIVE_SALES_ACTIVITY,1.74,2.99,5.22,7.48,2.26,30.21,MATCH
408,18,112030,Dec,CABLES,112030,Flylead F Male - F Male 2.0m,PRODUCT,2,1,POSITIVE_SALES_ACTIVITY,1.47,4.49,1.47,3.74,2.27,60.7,MATCH
409,546,GVMA041WE,Dec,CABLES,GVMA041WE,Groove 1mt MFI Apple to USB-A,PRODUCT,0,1,POSITIVE_SALES_ACTIVITY,7.05,12.99,7.05,12.5,5.45,43.6,MATCH
410,548,GVMA046WE,Dec,CABLES,GVMA046WE,Groove 1mt MFI Apple to USB-C,PRODUCT,0,2,POSITIVE_SALES_ACTIVITY,9.15,45.99,18.3,28.32,10.02,35.38,MATCH
411,545,GVMA025WE,Dec,CABLES,GVMA025WE,Groove 3mt 100w USB-C to USB-C,PRODUCT,0,3,POSITIVE_SALES_ACTIVITY,6.57,12.49,19.71,32.07,12.36,38.54,MATCH
412,290,BCFE101,Dec,CHEST FREEZERS,BCFE101,Belling 98L 550mm Wide Chest,PRODUCT,1,1,POSITIVE_SALES_ACTIVITY,113.31,169.95,113.31,140.83,27.52,19.54,MATCH
413,1072,SEA501BSS0,Dec,COFFEE ACCESSORIES,SEA501BSS0,Sage The Knock Box 10,PRODUCT,-1,1,POSITIVE_SALES_ACTIVITY,19.13,31.49,19.13,24.96,5.83,23.36,MATCH
414,46,210003,Dec,COFFEE ACCESSORIES,210003,Morphy Richards St/St Milk Frother,PRODUCT,0,1,POSITIVE_SALES_ACTIVITY,25.95,41.49,25.95,32.5,6.55,20.15,MATCH
415,1086,SES878BSS4,Dec,COFFEE MAKERS,SES878BSS4,"Sage Coffee Machine""The Barista",PRODUCT,1,1,POSITIVE_SALES_ACTIVITY,388.71,619.99,388.71,516.66,127.95,24.76,MATCH
416,1088,SES878BTR4,Dec,COFFEE MAKERS,SES878BTR4,Sage Black Truffle Barista Pro,PRODUCT,0,1,POSITIVE_SALES_ACTIVITY,362.8,679.49,362.8,524.17,161.37,30.79,MATCH
417,424,EC9155.MB,Dec,COFFEE MAKERS,EC9155.MB,DeLonghi La Specailista Arte Coffee,PRODUCT,2,-1,NEGATIVE_SALES_ACTIVITY,252.67,509.49,-252.67,-274.17,-21.5,7.84,MATCH
418,338,CL4TT11G0,Dec,COFFEE MAKERS,CL4TT11G0,Neff N90 Built in Coffee Maker,PRODUCT,0,1,POSITIVE_SALES_ACTIVITY,1297.7,1947.49,1297.7,1540.83,243.13,15.78,MATCH
419,481,EXAM440.55.BDELONGHI,Dec,COFFEE MAKERS,EXAM440.55.BDeLonghi,Rivelia Bean to Cup Coffee,PRODUCT,1,1,POSITIVE_SALES_ACTIVITY,466.45,764.49,466.45,454.17,-12.28,-2.7,MATCH
420,1092,SES881BTR4,Dec,COFFEE MAKERS,SES881BTR4,Sage Black Truffle Barista Touch,PRODUCT,0,1,POSITIVE_SALES_ACTIVITY,673.78,1104.99,673.78,749.17,75.39,10.06,MATCH
421,1078,SES876ALM4,Dec,COFFEE MAKERS,SES876ALM4,The Barista Express Impress Almond,PRODUCT,1,1,POSITIVE_SALES_ACTIVITY,369.4,605.99,369.4,499.99,130.59,26.12,MATCH
422,426,ECAM220.22.,Dec,COFFEE MAKERS,ECAM220.22.,DeLonghi Magnifica Start Automatic,PRODUCT,-1,1,POSITIVE_SALES_ACTIVITY,200.27,409.99,200.27,249.99,49.72,19.89,MATCH
423,1094,SES995BSS4,Dec,COFFEE MAKERS,SES995BSS4,SAGE ORACLE DUAL BOILER,PRODUCT,1,1,POSITIVE_SALES_ACTIVITY,1509.08,2435.49,1509.08,1707.5,198.42,11.62,MATCH
424,415,DWQ66DM50,Dec,COOKER HOODS,DWQ66DM50,Bosch 60cm St/Steel Series 4 Hood,PRODUCT,0,1,POSITIVE_SALES_ACTIVITY,306.2,499.0,306.2,376.67,70.47,18.71,MATCH
425,380,DGE5861HM,Dec,COOKER HOODS,DGE5861HM,AEG 80cm Canopy Cooker Hood,PRODUCT,1,-1,NEGATIVE_SALES_ACTIVITY,359.55,552.99,-359.55,-340.83,18.72,-5.49,MATCH
426,508,FOLDGRA72,Dec,COOKER HOODS,FOLDGRA72,Elica 72cm Fold Hood Grey,PRODUCT,0,1,POSITIVE_SALES_ACTIVITY,172.55,313.99,172.55,182.5,9.95,5.45,MATCH
427,616,INTEGRATA6,Dec,COOKER HOODS,INTEGRATA6,Elica 5414601 60cm Integrata,PRODUCT,0,1,POSITIVE_SALES_ACTIVITY,60.35,126.99,60.35,99.17,38.82,39.14,MATCH
428,383,DLN77AC60B,Dec,COOKER HOODS,DLN77AC60B,Bosch Series 6 70cm Black Canopy,PRODUCT,0,1,POSITIVE_SALES_ACTIVITY,387.05,580.49,387.05,532.5,145.45,27.31,MATCH
429,341,CLA60EICR/C,Dec,COOKERS,CLA60EICR/C,128130 CLASSIC 60 INDUCTION,PRODUCT,0,1,POSITIVE_SALES_ACTIVITY,575.45,849.49,575.45,540.83,-34.62,-6.4,MATCH
430,339,CLA60DFFBL/128080,Dec,COOKERS,CLA60DFFBL/128080,CLASSIC 60 DF,PRODUCT,-1,1,POSITIVE_SALES_ACTIVITY,511.7,764.49,511.7,499.17,-12.53,-2.51,MATCH
431,340,CLA60EIBL/C,Dec,COOKERS,CLA60EIBL/C,128120 CLASSIC 60 INDUCTION,PRODUCT,0,1,POSITIVE_SALES_ACTIVITY,575.45,849.49,575.45,582.5,7.05,1.21,MATCH
432,300,BFSE62MFIX,Dec,COOKERS,BFSE62MFIX,Belling St/St 60cm Ceramic Top,PRODUCT,0,1,POSITIVE_SALES_ACTIVITY,389.0,579.95,389.0,457.5,68.5,14.97,MATCH
433,487,FA050UK,Dec,COOLING FANS,FA050UK,Shark Hydrogo Fan,PRODUCT,1,2,POSITIVE_SALES_ACTIVITY,86.03,123.99,172.06,158.32,-13.74,-8.68,MATCH
434,26,12031840,Dec,CYLINDER VACS,12031840,(New) Miele Complete C3 Autumn,PRODUCT,0,1,POSITIVE_SALES_ACTIVITY,129.36,269.0,129.36,149.17,19.81,13.28,MATCH
435,27,12034070,Dec,CYLINDER VACS,12034070,Miele Red Blizzard CX1 Cat & Dog,PRODUCT,1,2,POSITIVE_SALES_ACTIVITY,218.93,439.0,437.86,681.67,243.81,35.77,MATCH
436,374,DEX214F,Dec,DEHUMIDIFER,DEX214F,DELONGHI 14LITRE/24HOURS,PRODUCT,0,1,POSITIVE_SALES_ACTIVITY,134.75,228.99,134.75,165.83,31.08,18.74,MATCH
437,375,DEXD216RF,Dec,DEHUMIDIFER,DEXD216RF,Delonghi 16L Dehiumidifier,PRODUCT,3,1,POSITIVE_SALES_ACTIVITY,165.85,271.99,165.85,232.5,66.65,28.67,MATCH
438,373,DEX212SF,Dec,DEHUMIDIFER,DEX212SF,Delonghi 12L Dehumidifier,PRODUCT,3,2,POSITIVE_SALES_ACTIVITY,142.12,237.99,284.24,287.5,3.26,1.13,MATCH
439,370,DELIVERY-CHLOCAL,Dec,DELIVERY CHARGE,DELIVERY-CHLOCAL,DELIVERY CHARGE,PRODUCT,-14,3,POSITIVE_SALES_ACTIVITY,0.0,0.49,0.0,34.17,34.17,100.0,MATCH
440,369,DELIVERY,Dec,DELIVERY CHARGE,Delivery,WEB DELIVERY CHARGE,SERVICE_CHARGE,-26,5,POSITIVE_SALES_ACTIVITY,0.0,5.99,0.0,10.01,10.01,100.0,MATCH
441,369,DELIVERY,Dec,DELIVERY CHARGE,DELIVERY,Web Delivery Charge,SERVICE_CHARGE,-9,4,POSITIVE_SALES_ACTIVITY,0.01,21.49,0.04,33.33,33.29,99.88,MATCH
442,1295,W7FHS51XUKWHIRLPOOL,Dec,DISHWASHERS,W7FHS51XUKWhirlpool,Dishwasher Maxi Space,PRODUCT,-1,1,POSITIVE_SALES_ACTIVITY,403.11,594.49,403.11,490.83,87.72,17.87,MATCH
443,518,G5811SCCLS,Dec,DISHWASHERS,G5811SCCLS,Miele 12864970 St/St Dishwasher,PRODUCT,1,1,POSITIVE_SALES_ACTIVITY,635.8,959.99,635.8,739.58,103.78,14.03,MATCH
444,1246,U1ACE2AG3BNEFF,Dec,DOUBLE OVENS,U1ACE2AG3BNeff,N50 Graphite Double Oven,PRODUCT,1,1,POSITIVE_SALES_ACTIVITY,582.42,878.99,582.42,632.5,50.08,7.92,MATCH
445,390,DUB1002,Dec,ELECTRIC BLANKETS,DUB1002,Dimplex Double Underblanket,PRODUCT,4,1,POSITIVE_SALES_ACTIVITY,23.92,38.49,23.92,33.33,9.41,28.23,MATCH
446,378,DFB2003,Dec,ELECTRIC BLANKETS,DFB2003,Dimplex Double Dual Ctrl Fleece,PRODUCT,3,1,POSITIVE_SALES_ACTIVITY,47.86,76.49,47.86,56.25,8.39,14.92,MATCH
447,379,DFB2004,Dec,ELECTRIC BLANKETS,DFB2004,Dimplex King Fleece Dual Ctrl,PRODUCT,1,1,POSITIVE_SALES_ACTIVITY,53.18,84.99,53.18,70.79,17.61,24.88,MATCH
448,489,FB523RGRW,Dec,FITNESS,FB523RGRW,Fitbit Versa 4 Pink Sand/Copper,PRODUCT,1,1,POSITIVE_SALES_ACTIVITY,131.43,194.99,131.43,149.17,17.74,11.89,MATCH
449,488,FB424BKLV,Dec,FITNESS,FB424BKLV,Fitbit Inspire 3 Lilac Bliss,PRODUCT,1,1,POSITIVE_SALES_ACTIVITY,63.72,84.49,63.72,49.99,-13.73,-27.47,MATCH
450,3,010-02784-01,Dec,FITNESS,010-02784-01,Garmin Venu 3 Smartwatch - Slate,PRODUCT,1,1,POSITIVE_SALES_ACTIVITY,269.51,415.99,269.51,290.83,21.32,7.33,MATCH
451,2,010-02784-00,Dec,FITNESS,010-02784-00,Garmin Venu 3 Smartwatch - Silver,PRODUCT,0,1,POSITIVE_SALES_ACTIVITY,269.48,269.99,269.48,307.5,38.02,12.36,MATCH
452,810,MWWP3QA/A,Dec,FITNESS,MWWP3QA/A,Apple Watch S10 46mm Black Case,PRODUCT,1,1,POSITIVE_SALES_ACTIVITY,334.19,407.49,334.19,249.17,-85.02,-34.12,MATCH
453,1033,RK1568UK,Dec,FOOD PREP,RK1568UK,Tefal 2.2L Rice Cooker,PRODUCT,0,1,POSITIVE_SALES_ACTIVITY,20.72,42.49,20.72,30.83,10.11,32.79,MATCH
454,778,MG510,Dec,FOOD PREP,MG510,Kenwood Food Mincer,PRODUCT,0,1,POSITIVE_SALES_ACTIVITY,77.73,129.99,77.73,104.17,26.44,25.38,MATCH
455,47,21140,Dec,FOOD PREP,21140,Russell Hobbs Food Steamer,PRODUCT,2,1,POSITIVE_SALES_ACTIVITY,23.32,38.49,23.32,24.99,1.67,6.68,MATCH
456,35,15199,Dec,FOOD PREP,15199,Russell Hobbs 2 Plate Portable Hob,PRODUCT,3,1,POSITIVE_SALES_ACTIVITY,29.99,49.49,29.99,24.99,-5.0,-20.01,MATCH
457,734,KVL4100S,Dec,FOOD PREP,KVL4100S,Kenwood Chef XL Silver 1200W,PRODUCT,-1,1,POSITIVE_SALES_ACTIVITY,232.37,381.99,232.37,233.33,0.96,0.41,MATCH
458,148,501022,Dec,FOOD PREP,501022,Morphy Richards St/St Soup Maker,PRODUCT,9,1,POSITIVE_SALES_ACTIVITY,37.19,84.99,37.19,53.33,16.14,30.26,MATCH
459,721,KN650A,Dec,FOOD PREP,KN650A,Kenwood Electric Knife | KN650A,PRODUCT,-7,5,POSITIVE_SALES_ACTIVITY,15.37,29.99,76.85,123.3,46.45,37.67,MATCH
460,39,19750,Dec,FOOD PREP,19750,Russell Hobbs Rice Cooker 1.8Ltr,PRODUCT,2,1,POSITIVE_SALES_ACTIVITY,23.32,38.49,23.32,20.83,-2.49,-11.95,MATCH
461,101,300300,Dec,FOOD PREP,300300,"MR Crystal Clear 2400watt, Precision",PRODUCT,2,4,POSITIVE_SALES_ACTIVITY,15.93,21.49,63.72,78.31,14.59,18.63,MATCH
462,735,KVL65.001WHKENWOOD,Dec,FOOD PREP,KVL65.001WHKenwood,CHEF BAKER XL,PRODUCT,0,1,POSITIVE_SALES_ACTIVITY,259.14,509.49,259.14,257.5,-1.64,-0.64,MATCH
463,311,BN800UK,Dec,FOOD PREP,BN800UK,NINJA 3 IN 1 FOOD,PRODUCT,2,1,POSITIVE_SALES_ACTIVITY,135.98,203.49,135.98,120.83,-15.15,-12.54,MATCH
464,306,BL841140,Dec,FOOD PREP,BL841140,TEFAL EASY SOUP MAKER,PRODUCT,1,1,POSITIVE_SALES_ACTIVITY,51.31,85.49,51.31,53.33,2.02,3.79,MATCH
465,838,OG701UK,Dec,FOOD PREP,OG701UK,Ninja Woodfire Grill,PRODUCT,0,1,POSITIVE_SALES_ACTIVITY,237.97,356.49,237.97,149.17,-88.8,-59.53,MATCH
466,318,BWM520BSS,Dec,FOOD PREP,BWM520BSS,Sage No Mess Waffle Maker,PRODUCT,1,1,POSITIVE_SALES_ACTIVITY,69.96,114.99,69.96,82.5,12.54,15.2,MATCH
467,771,MC1001UK,Dec,FOOD PREP,MC1001UK,Ninja 8-in-1 Slow Cooker,PRODUCT,0,3,POSITIVE_SALES_ACTIVITY,101.99,152.49,305.97,348.33,42.36,12.16,MATCH
468,244,ADD4902BK/1PHILIPS,Dec,FOOD PREP,ADD4902BK/1Philips,GoZero Soda Maker + 1 btl &,PRODUCT,1,1,POSITIVE_SALES_ACTIVITY,60.74,92.99,60.74,74.17,13.43,18.11,MATCH
469,248,AF140UK,Dec,FOOD PREP,AF140UK,Ninja Air Fryer PRO 4.7L,PRODUCT,5,1,POSITIVE_SALES_ACTIVITY,70.83,131.99,70.83,82.5,11.67,14.15,MATCH
470,789,MQ55236M,Dec,FOOD PREP,MQ55236M,Braun Multiquick 5 Pro Hand Blender,PRODUCT,3,1,POSITIVE_SALES_ACTIVITY,41.45,93.49,41.45,46.67,5.22,11.18,MATCH
471,772,MC1101UK,Dec,FOOD PREP,MC1101UK,Ninja Foodi 8-mode 6L,PRODUCT,1,1,POSITIVE_SALES_ACTIVITY,79.32,118.49,79.32,99.17,19.85,20.02,MATCH
472,245,ADD915/10,Dec,FOOD PREP,ADD915/10,Philips Sodamaker CO2 Cylinder,PRODUCT,20,1,POSITIVE_SALES_ACTIVITY,15.33,24.99,15.33,20.83,5.5,26.4,MATCH
473,505,FN101UKSG,Dec,FOOD PREP,FN101UKSG,Ninja Crispi 4 in 1 Glass Airfryer,PRODUCT,-1,1,POSITIVE_SALES_ACTIVITY,92.43,173.49,92.43,103.33,10.9,10.55,MATCH
474,686,KGE49AICAG,Dec,FRIDGE FREEZERS,KGE49AICAG,*Bosch St/St 201x70 Fridge Freezer,PRODUCT,4,1,POSITIVE_SALES_ACTIVITY,499.99,827.99,499.99,582.5,82.51,14.16,MATCH
475,605,IB55732BUK,Dec,FRIDGE FREEZERS,IB55732BUK,Indesit Black 1824 x 550 Fridge,PRODUCT,0,1,POSITIVE_SALES_ACTIVITY,230.35,339.49,230.35,307.5,77.15,25.09,MATCH
476,756,LNT5ME32W1ELECTROLUX,Dec,FRIDGE FREEZERS,LNT5ME32W1Electrolux,White 185cm Fridge,PRODUCT,1,1,POSITIVE_SALES_ACTIVITY,369.91,649.99,369.91,374.99,5.08,1.35,MATCH
477,614,INK25322W4UINDESIT,Dec,FRIDGE FREEZERS,INK25322W4UIndesit,1835 x 595 White 70/30,PRODUCT,1,1,POSITIVE_SALES_ACTIVITY,291.33,429.99,291.33,290.83,-0.5,-0.17,MATCH
478,923,P450TTIBLM,Dec,FRIDGES,P450TTIBLM,Powerpoint Table Top Fridge with ice,PRODUCT,1,1,POSITIVE_SALES_ACTIVITY,57.8,135.49,57.8,95.83,38.03,39.68,MATCH
479,925,P45514MLW-EPOWERPOINT,Dec,FRIDGES,P45514MLW-EPowerpoint,540 x 1441 White Tall,PRODUCT,1,1,POSITIVE_SALES_ACTIVITY,170.0,248.99,170.0,208.33,38.33,18.4,MATCH
480,70,24570,Dec,FRYERS,24570,DEEP FAT FRYER,PRODUCT,2,1,POSITIVE_SALES_ACTIVITY,31.24,49.99,31.24,35.83,4.59,12.81,MATCH
481,71,24580,Dec,FRYERS,24580,Russell Hobbs Digital Deep Fryer,PRODUCT,0,2,POSITIVE_SALES_ACTIVITY,51.82,84.99,103.64,115.0,11.36,9.88,MATCH
482,252,AF400UK,Dec,FRYERS,AF400UK,Ninja Foodi Max Dual Zon Fryer 9.5L,PRODUCT,3,0,ZERO_UNIT_FINANCIAL_ADJUSTMENT,157.16,254.49,0.0,0.01,0.01,100.0,MATCH
483,1120,SL400UK,Dec,FRYERS,SL400UK,Ninja Double Stacked Air Fryer,PRODUCT,2,1,POSITIVE_SALES_ACTIVITY,181.31,271.49,181.31,158.33,-22.98,-14.51,MATCH
484,418,DZ400UK,Dec,FRYERS,DZ400UK,Ninja MAX 6-in-1 Dual Zone Air Fryer,PRODUCT,3,3,POSITIVE_SALES_ACTIVITY,160.45,249.0,481.35,396.67,-84.68,-21.35,MATCH
485,417,DZ300UK,Dec,FRYERS,DZ300UK,Ninja 6-in-1 Dual Zone Air Fryer 7.6L,PRODUCT,3,2,POSITIVE_SALES_ACTIVITY,141.66,222.99,283.32,199.98,-83.34,-41.67,MATCH
486,482,EY901HG0,Dec,FRYERS,EY901HG0,"Easy Fry Dual Air Fryer - Coal, 8.3L",PRODUCT,1,1,POSITIVE_SALES_ACTIVITY,53.04,86.49,53.04,70.0,16.96,24.23,MATCH
487,689,KGS64362XX,Dec,GAS HOBS,KGS64362XX,Electrolux 60cm St/St Slimline Gas,PRODUCT,1,1,POSITIVE_SALES_ACTIVITY,170.73,299.99,170.73,199.17,28.44,14.28,MATCH
488,952,PPM9A6I40,Dec,GAS HOBS,PPM9A6I40,Bosch 90cm Black Glass Gas Hob,PRODUCT,0,1,POSITIVE_SALES_ACTIVITY,424.83,646.99,424.83,582.5,157.67,27.07,MATCH
489,361,D3010,Dec,HAIRCARE,D3010,Remington Hair Dryer,PRODUCT,1,1,POSITIVE_SALES_ACTIVITY,11.24,19.99,11.24,14.99,3.75,25.02,MATCH
490,1057,S8500,Dec,HAIRCARE,S8500,Remington Shine Therapy,PRODUCT,2,1,POSITIVE_SALES_ACTIVITY,24.87,40.99,24.87,24.17,-0.7,-2.9,MATCH
491,572,HD440SLUK,Dec,HAIRCARE,HD440SLUK,Shark FlexStyle 5-in-1 Air Styler &,PRODUCT,0,1,POSITIVE_SALES_ACTIVITY,211.45,305.99,211.45,216.66,5.21,2.4,MATCH
492,827,NE3890,Dec,HAIRCARE,NE3890,Remington U51 Male Trimmer Kit,PRODUCT,0,2,POSITIVE_SALES_ACTIVITY,10.36,16.99,20.72,20.82,0.1,0.48,MATCH
493,181,561727-01,Dec,HAIRCARE,561727-01,Dyson Supersonic Nural Strawberry,PRODUCT,2,-1,NEGATIVE_SALES_ACTIVITY,316.66,399.99,-270.11,-332.5,-62.39,18.76,SOURCE_ADJUSTMENT
494,570,HD436SLUK,Dec,HAIRCARE,HD436SLUK,Shark Flexstyle 4 in 1 Air Styler &,PRODUCT,2,1,POSITIVE_SALES_ACTIVITY,170.33,245.99,170.33,133.33,-37.0,-27.75,MATCH
495,575,HD731UK,Dec,HAIRCARE,HD731UK,Shark SpeedStyle Pro 3 in 1 Hair,PRODUCT,2,1,POSITIVE_SALES_ACTIVITY,120.44,190.49,120.44,103.33,-17.11,-16.56,MATCH
496,187,601857-01,Dec,HAIRCARE,601857-01,Dyson Airwrap Ceramic Pink / Rose,PRODUCT,2,1,POSITIVE_SALES_ACTIVITY,379.99,479.99,374.45,399.17,24.72,6.19,SOURCE_ADJUSTMENT
497,186,598961-01,Dec,HAIRCARE,598961-01,Dyson Airstrait Rose Gold & Pink,PRODUCT,2,1,POSITIVE_SALES_ACTIVITY,356.24,449.99,332.11,249.17,-82.94,-33.29,SOURCE_ADJUSTMENT
498,569,HD301UK,Dec,HAIRCARE,HD301UK,Shark SppedStyle Hair Dryer,PRODUCT,1,1,POSITIVE_SALES_ACTIVITY,70.83,110.99,70.83,83.33,12.5,15.0,MATCH
499,1353,WHCH520LCESONY,Dec,HEADPHONES,WHCH520LCESony,Over Ear Headphones Blue,PRODUCT,1,1,POSITIVE_SALES_ACTIVITY,31.07,50.99,31.07,29.16,-1.91,-6.55,MATCH
500,1346,WH1000XM5BSONY,Dec,HEADPHONES,WH1000XM5BSony,Black Mark 5 Heaphones,PRODUCT,0,1,POSITIVE_SALES_ACTIVITY,217.66,335.99,217.66,165.83,-51.83,-31.25,MATCH
501,1329,WFC700NWC,Dec,HEADPHONES,WFC700NWC,Sony Wht True Wireless Noise,PRODUCT,1,1,POSITIVE_SALES_ACTIVITY,62.17,109.99,62.17,58.33,-3.84,-6.58,MATCH
502,208,700365,Dec,HEADPHONES,700365,Sennheiser Momentum Tue Wireless,PRODUCT,1,1,POSITIVE_SALES_ACTIVITY,149.55,254.49,149.55,165.83,16.28,9.82,MATCH
503,1366,WHULT900NBSONY,Dec,HEADPHONES,WHULT900NBSONY,"Black Bluetooth 5.2, NC",PRODUCT,-2,-1,NEGATIVE_SALES_ACTIVITY,113.51,186.99,-113.51,-99.17,14.34,-14.46,MATCH
504,812,MXP63ZM/A,Dec,HEADPHONES,MXP63ZM/A,AirPods 4,PRODUCT,6,3,POSITIVE_SALES_ACTIVITY,95.1,126.99,285.3,264.17,-21.13,-8.0,MATCH
505,813,MXP93ZM/A,Dec,HEADPHONES,MXP93ZM/A,AirPods 4 with Active Noise,PRODUCT,3,2,POSITIVE_SALES_ACTIVITY,131.96,169.49,263.92,248.34,-15.58,-6.27,MATCH
506,1327,WFC510WCE,Dec,HEADPHONES,WFC510WCE,"Sony White ear buds, IPX4, 10",PRODUCT,2,1,POSITIVE_SALES_ACTIVITY,31.21,0.49,31.21,33.33,2.12,6.36,MATCH
507,1368,WHULT900NHSONY,Dec,HEADPHONES,WHULT900NHSony,Dark Grey Bluetooth®,PRODUCT,2,1,POSITIVE_SALES_ACTIVITY,113.91,0.49,113.91,140.83,26.92,19.12,MATCH
508,108,38-S805-ST-B,Dec,HEADPHONES,38-S805-ST-B,Shokz OpenRun Blue- Type C,PRODUCT,0,1,POSITIVE_SALES_ACTIVITY,66.73,118.49,66.73,104.17,37.44,35.94,MATCH
509,301,BHR8776GL,Dec,HEADPHONES,BHR8776GL,WBW Redmi Buds 6 Play Black,PRODUCT,4,1,POSITIVE_SALES_ACTIVITY,0.0,0.49,0.0,19.99,19.99,100.0,MATCH
510,580,HFX30C18.IW,Dec,HEATING,HFX30C18.IW,DELONGHI CAPSULE HEATER,PRODUCT,4,2,POSITIVE_SALES_ACTIVITY,25.91,50.99,51.82,79.16,27.34,34.54,MATCH
511,431,ECR20,Dec,HEATING,ECR20,Dimplex 2000Watt Oil Free Rad,PRODUCT,0,2,POSITIVE_SALES_ACTIVITY,74.47,118.99,148.94,148.33,-0.61,-0.41,MATCH
512,138,454856-01,Dec,HEATING,454856-01,Dyson HP10 Hot & Cool Purifier StSt,PRODUCT,0,1,POSITIVE_SALES_ACTIVITY,435.41,549.99,393.9,299.17,-94.73,-31.66,SOURCE_ADJUSTMENT
513,712,KM7464FR,Dec,HOBS,KM7464FR,Miele 11144020 60cm Induction Hob,PRODUCT,0,1,POSITIVE_SALES_ACTIVITY,601.23,980.99,601.23,799.17,197.94,24.77,MATCH
514,944,PIE631BB5E,Dec,HOBS,PIE631BB5E,Bosch Serie 4 Induction Hob 60cm,PRODUCT,1,1,POSITIVE_SALES_ACTIVITY,344.25,625.99,344.25,332.5,-11.75,-3.53,MATCH
515,946,PKE611CA3E,Dec,HOBS,PKE611CA3E,*Bosch 60cm Serie 2 Ceramic Hob,PRODUCT,-1,1,POSITIVE_SALES_ACTIVITY,188.7,340.49,188.7,182.5,-6.2,-3.4,MATCH
516,1174,T58FHW1L0,Dec,HOBS,T58FHW1L0,Neff N70 80cm Induction Hob,PRODUCT,1,1,POSITIVE_SALES_ACTIVITY,476.85,730.49,476.85,540.83,63.98,11.83,MATCH
517,516,G1.DGBRLLK,Dec,HOME CINEMA,G1.DGBRLLK,LG 3.1ch Soundbar 2023,PRODUCT,-1,1,POSITIVE_SALES_ACTIVITY,300.91,466.99,300.91,333.33,32.42,9.73,MATCH
518,598,HTB600,Dec,HOME CINEMA,HTB600,Sony Bravia Theatre Bar 6,PRODUCT,1,1,POSITIVE_SALES_ACTIVITY,336.15,497.49,336.15,275.0,-61.15,-22.24,MATCH
519,602,HW-Q600F/XUSAMSUNG,Dec,HOME CINEMA,HW-Q600F/XUSamsung,Q Series Soundbar,PRODUCT,3,1,POSITIVE_SALES_ACTIVITY,376.07,580.49,376.07,332.5,-43.57,-13.1,MATCH
520,14,1107129,Dec,HOUSEHOLD,1107129,Berghoff Coffee /Tea Plunger .60L,PRODUCT,3,1,POSITIVE_SALES_ACTIVITY,6.22,15.49,6.22,16.67,10.45,62.69,MATCH
521,114,3950572,Dec,HOUSEHOLD,3950572,Berghoff 32cm non stick Frying pan,PRODUCT,1,1,POSITIVE_SALES_ACTIVITY,27.29,67.49,27.29,54.99,27.7,50.37,MATCH
522,615,INSTALLATIO,Dec,INSTALLATION,INSTALLATIO,INSTALLATION FEE,PRODUCT,-53,12,POSITIVE_SALES_ACTIVITY,0.01,125.49,0.12,595.84,595.72,99.98,MATCH
523,615,INSTALLATIO,Dec,INSTALLATION,INSTALLATIO,INSTALLATION FREE STANDING,PRODUCT,-3,1,POSITIVE_SALES_ACTIVITY,0.01,34.49,0.01,33.33,33.32,99.97,MATCH
524,615,INSTALLATIO,Dec,INSTALLATION,INSTALLATIO,INSTALLATION BUILT IN,PRODUCT,-2,1,POSITIVE_SALES_ACTIVITY,0.01,59.99,0.01,66.67,66.66,99.99,MATCH
525,1142,SMV4HVX00GBOSCH,Dec,INT DISHWASHERS,SMV4HVX00GBosch,Series 4 Integrated,PRODUCT,1,2,POSITIVE_SALES_ACTIVITY,344.25,568.99,688.5,798.34,109.84,13.76,MATCH
526,1140,SMV4EAX23GBOSCH,Dec,INT DISHWASHERS,SMV4EAX23GBosch,Series 4 60cm Integrated,PRODUCT,0,1,POSITIVE_SALES_ACTIVITY,441.29,679.49,441.29,499.17,57.88,11.6,MATCH
527,1058,S875HKX21G,Dec,INT DISHWASHERS,S875HKX21G,Neff N50 Slimline 45cm Integrated,PRODUCT,0,1,POSITIVE_SALES_ACTIVITY,396.3,608.49,396.3,441.67,45.37,10.27,MATCH
528,1108,SIFNE5108,Dec,INT FREEZERS,SIFNE5108,Liebherr Integrated No Frost Freezer,PRODUCT,0,1,POSITIVE_SALES_ACTIVITY,826.2,1359.49,826.2,915.83,89.63,9.79,MATCH
529,697,KI96NVFD0,Dec,INT FRIDGE FREEZERS,KI96NVFD0,Siemens iQ300Integrated FF 193.5,PRODUCT,0,1,POSITIVE_SALES_ACTIVITY,595.16,891.99,595.16,807.5,212.34,26.3,MATCH
530,612,INC18D011B1,Dec,INT FRIDGE FREEZERS,INC18D011B1,Indesit 70/30 Integrated Fridge,PRODUCT,1,1,POSITIVE_SALES_ACTIVITY,287.94,424.99,287.94,315.83,27.89,8.83,MATCH
531,622,IRBCI5150,Dec,INT FRIDGES,IRBCI5150,Liebherr Integrated Fridge with,PRODUCT,0,1,POSITIVE_SALES_ACTIVITY,1232.5,2209.49,1232.5,1249.17,16.67,1.33,MATCH
532,297,BFL523MS0B,Dec,INT MICROWAVES,BFL523MS0B,BOSCH MICROWAVE OVENS RED,PRODUCT,1,1,POSITIVE_SALES_ACTIVITY,154.78,413.49,154.78,299.17,144.39,48.26,MATCH
533,1287,VM131BL,Dec,INT MICROWAVES,VM131BL,CDA Black Integrated Microwave,PRODUCT,2,1,POSITIVE_SALES_ACTIVITY,121.55,228.99,121.55,174.99,53.44,30.54,MATCH
534,258,AMW423/IX,Dec,INT MICROWAVES,AMW423/IX,WHIRLPOOL ABSOLUTE 750W,PRODUCT,0,1,POSITIVE_SALES_ACTIVITY,230.35,288.49,230.35,232.5,2.15,0.92,MATCH
535,794,MS22M8254A,Dec,INT MICROWAVES,MS22M8254A,Samsung Black 22L Integrated,PRODUCT,1,1,POSITIVE_SALES_ACTIVITY,208.22,331.49,208.22,245.83,37.61,15.3,MATCH
536,1005,REV-ISTREA,Dec,INTERNET RADIOS,REV-ISTREA,Roberts Revival iStream 3L Black,PRODUCT,0,2,POSITIVE_SALES_ACTIVITY,133.0,212.49,266.0,332.49,66.49,20.0,MATCH
537,43,20630,Dec,IRONS,20630,RUSSELLHOBBS 3100W STEAM,PRODUCT,2,1,POSITIVE_SALES_ACTIVITY,36.28,59.49,36.28,41.66,5.38,12.91,MATCH
538,105,332102,Dec,IRONS,332102,MORPHY RICHARDS 7 BAR 3000W,PRODUCT,1,1,POSITIVE_SALES_ACTIVITY,129.29,212.49,129.29,149.17,19.88,13.33,MATCH
539,1105,SI3055BK,Dec,IRONS,SI3055BK,Braun 2400W Iron,PRODUCT,0,2,POSITIVE_SALES_ACTIVITY,31.09,50.99,62.18,46.6,-15.58,-33.43,MATCH
540,1106,SI5008BL,Dec,IRONS,SI5008BL,Braun Iron,PRODUCT,3,1,POSITIVE_SALES_ACTIVITY,38.87,63.99,38.87,49.99,11.12,22.24,MATCH
541,1196,TAPOP100,Dec,IT ACCESSORIES,TAPOP100,Tapo Mini Smart Wifi Socket,PRODUCT,2,1,POSITIVE_SALES_ACTIVITY,7.13,15.49,7.13,8.33,1.2,14.41,MATCH
542,1197,TAPOP110,Dec,IT ACCESSORIES,TAPOP110,"TP Link Mini Smart Wi-Fi Socket, En",PRODUCT,-2,1,POSITIVE_SALES_ACTIVITY,7.13,16.99,7.13,8.33,1.2,14.41,MATCH
543,1205,TC1737,Dec,IT ACCESSORIES,TC1737,TechCharge 5000ma Black Charger/,PRODUCT,0,2,POSITIVE_SALES_ACTIVITY,9.65,16.99,19.3,28.32,9.02,31.85,MATCH
544,885,P-SDU128V11PNY,Dec,IT ACCESSORIES,P-SDU128V11PNY,Elite Micro Class 10 SD,PRODUCT,4,1,POSITIVE_SALES_ACTIVITY,8.76,14.49,8.76,9.99,1.23,12.31,MATCH
545,806,MUVT3B/A,Dec,IT ACCESSORIES,MUVT3B/A,Apple 20W USB-C Power Adapter,PRODUCT,2,1,POSITIVE_SALES_ACTIVITY,12.78,21.49,12.78,15.83,3.05,19.27,MATCH
546,1204,TC1714,Dec,IT ACCESSORIES,TC1714,"Tech Charge 12,000ma 1x USBC 2 x",PRODUCT,0,1,POSITIVE_SALES_ACTIVITY,16.91,29.99,16.91,18.33,1.42,7.75,MATCH
547,811,MX2D3ZM/A,Dec,IT ACCESSORIES,MX2D3ZM/A,Apple Pencil Pro,PRODUCT,0,1,POSITIVE_SALES_ACTIVITY,98.34,126.99,98.34,82.5,-15.84,-19.2,MATCH
548,542,GVCH1000,Dec,IT ACCESSORIES,GVCH1000,"Groove PowerBank 10,000MH",PRODUCT,-2,3,POSITIVE_SALES_ACTIVITY,12.07,21.49,36.21,54.15,17.94,33.13,MATCH
549,551,GVMA107WE,Dec,IT ACCESSORIES,GVMA107WE,GROOVE USBC MAINS CHARGER,PRODUCT,2,1,POSITIVE_SALES_ACTIVITY,6.72,12.99,6.72,10.83,4.11,37.95,MATCH
550,552,GVMA109WE,Dec,IT ACCESSORIES,GVMA109WE,Groove 3-Port USB Mains GaN,PRODUCT,1,1,POSITIVE_SALES_ACTIVITY,18.01,0.49,18.01,24.99,6.98,27.93,MATCH
551,10,103414675,Dec,IT ACCESSORIES,103414675,ZAGG Pro Keys 2-Apple iPad Pro 13,PRODUCT,0,1,POSITIVE_SALES_ACTIVITY,76.17,147.99,76.17,82.5,6.33,7.67,MATCH
552,41,20460,Dec,KETTLES,20460,RUSSELLHOBBS QUIET BOIL,PRODUCT,2,1,POSITIVE_SALES_ACTIVITY,28.12,44.99,28.12,24.99,-3.13,-12.53,MATCH
553,709,KLF03SSUK,Dec,KETTLES,KLF03SSUK,New Smeg Kettle 3D Logo Polished,PRODUCT,4,1,POSITIVE_SALES_ACTIVITY,125.17,219.95,106.39,106.25,-0.14,-0.13,SOURCE_ADJUSTMENT
554,706,KLF03CRUK,Dec,KETTLES,KLF03CRUK,Smeg Cream Retro Kettle 3D Logo,PRODUCT,1,2,POSITIVE_SALES_ACTIVITY,96.72,169.95,187.44,214.99,27.55,12.81,SOURCE_ADJUSTMENT
555,708,KLF03RDUK,Dec,KETTLES,KLF03RDUK,Smeg Kettle Red 3D Logo,PRODUCT,2,1,POSITIVE_SALES_ACTIVITY,96.72,169.95,82.21,108.33,26.12,24.11,SOURCE_ADJUSTMENT
556,51,21600-10,Dec,KETTLES,21600-10,RUSSELL HOBBS GLASS KETTLE,PRODUCT,1,1,POSITIVE_SALES_ACTIVITY,31.09,50.99,31.09,30.83,-0.26,-0.84,MATCH
557,83,26080,Dec,KETTLES,26080,RH CLASSIC GLASS KETTLE,PRODUCT,2,1,POSITIVE_SALES_ACTIVITY,23.32,34.95,23.32,24.17,0.85,3.52,MATCH
558,1432,ZJP05.C0DG,Dec,KETTLES,ZJP05.C0DG,Kenwood Abbey Rose Gold Kettle,PRODUCT,3,1,POSITIVE_SALES_ACTIVITY,16.58,33.99,16.58,23.33,6.75,28.93,MATCH
559,1117,SKE735BTR4,Dec,KETTLES,SKE735BTR4,Sage Black Truffle Kettle,PRODUCT,3,-1,NEGATIVE_SALES_ACTIVITY,67.37,109.99,-67.37,-79.17,-11.8,14.9,MATCH
560,1116,SKE735BST4,Dec,KETTLES,SKE735BST4,Sage Black St/St Kettle,PRODUCT,1,1,POSITIVE_SALES_ACTIVITY,67.37,109.99,67.37,79.17,11.8,14.9,MATCH
561,236,980598,Dec,KETTLES,980598,Morphy Richards Colour Boutique,PRODUCT,5,1,POSITIVE_SALES_ACTIVITY,29.13,49.99,29.13,37.49,8.36,22.3,MATCH
562,1071,SE1504FA-NJ,Dec,LAPTOPS,SE1504FA-NJ,"Asus 15.6"" R3 8GB/128GB",PRODUCT,1,1,POSITIVE_SALES_ACTIVITY,254.99,381.99,254.99,290.83,35.84,12.32,MATCH
563,1419,X1605ZA-MB1ASUS,Dec,LAPTOPS,X1605ZA-MB1Asus,"16"" i7 8GB/512 SSD Laptop",PRODUCT,0,1,POSITIVE_SALES_ACTIVITY,327.99,491.49,327.99,340.83,12.84,3.77,MATCH
564,420,E1504GA-NJ0,Dec,LAPTOPS,E1504GA-NJ0,15.6” FHD Intel Core i3-N305 8GB,PRODUCT,0,1,POSITIVE_SALES_ACTIVITY,254.99,382.49,254.99,207.5,-47.49,-22.89,MATCH
565,808,MW123B/A,Dec,LAPTOPS,MW123B/A,13-inch MacBook Air: Apple M4 chip,PRODUCT,0,1,POSITIVE_SALES_ACTIVITY,755.24,1061.99,755.24,774.17,18.93,2.45,MATCH
566,1163,SX1504VA-NJ,Dec,LAPTOPS,SX1504VA-NJ,ASUS 15.6” FHD Intel C-i5 16GB,PRODUCT,1,1,POSITIVE_SALES_ACTIVITY,372.66,558.49,372.66,340.83,-31.83,-9.34,MATCH
567,231,980575,Dec,MICROWAVE OVENS,980575,Dimplex Black 20L 800W Microwave,PRODUCT,1,1,POSITIVE_SALES_ACTIVITY,55.25,84.49,55.25,65.83,10.58,16.07,MATCH
568,904,P22720CPMS,Dec,MICROWAVE OVENS,P22720CPMS,Powerpoint Silver 20L 700W,PRODUCT,4,1,POSITIVE_SALES_ACTIVITY,44.2,64.99,44.2,49.99,5.79,11.58,MATCH
569,1137,SMO870BST4,Dec,MICROWAVE OVENS,SMO870BST4,the Combi Wave 3 in 1,PRODUCT,2,1,POSITIVE_SALES_ACTIVITY,248.78,407.99,248.78,290.83,42.05,14.46,MATCH
570,908,P22820MDSS,Dec,MICROWAVE OVENS,P22820MDSS,Powerpoint St/St 20L 800W,PRODUCT,0,1,POSITIVE_SALES_ACTIVITY,61.2,89.99,61.2,74.99,13.79,18.39,MATCH
571,767,M,Dec,MISC,M,MISCELANEOUS,PRODUCT,-22,8,POSITIVE_SALES_ACTIVITY,0.01,0.49,0.08,150.0,149.92,99.95,MATCH
572,470,ET-2850,Dec,PRINTERS,ET-2850,EPSON Eco Tank ET2850,PRODUCT,0,1,POSITIVE_SALES_ACTIVITY,165.85,271.49,165.85,165.83,-0.02,-0.01,MATCH
573,1420,XP-2205,Dec,PRINTERS,XP-2205,Epson C11CK67402 Printer,PRODUCT,1,1,POSITIVE_SALES_ACTIVITY,33.17,50.99,33.17,40.83,7.66,18.76,MATCH
574,998,R260MB,Dec,RADIOS,R260MB,Roberts Midnight Blue1950's Replica,PRODUCT,1,1,POSITIVE_SALES_ACTIVITY,74.47,118.99,74.47,99.17,24.7,24.91,MATCH
575,1005,REV-ISTREA,Dec,RADIOS,REV-ISTREA,Roberts Revival iStream 3L Radio |,PRODUCT,2,1,POSITIVE_SALES_ACTIVITY,133.0,212.49,133.0,165.83,32.83,19.8,MATCH
576,802,MT-106BT,Dec,RADIOS,MT-106BT,"Muse Stereo Turntable, USB Port,",PRODUCT,0,2,POSITIVE_SALES_ACTIVITY,108.53,186.49,217.06,290.0,72.94,25.15,MATCH
577,800,MT-103GD,Dec,RADIOS,MT-103GD,Muse Vintage Turntable USB Port 2,PRODUCT,0,1,POSITIVE_SALES_ACTIVITY,48.82,101.99,48.82,82.5,33.68,40.82,MATCH
578,1232,TR103BL,Dec,RANGE COOKERS,TR103BL,SMEG BLACK 100CM VICTORIA,PRODUCT,0,1,POSITIVE_SALES_ACTIVITY,2262.77,3479.0,1923.35,2165.83,242.48,11.2,SOURCE_ADJUSTMENT
579,342,CLA90DFFBL/RANGEMASTER,Dec,RANGE COOKERS,CLA90DFFBL/Rangemaster,(116490) 90cm D/Duel,PRODUCT,0,1,POSITIVE_SALES_ACTIVITY,1923.55,2889.49,1923.55,1583.33,-340.22,-21.49,MATCH
580,332,CDL90DFFCY/84490,Dec,RANGE COOKERS,CDL90DFFCY/84490,CLASSIC DL 90 DF,PRODUCT,0,1,POSITIVE_SALES_ACTIVITY,2121.6,3169.99,2121.6,1912.5,-209.1,-10.93,MATCH
581,359,CX92GM,Dec,RANGE COOKERS,CX92GM,Smeg Concert Stainless Steel 90cm,PRODUCT,0,1,POSITIVE_SALES_ACTIVITY,1007.48,1549.0,856.36,815.83,-40.53,-4.97,SOURCE_ADJUSTMENT
582,468,ESDL90DFPP,Dec,RANGE COOKERS,ESDL90DFPP,Rangemaster Estel Dlx 90cm DF Crm,PRODUCT,0,1,POSITIVE_SALES_ACTIVITY,2350.38,3525.49,2350.38,2375.0,24.62,1.04,MATCH
583,1377,WM2621,Dec,REMOTE CONTROLS,WM2621,OFA WALL MOUNT TILT FOR,PRODUCT,2,2,POSITIVE_SALES_ACTIVITY,11.05,29.99,22.1,47.48,25.38,53.45,MATCH
584,1274,URC3661,Dec,REMOTE CONTROLS,URC3661,One for All Universal Remote Control,PRODUCT,2,1,POSITIVE_SALES_ACTIVITY,14.37,25.49,14.37,20.83,6.46,31.01,MATCH
585,1167,T2351V11,Dec,ROBOT CLEANING,T2351V11,Eufy Robot Vaccum X10 Pro Omni,PRODUCT,6,3,POSITIVE_SALES_ACTIVITY,399.02,704.99,1197.06,1230.83,33.77,2.74,MATCH
586,1166,T2080GA1,Dec,ROBOT CLEANING,T2080GA1,Eufy Robot Vacuum S1 Pro,PRODUCT,3,-1,NEGATIVE_SALES_ACTIVITY,721.5,1274.49,-721.5,-750.0,-28.5,3.8,MATCH
587,1165,T2070G10,Dec,ROBOT CLEANING,T2070G10,Eufy Robot Vacuum 3-in-1 E20,PRODUCT,1,1,POSITIVE_SALES_ACTIVITY,288.31,509.49,288.31,233.33,-54.98,-23.56,MATCH
588,1169,T2353V11,Dec,ROBOT CLEANING,T2353V11,eufy Robot Vacuum Omni E25,PRODUCT,0,2,POSITIVE_SALES_ACTIVITY,437.8,773.49,875.6,1215.84,340.24,27.98,MATCH
589,69,24550,Dec,SANDWICH TOASTERS,24550,Russell Hobbs 4 Portion Sandwich,PRODUCT,1,1,POSITIVE_SALES_ACTIVITY,25.91,42.49,25.91,29.16,3.25,11.15,MATCH
590,1179,TAPOC100,Dec,SECURITY,TAPOC100,Tapo Home Security Wifi Camera,PRODUCT,1,2,POSITIVE_SALES_ACTIVITY,13.27,33.99,26.54,21.66,-4.88,-22.53,MATCH
591,1189,TAPOC520WSTAPO,Dec,SECURITY,TAPOC520WSTAPO,C520WS OUTDOORPAN,PRODUCT,1,1,POSITIVE_SALES_ACTIVITY,50.42,84.99,50.42,29.16,-21.26,-72.91,MATCH
592,1190,TAPOD210,Dec,SECURITY,TAPOD210,Smart Video Doorbell Camera,PRODUCT,-1,1,POSITIVE_SALES_ACTIVITY,50.6,0.49,50.6,41.66,-8.94,-21.46,MATCH
593,422,E8214311,Dec,SECURITY,E8214311,Eufy Video Doorbell E340 With,PRODUCT,1,1,POSITIVE_SALES_ACTIVITY,96.26,169.49,96.26,82.5,-13.76,-16.68,MATCH
594,826,NE3150,Dec,SHAVERS,NE3150,Remington trimmer,PRODUCT,2,1,POSITIVE_SALES_ACTIVITY,6.73,11.49,6.73,7.5,0.77,10.27,MATCH
595,769,MB5000,Dec,SHAVERS,MB5000,Remmington Beard Trimmer,PRODUCT,1,1,POSITIVE_SALES_ACTIVITY,23.32,38.49,23.32,31.66,8.34,26.34,MATCH
596,302,BI65FBLK,Dec,SINGLE OVENS,BI65FBLK,BELLING SINGLE OVEN BLACK,PRODUCT,0,1,POSITIVE_SALES_ACTIVITY,174.12,269.95,174.12,224.17,50.05,22.33,MATCH
597,725,KOFGH40TX,Dec,SINGLE OVENS,KOFGH40TX,Electrolux St/St Single Oven,PRODUCT,2,1,POSITIVE_SALES_ACTIVITY,227.64,399.99,227.64,209.99,-17.65,-8.41,MATCH
598,285,B6ACH7HG0BNEFF,Dec,SINGLE OVENS,B6ACH7HG0BNeff,N 50 built-in Single Oven,PRODUCT,1,1,POSITIVE_SALES_ACTIVITY,589.8,922.49,589.8,615.83,26.03,4.23,MATCH
599,273,B54CR71N0B,Dec,SINGLE OVENS,B54CR71N0B,Neff N70 St/St Single Oven,PRODUCT,1,1,POSITIVE_SALES_ACTIVITY,656.86,986.49,656.86,749.17,92.31,12.32,MATCH
600,279,B64FS31G0B,Dec,SINGLE OVENS,B64FS31G0B,Neff Graphite Grey Single Oven with,PRODUCT,0,1,POSITIVE_SALES_ACTIVITY,891.4,1337.99,891.4,1082.5,191.1,17.65,MATCH
601,282,B64VT73G0B,Dec,SINGLE OVENS,B64VT73G0B,Neff N90 Graphite Single Oven with,PRODUCT,1,1,POSITIVE_SALES_ACTIVITY,1041.36,1562.49,1041.36,1249.17,207.81,16.64,MATCH
602,594,HQA534BB3B,Dec,SINGLE OVENS,HQA534BB3B,Bosch Black Single Oven,PRODUCT,0,1,POSITIVE_SALES_ACTIVITY,281.66,432.99,281.66,300.83,19.17,6.37,MATCH
603,460,EOM6P46X,Dec,SINGLE OVENS,EOM6P46X,Electrolux St/St AirFry Single Oven,PRODUCT,1,1,POSITIVE_SALES_ACTIVITY,341.46,599.99,341.46,440.83,99.37,22.54,MATCH
604,321,C1AMG84G1BNEFF,Dec,SINGLE OVENS,C1AMG84G1BNeff,Graphite N50 Integrated Combi,PRODUCT,0,1,POSITIVE_SALES_ACTIVITY,471.65,704.99,471.65,576.67,105.02,18.21,MATCH
605,618,IO233XUK,Dec,SINGLE OVENS,IO233XUK,Indesit St/St Single Fan Oven,PRODUCT,1,1,POSITIVE_SALES_ACTIVITY,151.82,224.49,151.82,157.5,5.68,3.61,MATCH
606,268,B2ACH7AG7BNEFF,Dec,SINGLE OVENS,B2ACH7AG7BNeff,N50 Graphite Grey Single Oven,PRODUCT,2,1,POSITIVE_SALES_ACTIVITY,509.06,781.99,509.06,615.83,106.77,17.34,MATCH
607,63,24180,Dec,SLOW COOKERS,24180,Russell Hobbs Chalkboard Slow,PRODUCT,3,1,POSITIVE_SALES_ACTIVITY,23.32,38.49,23.32,22.5,-0.82,-3.64,MATCH
608,1280,USG10TY.DG,Dec,SPEAKERS,USG10TY.DG,LG 3.1 Wireless Soundbar,PRODUCT,1,2,POSITIVE_SALES_ACTIVITY,410.33,636.99,820.66,1081.66,261.0,24.13,MATCH
609,640,JBLGO4BLU,Dec,SPEAKERS,JBLGO4BLU,"JBL GO4, compact portable speaker",PRODUCT,0,1,POSITIVE_SALES_ACTIVITY,24.4,42.49,24.4,24.99,0.59,2.36,MATCH
610,641,JBLGO4RED,Dec,SPEAKERS,JBLGO4RED,"JBL GO4, compact portable speaker",PRODUCT,0,1,POSITIVE_SALES_ACTIVITY,24.4,42.49,24.4,24.99,0.59,2.36,MATCH
611,639,JBLGO4BLK,Dec,SPEAKERS,JBLGO4BLK,"JBL GO4, compact portable speaker",PRODUCT,1,1,POSITIVE_SALES_ACTIVITY,24.4,42.49,24.4,24.99,0.59,2.36,MATCH
612,801,MT-103GD-USMUSE,Dec,SPEAKERS,MT-103GD-USMUSE,Vintage Turntable (no plug),PRODUCT,2,1,POSITIVE_SALES_ACTIVITY,47.28,77.49,47.28,82.5,35.22,42.69,MATCH
613,638,JBLFLIP7BLK,Dec,SPEAKERS,JBLFLIP7BLK,JBL Flip 7 Portable Bluetooth,PRODUCT,1,1,POSITIVE_SALES_ACTIVITY,71.51,124.49,71.51,82.5,10.99,13.32,MATCH
614,636,JBLCHARGE6JBL,Dec,SPEAKERS,JBLCHARGE6JBL,Charge 6 Portable Bluetooth,PRODUCT,1,1,POSITIVE_SALES_ACTIVITY,95.35,165.99,95.35,107.5,12.15,11.3,MATCH
615,110,394433-01,Dec,STICK VACS,394433-01,V10 Absolute (2022 New Code),PRODUCT,0,1,POSITIVE_SALES_ACTIVITY,300.83,379.99,300.83,224.17,-76.66,-34.2,MATCH
616,632,IZ400UKT,Dec,STICK VACS,IZ400UKT,Shark Tru Pet Cordless Stick,PRODUCT,2,1,POSITIVE_SALES_ACTIVITY,293.68,484.49,293.68,182.5,-111.18,-60.92,MATCH
617,1291,VS20C9547TBSAMSUNG,Dec,STICK VACS,VS20C9547TBSamsung,Jet 95 Cordless Vac,PRODUCT,-2,1,POSITIVE_SALES_ACTIVITY,399.25,636.99,399.25,250.0,-149.25,-59.7,MATCH
618,28,12377910,Dec,STICK VACS,12377910,Miele Duoflex HX1 Nordic Blue,PRODUCT,1,2,POSITIVE_SALES_ACTIVITY,177.0,269.0,354.0,388.75,34.75,8.94,MATCH
619,29,12377940,Dec,STICK VACS,12377940,Miele Duoflex HX1 Cat&Dog,PRODUCT,1,1,POSITIVE_SALES_ACTIVITY,234.0,369.0,234.0,207.5,-26.5,-12.77,MATCH
620,317,BU3521UK,Dec,STICK VACS,BU3521UK,Shark Clean & Empty Cordless,PRODUCT,1,2,POSITIVE_SALES_ACTIVITY,240.81,347.99,481.62,331.66,-149.96,-45.21,MATCH
621,135,443096-01,Dec,STICK VACS,443096-01,Dyson V10 Total Clean,PRODUCT,0,1,POSITIVE_SALES_ACTIVITY,356.24,449.99,356.24,224.17,-132.07,-58.92,MATCH
622,1289,VS15A6031R4SAMSUNG,Dec,STICK VACS,VS15A6031R4Samsung,Jet 60 Cordless Vacuum,PRODUCT,3,1,POSITIVE_SALES_ACTIVITY,120.4,257.49,120.4,124.17,3.77,3.04,MATCH
623,147,499087-01,Dec,STICK VACS,499087-01,Dyson V16 Piston Animal Submarine,PRODUCT,2,1,POSITIVE_SALES_ACTIVITY,712.49,899.99,712.49,689.17,-23.32,-3.38,MATCH
624,1133,SM-X210NZAAGALAXY,Dec,TABLETS,SM-X210NZAAGalaxy,Tab A9+ GRAY WIFI 64GB,PRODUCT,-1,2,POSITIVE_SALES_ACTIVITY,155.16,211.99,310.32,265.0,-45.32,-17.1,MATCH
625,807,MVX23NF/A,Dec,TABLETS,MVX23NF/A,13-inch iPad Pro WiFi 256GB demo,PRODUCT,0,1,POSITIVE_SALES_ACTIVITY,1013.5,1458.49,992.97,1028.33,35.36,3.44,SOURCE_ADJUSTMENT
626,736,KXTGB612,Dec,TELEPHONES,KXTGB612,Panasonic Double Dect Phone,PRODUCT,0,1,POSITIVE_SALES_ACTIVITY,31.41,76.49,31.41,41.66,10.25,24.6,MATCH
627,162,5109BFTR,Dec,TELEPHONES,5109BFTR,Honor 200 Black 512GB,PRODUCT,1,1,POSITIVE_SALES_ACTIVITY,364.15,534.49,364.15,365.83,1.68,0.46,MATCH
628,1127,SM-A366BZK,Dec,TELEPHONES,SM-A366BZK,Samsung Galaxy A36 5G 256GB,PRODUCT,1,1,POSITIVE_SALES_ACTIVITY,279.99,390.49,279.99,332.5,52.51,15.79,MATCH
629,1124,SM-A266BZKC,Dec,TELEPHONES,SM-A266BZKC,Galaxy A26 5G 256GB Black,PRODUCT,1,1,POSITIVE_SALES_ACTIVITY,225.09,313.99,225.09,182.5,-42.59,-23.34,MATCH
630,1122,SM-A176BZKA,Dec,TELEPHONES,SM-A176BZKA,Samsung Galaxy A17 5G Black,PRODUCT,1,1,POSITIVE_SALES_ACTIVITY,147.51,205.99,147.51,140.83,-6.68,-4.74,MATCH
631,814,MZB0JSEEU,Dec,TELEPHONES,MZB0JSEEU,Redmi A5 Black,PRODUCT,2,1,POSITIVE_SALES_ACTIVITY,59.19,85.49,59.19,66.66,7.47,11.21,MATCH
632,1121,SM-A175FZKB,Dec,TELEPHONES,SM-A175FZKB,Samsung Galaxy A17 Black 128GB,PRODUCT,1,1,POSITIVE_SALES_ACTIVITY,0.0,0.49,0.0,107.5,107.5,100.0,MATCH
633,1242,TSF01CRUK,Dec,TOASTERS,TSF01CRUK,Smeg 2 Slice Cream Toaster,PRODUCT,4,2,POSITIVE_SALES_ACTIVITY,96.72,169.95,164.42,202.5,38.08,18.8,SOURCE_ADJUSTMENT
634,1244,TSF01SSUK,Dec,TOASTERS,TSF01SSUK,Smeg 2 Slice Chrome Toaster,PRODUCT,3,1,POSITIVE_SALES_ACTIVITY,125.17,219.95,106.39,106.25,-0.14,-0.13,SOURCE_ADJUSTMENT
635,354,CTI4003.M,Dec,TOASTERS,CTI4003.M,DeLonghi Distinta X 4SL Toaster,PRODUCT,1,-1,NEGATIVE_SALES_ACTIVITY,51.82,84.99,-51.82,-75.0,-23.18,30.91,MATCH
636,1206,TCP05.C0DG,Dec,TOASTERS,TCP05.C0DG,Kenwood Abbey Rose Gold Toaster,PRODUCT,0,1,POSITIVE_SALES_ACTIVITY,16.58,42.49,16.58,20.83,4.25,20.4,MATCH
637,1158,STA735BTR4,Dec,TOASTERS,STA735BTR4,Sage Black Truffle Toaster,PRODUCT,2,1,POSITIVE_SALES_ACTIVITY,67.37,109.99,67.37,62.5,-4.87,-7.79,MATCH
638,56,222066,Dec,TOASTERS,222066,MR Equip 2 slice toaster Red,PRODUCT,2,1,POSITIVE_SALES_ACTIVITY,21.26,33.99,21.26,19.99,-1.27,-6.35,MATCH
639,85,26551,Dec,TOASTERS,26551,Russell Hobbs Cream 2 Slice Toaster,PRODUCT,2,1,POSITIVE_SALES_ACTIVITY,23.32,38.49,23.32,26.66,3.34,12.53,MATCH
640,357,CTV3003.M,Dec,TOASTERS,CTV3003.M,DeLonghi Diadema toaster B/Steel,PRODUCT,0,1,POSITIVE_SALES_ACTIVITY,68.16,128.99,68.16,107.49,39.33,36.59,MATCH
641,1389,WQG245A0G,Dec,TUMBLE DRYERS,WQG245A0G,Bosch Series 6 Heat Pump Dryer,PRODUCT,0,1,POSITIVE_SALES_ACTIVITY,513.4,840.99,513.4,554.17,40.77,7.36,MATCH
642,1396,WTH85224GBBOSCH,Dec,TUMBLE DRYERS,WTH85224GBBosch,Series 4 8kg White Heat,PRODUCT,2,2,POSITIVE_SALES_ACTIVITY,362.63,546.99,725.26,806.67,81.41,10.09,MATCH
643,1390,WQG245R1G,Dec,TUMBLE DRYERS,WQG245R1G,Bosch Graphite 9kg Heat Pump Dryer,PRODUCT,-1,1,POSITIVE_SALES_ACTIVITY,550.4,850.99,550.4,582.5,32.1,5.51,MATCH
644,607,IDHE80WIRE,Dec,TUMBLE DRYERS,IDHE80WIRE,Indesit White 9kg Heat Pump Dryer,PRODUCT,0,1,POSITIVE_SALES_ACTIVITY,262.19,386.99,262.19,299.17,36.98,12.36,MATCH
645,1397,WTH85225IE,Dec,TUMBLE DRYERS,WTH85225IE,Bosch Series 4 8kg Heat Pump Dryer,PRODUCT,1,1,POSITIVE_SALES_ACTIVITY,348.3,601.49,348.3,415.83,67.53,16.24,MATCH
646,400,DV90DG6845LSUMSUNG,Dec,TUMBLE DRYERS,DV90DG6845LSumsung,White 9kg Heat Pump,PRODUCT,2,1,POSITIVE_SALES_ACTIVITY,600.5,921.49,600.5,524.99,-75.51,-14.38,MATCH
647,1250,UE24F6000FKSAMSUNG,Dec,TV,UE24F6000FKSamsung,"24"" Smart Television",PRODUCT,0,1,POSITIVE_SALES_ACTIVITY,119.12,165.49,119.12,107.5,-11.62,-10.81,MATCH
648,104,32LQ63006LA.LG,Dec,TV 32,32LQ63006LA.LG,"32"" Television",PRODUCT,1,1,POSITIVE_SALES_ACTIVITY,187.0,288.49,187.0,140.83,-46.17,-32.78,MATCH
649,1251,UE32F6000FKSAMSUNG,Dec,TV 32,UE32F6000FKSamsung,"32"" Smart Television",PRODUCT,1,1,POSITIVE_SALES_ACTIVITY,172.86,239.99,172.86,132.5,-40.36,-30.46,MATCH
650,121,43LQ60006LA.LG,Dec,TV 33 - 43,43LQ60006LA.LG,"43"" Smart TV",PRODUCT,-1,2,POSITIVE_SALES_ACTIVITY,187.0,288.49,374.0,303.34,-70.66,-23.29,MATCH
651,131,43QV2363DB,Dec,TV 33 - 43,43QV2363DB,"Toshiba 43"" QLED Smart TV",PRODUCT,-1,1,POSITIVE_SALES_ACTIVITY,219.22,341.49,219.22,165.83,-53.39,-32.2,MATCH
652,963,QE43Q7FAAUSAMSUNG,Dec,TV 33 - 43,QE43Q7FAAUSamsung,"43"" QLED Smart Television",PRODUCT,2,1,POSITIVE_SALES_ACTIVITY,359.31,538.99,359.31,332.5,-26.81,-8.06,MATCH
653,1256,UE43U8000FKSAMSUNG,Dec,TV 33 - 43,UE43U8000FKSamsung,"43"" UHD Smart Television",PRODUCT,1,1,POSITIVE_SALES_ACTIVITY,231.77,331.49,231.77,207.5,-24.27,-11.7,MATCH
654,122,43NANO81A6,Dec,TV 33 - 43,43NANO81A6,LG 43in NANO TV,PRODUCT,1,2,POSITIVE_SALES_ACTIVITY,311.46,399.33,622.92,515.0,-107.92,-20.96,MATCH
655,127,43QNED82A6,Dec,TV 33 - 43,43QNED82A6,LG 43in QNED TV,PRODUCT,1,2,POSITIVE_SALES_ACTIVITY,345.39,529.83,690.78,690.0,-0.78,-0.11,MATCH
656,1254,UE43U7000FKSAMSUNG,Dec,TV 33 - 43,UE43U7000FKSamsung,43 in 4K Smart TV,PRODUCT,2,0,ZERO_UNIT_FINANCIAL_ADJUSTMENT,231.43,360.49,0.0,-36.67,-36.67,100.0,MATCH
657,968,QE50Q7FAAUSAMSUNG,Dec,TV 44 - 50,QE50Q7FAAUSamsung,"50"" QLED Smart Television",PRODUCT,0,1,POSITIVE_SALES_ACTIVITY,409.16,397.99,409.16,382.5,-26.66,-6.97,MATCH
658,1259,UE50U8000FKSAMSUNG,Dec,TV 44 - 50,UE50U8000FKSamsung,"50"" UHD Smart Television",PRODUCT,1,1,POSITIVE_SALES_ACTIVITY,290.04,414.49,290.04,249.17,-40.87,-16.4,MATCH
659,153,50QNED70A6,Dec,TV 44 - 50,50QNED70A6,LG 50in QNED TV,PRODUCT,0,1,POSITIVE_SALES_ACTIVITY,353.22,608.13,353.22,349.17,-4.05,-1.16,MATCH
660,159,50UA73006LA.LG,Dec,TV 44 - 50,50UA73006LA.LG,50in UA 50UA TV,PRODUCT,4,1,POSITIVE_SALES_ACTIVITY,242.73,373.23,242.73,215.83,-26.9,-12.46,MATCH
661,967,QE50Q60DAU50,Dec,TV 51 - 59,QE50Q60DAU50,INCH Q60D DUAL LED WITH,PRODUCT,0,1,POSITIVE_SALES_ACTIVITY,450.84,679.49,450.84,357.5,-93.34,-26.11,MATCH
662,978,QE55QN90FA,Dec,TV 51 - 59,QE55QN90FA,"Samsung 55"" Neo QLED 4K",PRODUCT,1,1,POSITIVE_SALES_ACTIVITY,1105.11,1742.49,1105.11,749.17,-355.94,-47.51,MATCH
663,1264,UE55U8000FKSAMSUNG,Dec,TV 51 - 59,UE55U8000FKSamsung,"55"" UHD Smart Television",PRODUCT,3,1,POSITIVE_SALES_ACTIVITY,347.65,497.49,347.65,262.5,-85.15,-32.44,MATCH
664,170,55NANO81A6,Dec,TV 51 - 59,55NANO81A6,LG 55 NANO TV,PRODUCT,-2,2,POSITIVE_SALES_ACTIVITY,334.08,512.43,668.16,665.0,-3.16,-0.48,MATCH
665,851,OLED55C54L,Dec,TV 51 - 59,OLED55C54L,LG 55in C5 OLED TV,PRODUCT,2,1,POSITIVE_SALES_ACTIVITY,965.7,1486.83,965.7,815.83,-149.87,-18.37,MATCH
666,858,OLED55G56L,Dec,TV 51 - 59,OLED55G56L,LG 55in G5 OLED TV,PRODUCT,-1,1,POSITIVE_SALES_ACTIVITY,1269.33,2130.63,1269.33,1199.17,-70.16,-5.85,MATCH
667,189,65NANO81A6,Dec,TV 60 - 70,65NANO81A6,LG 65in NANO TV,PRODUCT,3,1,POSITIVE_SALES_ACTIVITY,441.09,677.73,441.09,458.33,17.24,3.76,MATCH
668,866,OLED65C54L,Dec,TV 60 - 70,OLED65C54L,LG 65in C5 OLED TV,PRODUCT,2,1,POSITIVE_SALES_ACTIVITY,1324.14,2121.93,1324.14,1082.5,-241.64,-22.32,MATCH
669,870,OLED65G54L,Dec,TV 60 - 70,OLED65G54L,LG 65in G5 OLED TV,PRODUCT,0,1,POSITIVE_SALES_ACTIVITY,1655.61,3131.13,1655.61,1665.83,10.22,0.61,MATCH
670,98,28086T,Dec,TV BRACKETS,28086T,TV BRACKET 200 VESA SINGLE,PRODUCT,0,0,ZERO_UNIT_FINANCIAL_ADJUSTMENT,15.29,29.99,0.0,-8.34,-8.34,100.0,MATCH
671,99,28097T,Dec,TV BRACKETS,28097T,TV BRACKET DOUBLE ARM 600 X,PRODUCT,2,1,POSITIVE_SALES_ACTIVITY,50.99,84.49,50.99,71.67,20.68,28.85,MATCH
672,1381,WM4661,Dec,TV BRACKETS,WM4661,One for All Tilt & Turn 120 deg 32 to,PRODUCT,1,1,POSITIVE_SALES_ACTIVITY,40.43,84.49,40.43,48.74,8.31,17.05,MATCH
673,1372,WM2251,Dec,TV BRACKETS,WM2251,One for All Tilt & Turn 180 for 132 to,PRODUCT,1,1,POSITIVE_SALES_ACTIVITY,12.44,29.99,12.44,24.99,12.55,50.22,MATCH
674,1373,WM2411,Dec,TV BRACKETS,WM2411,ONE FOR ALL TV BRACKET,PRODUCT,1,1,POSITIVE_SALES_ACTIVITY,7.77,16.99,7.77,14.16,6.39,45.13,MATCH
675,1371,WM2221,Dec,TV BRACKETS,WM2221,"One for All 13 "" to 40""",PRODUCT,4,1,POSITIVE_SALES_ACTIVITY,6.21,8.99,6.21,12.49,6.28,50.28,MATCH
676,1379,WM4452,Dec,TV BRACKETS,WM4452,One For All Solid Wall Mount,PRODUCT,4,1,POSITIVE_SALES_ACTIVITY,31.09,63.99,31.09,82.5,51.41,62.32,MATCH
677,949,PLB16B,Dec,TV BRACKETS,PLB16B,"iTech 23 to 43"" TV Bracket up to",PRODUCT,3,1,POSITIVE_SALES_ACTIVITY,9.32,25.49,9.32,24.17,14.85,61.44,MATCH
678,1380,WM4453,Dec,TV BRACKETS,WM4453,"OFA TV wall mount , Tilt 20°, 32 to",PRODUCT,1,1,POSITIVE_SALES_ACTIVITY,93.21,164.49,100.79,124.17,23.38,18.83,SOURCE_ADJUSTMENT
679,929,P455LMDW-E,Dec,U/C FRIDGE,P455LMDW-E,Powerpoint White 55cm U/C Larder,PRODUCT,1,1,POSITIVE_SALES_ACTIVITY,115.6,169.99,115.6,140.83,25.23,17.92,MATCH
680,567,HCR3818ENMHAIER,Dec,USA F/F,HCR3818ENMHaier,34005444 Silver Cube USA,PRODUCT,0,1,POSITIVE_SALES_ACTIVITY,575.85,849.99,575.85,665.83,89.98,13.51,MATCH
681,1011,RF48A401EM9SAMSUNG,Dec,USA F/F,RF48A401EM9Samsung,French Style USA Matt,PRODUCT,0,2,POSITIVE_SALES_ACTIVITY,879.46,1362.49,1758.92,1438.75,-320.17,-22.25,MATCH
682,536,GSXE91BSADLG,Dec,USA F/F,GSXE91BSADLG,"AMERICAN FRIDGE FREEZER,",PRODUCT,0,1,POSITIVE_SALES_ACTIVITY,1235.45,1826.99,1235.45,1332.5,97.05,7.28,MATCH
683,1037,RS70F64KEF,Dec,USA F/F,RS70F64KEF,Samsung Black St/St USA FF,PRODUCT,1,1,POSITIVE_SALES_ACTIVITY,990.98,1493.49,990.98,832.5,-158.48,-19.04,MATCH
684,1041,RS70F65KET,Dec,USA F/F,RS70F65KET,Samsung Silver St/St USA Fridge,PRODUCT,0,1,POSITIVE_SALES_ACTIVITY,808.95,1244.49,808.95,749.17,-59.78,-7.98,MATCH
685,503,FJM,Dec,VACUUM BAGS,FJM,BAGS Miele FJM Vacuum Cleaner Bags,PRODUCT,18,1,POSITIVE_SALES_ACTIVITY,7.39,14.49,7.39,12.08,4.69,38.82,MATCH
686,525,GN BAGS,Dec,VACUUM BAGS,GN BAGS,BAGS 400/600/800 SERIES AND S5,PRODUCT,14,1,POSITIVE_SALES_ACTIVITY,7.59,13.99,7.59,11.66,4.07,34.91,MATCH
687,1416,WW90T534DASAMSUNG,Dec,WASHING MACHINES,WW90T534DASAMSUNG,9KH AUTO DOSE,PRODUCT,1,1,POSITIVE_SALES_ACTIVITY,388.77,670.99,388.77,374.17,-14.6,-3.9,MATCH
688,1408,WW90CGC04,Dec,WASHING MACHINES,WW90CGC04,Samsung 9kg Eco Bubble Washer,PRODUCT,1,1,POSITIVE_SALES_ACTIVITY,351.47,509.49,351.47,316.66,-34.81,-10.99,MATCH
689,444,EFI61141B,Dec,WASHING MACHINES,EFI61141B,Electrolux 10kg 1400 Spin Washing,PRODUCT,3,2,POSITIVE_SALES_ACTIVITY,284.55,499.99,572.7,671.67,98.97,14.73,SOURCE_ADJUSTMENT
690,803,MTWC71485,Dec,WASHING MACHINES,MTWC71485,Indesit 7kg 1400 Spin Washing,PRODUCT,1,1,POSITIVE_SALES_ACTIVITY,190.03,280.49,190.03,215.83,25.8,11.95,MATCH
691,919,P35128KW-A,Dec,WASHING MACHINES,P35128KW-A,Powerpoint 8kg 1200 Spin A Rate,PRODUCT,0,1,POSITIVE_SALES_ACTIVITY,172.55,271.49,172.55,232.5,59.95,25.78,MATCH
692,1335,WGG244ZCG,Dec,WASHING MACHINES,WGG244ZCG,Bosch Graphite 9kg 1400 Spin,PRODUCT,2,2,POSITIVE_SALES_ACTIVITY,395.65,500.99,791.3,930.42,139.12,14.95,MATCH
693,1405,WW11DG6B8,Dec,WASHING MACHINES,WW11DG6B8,Samsung Black Series 6 1400,PRODUCT,0,1,POSITIVE_SALES_ACTIVITY,585.78,900.49,585.78,457.5,-128.28,-28.04,MATCH
694,1412,WW90DG6U8,Dec,WASHING MACHINES,WW90DG6U8,Samsung Series 6 9kg 1400 Spin,PRODUCT,2,1,POSITIVE_SALES_ACTIVITY,538.0,823.99,538.0,374.17,-163.83,-43.78,MATCH
695,589,HNR9W64GGIHOTPOINT,Dec,WASHING MACHINES,HNR9W64GGIHotpoint,Graphite 9kg 1400 Spin,PRODUCT,2,1,POSITIVE_SALES_ACTIVITY,270.66,399.49,270.66,290.83,20.17,6.94,MATCH
696,1319,WEJ885WCS,Dec,WASHING MACHINES,WEJ885WCS,Miele 12774970 9kg 1600 Spin,PRODUCT,0,1,POSITIVE_SALES_ACTIVITY,926.61,1529.49,926.61,1062.5,135.89,12.79,MATCH
697,486,F4Y510WBLN,Dec,WASHING MACHINES,F4Y510WBLN,LG 10kg White Steam Washing,PRODUCT,0,1,POSITIVE_SALES_ACTIVITY,346.15,422.49,346.15,315.83,-30.32,-9.6,MATCH
698,1338,WGG254F1GBBOSCH,Dec,WASHING MACHINES,WGG254F1GBBosch,iDos 10kg 1400 Spin Washing,PRODUCT,1,1,POSITIVE_SALES_ACTIVITY,494.16,756.03,494.16,440.83,-53.33,-12.1,MATCH
699,1306,WCA132WCS,Dec,WASHING MACHINES,WCA132WCS,Miele 12946120 8kg 1400Spin,PRODUCT,2,1,POSITIVE_SALES_ACTIVITY,440.46,902.99,440.46,474.17,33.71,7.11,MATCH
700,1412,WW90DG6U8,Dec,WASHING MACHINES,WW90DG6U8,Samsung White 9kg 1400 Spin,PRODUCT,0,1,POSITIVE_SALES_ACTIVITY,408.84,601.99,408.84,358.33,-50.51,-14.1,MATCH
701,485,F4X1009NWK.LG,Dec,WASHING MACHINES,F4X1009NWK.LG,White 10kg Direct Drive Washing,PRODUCT,2,1,POSITIVE_SALES_ACTIVITY,275.3,408.03,275.3,274.17,-1.13,-0.41,MATCH
702,1407,WW80CGC04,Dec,WASHING MACHINES,WW80CGC04,SAMSUNG Series 5 AI Energy Washing,PRODUCT,0,2,POSITIVE_SALES_ACTIVITY,0.0,0.49,0.0,515.0,515.0,100.0,MATCH
703,1430,Z1608CX0,Dec,WHITES ACCESSORIES,Z1608CX0,Neff Clip Rail Full Extention Runners,PRODUCT,0,1,POSITIVE_SALES_ACTIVITY,53.19,109.0,53.19,62.5,9.31,14.9,MATCH
704,111,3950424,Dec,WHITES ACCESSORIES,3950424,BERGHOFF Frying pan 32cm,PRODUCT,2,1,POSITIVE_SALES_ACTIVITY,18.7,46.99,18.7,41.66,22.96,55.11,MATCH
705,16,112.000,Jan,ACCESSORIES,112.000,AV Link 2.0M Coaxial Plug to Coaxial,PRODUCT,-1,1,POSITIVE_SALES_ACTIVITY,1.27,1.99,1.27,2.49,1.22,49.0,MATCH
706,384,DLSC312,Jan,ACCESSORIES,DLSC312,DeLonghi Latte Macchiato Glasses,PRODUCT,2,1,POSITIVE_SALES_ACTIVITY,14.17,25.49,14.17,16.66,2.49,14.95,MATCH
707,385,DLSC500,Jan,ACCESSORIES,DLSC500,Delonghi Descaler,PRODUCT,5,1,POSITIVE_SALES_ACTIVITY,7.77,14.49,7.77,7.5,-0.27,-3.6,MATCH
708,1077,SES008WHT0SAGE,Jan,ACCESSORIES,SES008WHT0Sage,Claro Swiss Water Filter,PRODUCT,11,1,POSITIVE_SALES_ACTIVITY,9.39,14.49,9.39,12.08,2.69,22.27,MATCH
709,1162,SV93605G,Jan,ACCESSORIES,SV93605G,OFA Digi ANT Indoor Amp to 45dB,PRODUCT,3,1,POSITIVE_SALES_ACTIVITY,19.17,33.99,19.17,29.16,9.99,34.26,MATCH
710,528,GO540,Jan,ACCESSORIES,GO540,GO EU to Ireland travel adapter,PRODUCT,1,2,POSITIVE_SALES_ACTIVITY,4.62,9.49,9.24,15.82,6.58,41.59,MATCH
711,529,GO554,Jan,ACCESSORIES,GO554,GO USA to Ireland travel adapter,PRODUCT,0,1,POSITIVE_SALES_ACTIVITY,5.04,9.49,5.04,7.91,2.87,36.28,MATCH
712,21,113.004,Jan,ACCESSORIES,113.004,USB Lead 2.0 Plug A to Plug B 1.5m,PRODUCT,2,1,POSITIVE_SALES_ACTIVITY,1.69,4.49,1.69,4.58,2.89,63.1,MATCH
713,120,430009,Jan,ACCESSORIES,430009,MERCURY 4 GANG SURGE 2M,PRODUCT,2,0,ZERO_UNIT_FINANCIAL_ADJUSTMENT,6.22,12.99,0.0,0.01,0.01,100.0,MATCH
714,1386,WP100EU,Jan,ACCESSORIES,WP100EU,Ninja Wireless Food Probe,PRODUCT,3,0,ZERO_UNIT_FINANCIAL_ADJUSTMENT,66.13,95.99,0.0,-0.01,-0.01,100.0,MATCH
715,310,BN750UK,Jan,BLENDERS,BN750UK,Ninja 2-in-1 Multi Serve Blender with,PRODUCT,4,2,POSITIVE_SALES_ACTIVITY,90.65,135.99,181.3,181.67,0.37,0.2,MATCH
716,790,MQ9135XI,Jan,BLENDERS,MQ9135XI,Braun Multiquick 9 Hand Blender,PRODUCT,1,1,POSITIVE_SALES_ACTIVITY,51.82,101.49,51.82,74.17,22.35,30.13,MATCH
717,634,JB7551BK,Jan,BLENDERS,JB7551BK,Braun Power Blend 7,PRODUCT,2,1,POSITIVE_SALES_ACTIVITY,58.74,127.49,58.74,82.5,23.76,28.8,MATCH
718,94,27121,Jan,BLENDERS,27121,Russell Hobbs Desire Matte Charcoal,PRODUCT,3,1,POSITIVE_SALES_ACTIVITY,36.28,59.49,36.28,41.66,5.38,12.91,MATCH
719,307,BLF03PKUK,Jan,BLENDERS,BLF03PKUK,Smeg Pink Jug Blender,PRODUCT,-1,1,POSITIVE_SALES_ACTIVITY,130.87,229.95,130.87,149.17,18.3,12.27,MATCH
720,759,LP02,Jan,BULBS,LP02,FRIDGE BULB 15W,PRODUCT,1,1,POSITIVE_SALES_ACTIVITY,0.5,4.49,0.5,3.74,3.24,86.63,MATCH
721,1195,TAPOL9205,Jan,BULBS,TAPOL9205,"Tapo Smart Light Strip, Multicolour",PRODUCT,0,2,POSITIVE_SALES_ACTIVITY,20.43,38.49,40.86,48.32,7.46,15.44,MATCH
722,664,JEGJDB115W,Jan,BULBS,JEGJDB115W,CDU12 CLEAR LED FILAMENT,PRODUCT,11,1,POSITIVE_SALES_ACTIVITY,1.72,3.99,1.72,3.33,1.61,48.35,MATCH
723,667,JEGJDB332,Jan,BULBS,JEGJDB332,JEGS CD3 42W XENON G9,PRODUCT,7,2,POSITIVE_SALES_ACTIVITY,1.43,2.99,2.86,4.98,2.12,42.57,MATCH
724,1228,TP61VR,Jan,CABLES,TP61VR,Deltaco Cat6 U/UTP Patch cable 1M,PRODUCT,0,2,POSITIVE_SALES_ACTIVITY,2.39,4.49,4.78,7.48,2.7,36.1,MATCH
725,1229,TP62VR,Jan,CABLES,TP62VR,Deltaco Cat6 U/UTP Patch cable 2M,PRODUCT,0,1,POSITIVE_SALES_ACTIVITY,2.67,5.49,2.67,4.58,1.91,41.7,MATCH
726,782,MM524R,Jan,CABLES,MM524R,"Deltaco 3,5mm Male to Male Stereo",PRODUCT,1,1,POSITIVE_SALES_ACTIVITY,3.64,5.99,3.64,4.99,1.35,27.05,MATCH
727,1230,TP65VR,Jan,CABLES,TP65VR,Deltaco Cat6 U/UTP Patch cable 5M,PRODUCT,1,1,POSITIVE_SALES_ACTIVITY,4.61,8.49,4.61,7.08,2.47,34.89,MATCH
728,19,112032,Jan,CABLES,112032,Flylead F Male - F Male 4.0m,PRODUCT,0,2,POSITIVE_SALES_ACTIVITY,2.17,4.49,4.34,7.48,3.14,41.98,MATCH
729,548,GVMA046WE,Jan,CABLES,GVMA046WE,Groove 1mt MFI Apple to USB-C,PRODUCT,0,1,POSITIVE_SALES_ACTIVITY,9.15,45.99,9.15,4.16,-4.99,-119.95,MATCH
730,544,GVMA003WE,Jan,CABLES,GVMA003WE,Groove 3mt USB-C to USB-A Cable,PRODUCT,2,1,POSITIVE_SALES_ACTIVITY,0.0,0.49,0.0,8.33,8.33,100.0,MATCH
731,1072,SEA501BSS0,Jan,COFFEE ACCESSORIES,SEA501BSS0,Sage The Knock Box 10,PRODUCT,-1,1,POSITIVE_SALES_ACTIVITY,19.13,31.49,19.13,17.5,-1.63,-9.31,MATCH
732,46,210003,Jan,COFFEE ACCESSORIES,210003,Morphy Richards St/St Milk Frother,PRODUCT,0,1,POSITIVE_SALES_ACTIVITY,25.95,41.49,25.95,24.17,-1.78,-7.36,MATCH
733,294,BES875UK,Jan,COFFEE MAKERS,BES875UK,Sage St/St Barista Express Coffee,PRODUCT,2,1,POSITIVE_SALES_ACTIVITY,336.84,500.99,336.84,395.83,58.99,14.9,MATCH
734,1080,SES876BSS4,Jan,COFFEE MAKERS,SES876BSS4,Sage Barista Express Impress St/St,PRODUCT,0,2,POSITIVE_SALES_ACTIVITY,430.18,704.99,860.36,773.33,-87.03,-11.25,MATCH
735,427,ECAM290.83.TDELONGHI,Jan,COFFEE MAKERS,ECAM290.83.TDeLonghi,Magnifica Evo Automatic,PRODUCT,0,1,POSITIVE_SALES_ACTIVITY,310.93,509.49,310.93,274.17,-36.76,-13.41,MATCH
736,463,ES601UK,Jan,COFFEE MAKERS,ES601UK,Ninja Luxe Café Premier series,PRODUCT,4,1,POSITIVE_SALES_ACTIVITY,368.39,551.99,368.39,416.67,48.28,11.59,MATCH
737,289,BCC12EGMU,Jan,COFFEE MAKERS,BCC12EGMU,BCC12EGMUK Bean to Cup coffee,PRODUCT,0,1,POSITIVE_SALES_ACTIVITY,460.95,809.95,460.95,457.5,-3.45,-0.75,MATCH
738,454,ENV90.B,Jan,COFFEE MAKERS,ENV90.B,Nespresso Pop black,PRODUCT,2,1,POSITIVE_SALES_ACTIVITY,30.58,67.49,30.58,45.83,15.25,33.28,MATCH
739,453,EN167.B,Jan,COFFEE MAKERS,EN167.B,Nespresso Citiz Black,PRODUCT,3,1,POSITIVE_SALES_ACTIVITY,85.52,152.49,85.52,100.0,14.48,14.48,MATCH
740,464,ES601UKBK,Jan,COFFEE MAKERS,ES601UKBK,Ninja Luxe Café Premier Espresso,PRODUCT,1,2,POSITIVE_SALES_ACTIVITY,386.28,558.49,772.56,808.33,35.77,4.43,MATCH
741,300,BFSE62MFIX,Jan,COOKERS,BFSE62MFIX,Belling St/St 60cm Ceramic Top,PRODUCT,0,1,POSITIVE_SALES_ACTIVITY,389.0,579.95,389.0,457.5,68.5,14.97,MATCH
742,891,P06E1S1W,Jan,COOKERS,P06E1S1W,Powerpoint 60cm White Single Cavity,PRODUCT,0,1,POSITIVE_SALES_ACTIVITY,175.1,256.99,175.1,175.1,0.0,0.0,MATCH
743,229,980565,Jan,CYLINDER VACS,980565,MR Cylindar Vac (Metal Tubes),PRODUCT,1,1,POSITIVE_SALES_ACTIVITY,47.86,84.99,47.86,66.63,18.77,28.17,MATCH
744,230,980571,Jan,CYLINDER VACS,980571,Morphy Richards 700W Bagless Vac,PRODUCT,5,1,POSITIVE_SALES_ACTIVITY,28.05,42.49,28.05,46.67,18.62,39.9,MATCH
745,22,11666850,Jan,CYLINDER VACS,11666850,Miele CX1 Boost Black & Red,PRODUCT,1,1,POSITIVE_SALES_ACTIVITY,147.19,279.99,147.19,147.19,0.0,0.0,MATCH
746,232,980579,Jan,CYLINDER VACS,980579,Morphy Richards Vacuum Cleaner,PRODUCT,2,1,POSITIVE_SALES_ACTIVITY,47.86,84.99,47.86,63.33,15.47,24.43,MATCH
747,233,980581,Jan,CYLINDER VACS,980581,Morphy Richards Bagless Pet 700w,PRODUCT,1,1,POSITIVE_SALES_ACTIVITY,58.51,93.49,58.51,82.5,23.99,29.08,MATCH
748,370,DELIVERY-CHLOCAL,Jan,DELIVERY CHARGE,DELIVERY-CHLOCAL,DELIVERY CHARGE,PRODUCT,-14,3,POSITIVE_SALES_ACTIVITY,0.0,0.49,0.0,3.33,3.33,100.0,MATCH
749,369,DELIVERY,Jan,DELIVERY CHARGE,Delivery,WEB DELIVERY CHARGE,SERVICE_CHARGE,-26,4,POSITIVE_SALES_ACTIVITY,0.0,5.99,0.0,13.33,13.33,100.0,MATCH
750,369,DELIVERY,Jan,DELIVERY CHARGE,DELIVERY,Web Delivery Charge,SERVICE_CHARGE,-9,1,POSITIVE_SALES_ACTIVITY,0.01,21.49,0.01,29.17,29.16,99.97,MATCH
751,1246,U1ACE2AG3BNEFF,Jan,DOUBLE OVENS,U1ACE2AG3BNeff,N50 Graphite Double Oven,PRODUCT,1,1,POSITIVE_SALES_ACTIVITY,582.42,878.99,582.42,615.83,33.41,5.43,MATCH
752,116,42120,Jan,DOWNDRAFT HOBS,42120,Novy Panorama 120 Pro 5 Zone,PRODUCT,0,1,POSITIVE_SALES_ACTIVITY,3184.1,5439.49,3184.1,4000.0,815.9,20.4,MATCH
753,38,16734,Jan,ELECTRIC BLANKETS,16734,"Imetec King, Dual Ctrl Mattress",PRODUCT,0,1,POSITIVE_SALES_ACTIVITY,95.75,152.99,95.75,128.33,32.58,25.39,MATCH
754,1020,RHEKB6003,Jan,ELECTRIC BLANKETS,RHEKB6003,Russell Hobbs King Size Dual Ctrl,PRODUCT,-1,1,POSITIVE_SALES_ACTIVITY,36.28,59.49,36.28,33.33,-2.95,-8.85,MATCH
755,379,DFB2004,Jan,ELECTRIC BLANKETS,DFB2004,Dimplex King Fleece Dual Ctrl,PRODUCT,1,-1,NEGATIVE_SALES_ACTIVITY,53.18,84.99,-53.18,-70.79,-17.61,24.88,MATCH
756,4,010-02839-00,Jan,FITNESS,010-02839-00,"Garmin Lily 2, Cream Gold w/",PRODUCT,1,1,POSITIVE_SALES_ACTIVITY,150.92,237.49,150.92,165.83,14.91,8.99,MATCH
757,144,48755,Jan,FOOD PREP,48755,MORPHY RICHARDS STEAMER,PRODUCT,1,1,POSITIVE_SALES_ACTIVITY,23.92,42.49,23.92,35.41,11.49,32.45,MATCH
758,35,15199,Jan,FOOD PREP,15199,Russell Hobbs 2 Plate Portable Hob,PRODUCT,3,2,POSITIVE_SALES_ACTIVITY,29.99,49.49,59.98,49.98,-10.0,-20.01,MATCH
759,788,MQ3025,Jan,FOOD PREP,MQ3025,Braun 700W Handblender,PRODUCT,4,-1,NEGATIVE_SALES_ACTIVITY,20.72,50.49,-20.72,-45.83,-25.11,54.79,MATCH
760,75,25051,Jan,FOOD PREP,25051,George Foreman SLATE GREY 7,PRODUCT,4,1,POSITIVE_SALES_ACTIVITY,29.17,63.99,29.17,49.17,20.0,40.68,MATCH
761,74,25041,Jan,FOOD PREP,25041,George Foreman 5 Portion Slate,PRODUCT,0,1,POSITIVE_SALES_ACTIVITY,31.09,50.99,31.09,33.33,2.24,6.72,MATCH
762,81,25820,Jan,FOOD PREP,25820,George Foreman Large Grill,PRODUCT,2,1,POSITIVE_SALES_ACTIVITY,49.99,74.99,49.99,33.33,-16.66,-49.99,MATCH
763,45,20920,Jan,FOOD PREP,20920,Russell Hobbs Pancake & Crepe,PRODUCT,2,1,POSITIVE_SALES_ACTIVITY,15.62,24.99,15.62,15.83,0.21,1.33,MATCH
764,39,19750,Jan,FOOD PREP,19750,Russell Hobbs Rice Cooker 1.8Ltr,PRODUCT,2,1,POSITIVE_SALES_ACTIVITY,23.32,38.49,23.32,20.83,-2.49,-11.95,MATCH
765,140,461021,Jan,FOOD PREP,461021,MR Easy Time 6.5L Sear & Stew,PRODUCT,1,1,POSITIVE_SALES_ACTIVITY,42.54,67.99,42.54,62.49,19.95,31.93,MATCH
766,771,MC1001UK,Jan,FOOD PREP,MC1001UK,Ninja 8-in-1 Slow Cooker,PRODUCT,0,2,POSITIVE_SALES_ACTIVITY,101.99,152.49,203.98,199.98,-4.0,-2.0,MATCH
767,494,FDP31.170GYKENWOOD,Jan,FOOD PREP,FDP31.170GYKenwood,Multipro Food Processor,PRODUCT,1,1,POSITIVE_SALES_ACTIVITY,51.82,84.99,51.82,58.33,6.51,11.16,MATCH
768,1066,SCA800DBL0ZSAGE,Jan,FOOD PREP,SCA800DBL0ZSage,the InFizz Fusion Damson Blue,PRODUCT,0,1,POSITIVE_SALES_ACTIVITY,103.61,169.99,103.61,74.99,-28.62,-38.17,MATCH
769,248,AF140UK,Jan,FOOD PREP,AF140UK,Ninja Air Fryer PRO 4.7L,PRODUCT,5,1,POSITIVE_SALES_ACTIVITY,70.83,131.99,70.83,82.5,11.67,14.15,MATCH
770,1119,SL300UK,Jan,FOOD PREP,SL300UK,Ninja Double Stack 2 Drawer Air,PRODUCT,1,1,POSITIVE_SALES_ACTIVITY,150.4,223.49,150.4,141.67,-8.73,-6.16,MATCH
771,722,KN650B,Jan,FOOD PREP,KN650B,Kenwood Electric Kitchen Knife,PRODUCT,9,5,POSITIVE_SALES_ACTIVITY,15.55,25.49,77.75,77.75,0.0,0.0,MATCH
772,245,ADD915/10,Jan,FOOD PREP,ADD915/10,Philips Sodamaker CO2 Cylinder,PRODUCT,20,2,POSITIVE_SALES_ACTIVITY,15.33,24.99,30.66,20.82,-9.84,-47.26,MATCH
773,1001,RB34C600ES,Jan,FRIDGE FREEZERS,RB34C600ES,Samsung 1.85 Combi F/F St/St,PRODUCT,0,1,POSITIVE_SALES_ACTIVITY,431.32,612.49,431.32,379.17,-52.15,-13.75,MATCH
774,687,KGN392LAF,Jan,FRIDGE FREEZERS,KGN392LAF,Bosch Series 4 St St Look 203 x 60,PRODUCT,0,1,POSITIVE_SALES_ACTIVITY,756.77,1138.49,756.77,524.17,-232.6,-44.37,MATCH
775,613,INK25322S4U,Jan,FRIDGE FREEZERS,INK25322S4U,Indesit 1835 x 595 Silver 70/30 Silver,PRODUCT,0,1,POSITIVE_SALES_ACTIVITY,291.33,429.99,291.33,299.17,7.84,2.62,MATCH
776,614,INK25322W4UINDESIT,Jan,FRIDGE FREEZERS,INK25322W4UIndesit,1835 x 595 White 70/30,PRODUCT,1,1,POSITIVE_SALES_ACTIVITY,291.33,429.99,291.33,290.83,-0.5,-0.17,MATCH
777,1425,XRFSD5265,Jan,FRIDGE FREEZERS,XRFSD5265,Liebherr SXS,PRODUCT,0,1,POSITIVE_SALES_ACTIVITY,2127.55,3824.49,2127.55,2666.67,539.12,20.22,MATCH
778,727,KS36VVIEPG,Jan,FRIDGES,KS36VVIEPG,Siemens Inox Fridge 186 x 60cm,PRODUCT,3,1,POSITIVE_SALES_ACTIVITY,486.96,771.99,486.96,565.83,78.87,13.94,MATCH
779,71,24580,Jan,FRYERS,24580,Russell Hobbs Digital Deep Fryer,PRODUCT,0,1,POSITIVE_SALES_ACTIVITY,51.82,84.99,51.82,51.67,-0.15,-0.29,MATCH
780,251,AF300UK,Jan,FRYERS,AF300UK,Ninja Dual Zone Air Fryer,PRODUCT,3,1,POSITIVE_SALES_ACTIVITY,141.66,220.49,141.66,107.5,-34.16,-31.78,MATCH
781,252,AF400UK,Jan,FRYERS,AF400UK,Ninja Foodi Max Dual Zon Fryer 9.5L,PRODUCT,3,1,POSITIVE_SALES_ACTIVITY,157.16,254.49,157.16,149.99,-7.17,-4.78,MATCH
782,1120,SL400UK,Jan,FRYERS,SL400UK,Ninja Double Stacked Air Fryer,PRODUCT,2,2,POSITIVE_SALES_ACTIVITY,181.31,271.49,362.62,331.66,-30.96,-9.33,MATCH
783,506,FN101UKST,Jan,FRYERS,FN101UKST,Ninja CRISPi 4-in-1 Portable Glass,PRODUCT,-1,1,POSITIVE_SALES_ACTIVITY,106.24,186.49,106.24,107.5,1.26,1.17,MATCH
784,418,DZ400UK,Jan,FRYERS,DZ400UK,Ninja MAX 6-in-1 Dual Zone Air Fryer,PRODUCT,3,2,POSITIVE_SALES_ACTIVITY,160.45,249.0,320.9,263.34,-57.56,-21.86,MATCH
785,417,DZ300UK,Jan,FRYERS,DZ300UK,Ninja 6-in-1 Dual Zone Air Fryer 7.6L,PRODUCT,3,1,POSITIVE_SALES_ACTIVITY,141.66,222.99,141.66,99.17,-42.49,-42.85,MATCH
786,361,D3010,Jan,HAIRCARE,D3010,Remington Hair Dryer,PRODUCT,1,1,POSITIVE_SALES_ACTIVITY,11.24,19.99,11.24,13.33,2.09,15.68,MATCH
787,337,CI98X8,Jan,HAIRCARE,CI98X8,Remington Proluxe You Adaptive,PRODUCT,0,1,POSITIVE_SALES_ACTIVITY,41.45,67.99,41.45,45.83,4.38,9.56,MATCH
788,569,HD301UK,Jan,HAIRCARE,HD301UK,Shark SppedStyle Hair Dryer,PRODUCT,1,1,POSITIVE_SALES_ACTIVITY,70.83,110.99,70.83,83.33,12.5,15.0,MATCH
789,813,MXP93ZM/A,Jan,HEADPHONES,MXP93ZM/A,AirPods 4 with Active Noise,PRODUCT,3,1,POSITIVE_SALES_ACTIVITY,131.96,169.49,131.96,99.17,-32.79,-33.06,MATCH
790,661,JBLTFLEX2W,Jan,HEADPHONES,JBLTFLEX2W,JBL TUNE Flex 2 - True Wireless NC,PRODUCT,0,1,POSITIVE_SALES_ACTIVITY,45.07,84.99,45.07,65.83,20.76,31.54,MATCH
791,1418,WWR20,Jan,HEATING,WWR20,Winterwarm 2kw Radiator,PRODUCT,0,1,POSITIVE_SALES_ACTIVITY,37.22,67.99,37.22,51.75,14.53,28.08,MATCH
792,1238,TRRS0920,Jan,HEATING,TRRS0920,DELONGHI RADIA S HEATER,PRODUCT,2,1,POSITIVE_SALES_ACTIVITY,51.82,101.49,51.82,58.33,6.51,11.16,MATCH
793,262,ART20,Jan,HEATING,ART20,DIMPLEX ARTESIA WALL FIRE,PRODUCT,3,1,POSITIVE_SALES_ACTIVITY,221.11,382.49,221.11,265.83,44.72,16.82,MATCH
794,1237,TRNS0505M,Jan,HEATING,TRNS0505M,"DELONGHI 0.5KW ""BAMBINO""FOR",PRODUCT,1,1,POSITIVE_SALES_ACTIVITY,36.28,54.49,36.28,62.49,26.21,41.94,MATCH
795,1236,TRDX41025E,Jan,HEATING,TRDX41025E,DeLonghi 2.5kW Dragon 4 Oil Filled,PRODUCT,-1,1,POSITIVE_SALES_ACTIVITY,114.82,203.99,114.82,165.83,51.01,30.76,MATCH
796,1235,TRDSX40820EKENWOOD,Jan,HEATING,TRDSX40820EKenwood,Dragon 4 2KW Old Filled,PRODUCT,0,1,POSITIVE_SALES_ACTIVITY,119.6,211.99,119.6,129.17,9.57,7.41,MATCH
797,837,OFRSMT25BLDIMPLEX,Jan,HEATING,OFRSMT25BLDimplex,Black 2.5KW Smart Oil,PRODUCT,0,2,POSITIVE_SALES_ACTIVITY,83.11,131.99,166.22,214.99,48.77,22.68,MATCH
798,1239,TRRS0920E.GDELONGHI,Jan,HEATING,TRRS0920E.GDeLonghi,2Kw Oil Filled Radiator,PRODUCT,2,2,POSITIVE_SALES_ACTIVITY,77.74,127.49,155.48,193.99,38.51,19.85,MATCH
799,183,586344-01,Jan,HEATING,586344-01,Dyson AM15 Hot & Cold Fan,PRODUCT,1,1,POSITIVE_SALES_ACTIVITY,316.66,399.99,316.66,290.83,-25.83,-8.88,MATCH
800,261,ARCHT60FL,Jan,HOBS,ARCHT60FL,NORDMENDE 60CM CERAMIC HOB,PRODUCT,0,1,POSITIVE_SALES_ACTIVITY,117.3,186.49,117.3,149.17,31.87,21.36,MATCH
801,419,E10G1UK1BL,Jan,HOME CINEMA,E10G1UK1BL,Sonos Era 100 (Black),PRODUCT,2,3,POSITIVE_SALES_ACTIVITY,147.49,237.49,442.47,422.5,-19.97,-4.73,MATCH
802,371,DENONHOMEDENON,Jan,HOME CINEMA,DENONHOMEDenon,Home 150 Black,PRODUCT,2,1,POSITIVE_SALES_ACTIVITY,131.3,220.49,131.3,140.83,9.53,6.77,MATCH
803,600,HW-B400F/XUSAMSUNG,Jan,HOME CINEMA,HW-B400F/XUSamsung,B Series Soundbar,PRODUCT,5,1,POSITIVE_SALES_ACTIVITY,107.47,165.49,107.47,82.5,-24.97,-30.27,MATCH
804,15,1107130,Jan,HOUSEHOLD,1107130,Berghoff Coffee /Tea Plunger .80L,PRODUCT,0,1,POSITIVE_SALES_ACTIVITY,6.91,16.99,6.91,14.16,7.25,51.2,MATCH
805,113,3950571,Jan,HOUSEHOLD,3950571,Berghoff 28cm Phantom Frying Pan,PRODUCT,1,1,POSITIVE_SALES_ACTIVITY,23.84,41.99,23.84,25.08,1.24,4.94,MATCH
806,34,1315080,Jan,HOUSEHOLD,1315080,Berghoff Covered stockpot Helix,PRODUCT,1,1,POSITIVE_SALES_ACTIVITY,22.96,57.49,22.96,29.16,6.2,21.26,MATCH
807,1101,SHPP0389,Jan,INK,SHPP0389,HP (3YM61AE) 305 Ink Cartridge,PRODUCT,-1,2,POSITIVE_SALES_ACTIVITY,8.53,14.49,17.06,28.32,11.26,39.76,MATCH
808,1100,SHPP0369,Jan,INK,SHPP0369,HP (3YM60AE) 305 Ink Cartridge,PRODUCT,2,1,POSITIVE_SALES_ACTIVITY,8.53,14.49,8.53,14.99,6.46,43.1,MATCH
809,319,C13T10G1401EPSON,Jan,INK,C13T10G1401Epson,SEPS1519 (604) Black,PRODUCT,-1,1,POSITIVE_SALES_ACTIVITY,10.85,16.49,10.85,12.49,1.64,13.13,MATCH
810,615,INSTALLATIO,Jan,INSTALLATION,INSTALLATIO,INSTALLATION FEE,PRODUCT,-53,8,POSITIVE_SALES_ACTIVITY,0.01,125.49,0.08,408.35,408.27,99.98,MATCH
811,1144,SMV6ZCX10GBOSCH,Jan,INT DISHWASHERS,SMV6ZCX10GBosch,NEW Series 6 Integrated,PRODUCT,1,1,POSITIVE_SALES_ACTIVITY,360.83,747.49,360.83,582.5,221.67,38.05,MATCH
812,1050,S155HVX00G,Jan,INT DISHWASHERS,S155HVX00G,Neff N50 Integrated Dishwasher,PRODUCT,0,1,POSITIVE_SALES_ACTIVITY,432.0,669.0,432.0,399.17,-32.83,-8.22,MATCH
813,520,G7085SCVIXXMIELE,Jan,INT DISHWASHERS,G7085SCVIXXMiele,12865050 Integrated,PRODUCT,0,2,POSITIVE_SALES_ACTIVITY,878.06,1461.49,1756.12,2183.34,427.22,19.57,MATCH
814,699,KIN86NSE0G,Jan,INT FRIDGE FREEZERS,KIN86NSE0G,Bosch Series 2 Integrated Fridge,PRODUCT,0,1,POSITIVE_SALES_ACTIVITY,539.38,815.49,539.38,557.5,18.12,3.25,MATCH
815,768,M2230SC,Jan,INT MICROWAVES,M2230SC,Miele Integrated Microwave,PRODUCT,0,1,POSITIVE_SALES_ACTIVITY,435.11,874.99,435.11,733.33,298.22,40.67,MATCH
816,92,27000,Jan,IRONS,27000,Russell Hobbs Diamond Iron 3100W,PRODUCT,7,1,POSITIVE_SALES_ACTIVITY,41.45,67.99,41.45,29.16,-12.29,-42.15,MATCH
817,541,GV9230,Jan,IRONS,GV9230,Tefal Pro Express Protect Generator,PRODUCT,1,1,POSITIVE_SALES_ACTIVITY,129.05,254.49,129.05,190.83,61.78,32.37,MATCH
818,1106,SI5008BL,Jan,IRONS,SI5008BL,Braun Iron,PRODUCT,3,1,POSITIVE_SALES_ACTIVITY,38.87,63.99,38.87,49.99,11.12,22.24,MATCH
819,389,DT2020G0BLUTEFAL,Jan,IRONS,DT2020G0BLUTefal,Blue Clothes Steamer,PRODUCT,1,3,POSITIVE_SALES_ACTIVITY,31.08,50.99,93.24,102.47,9.23,9.01,MATCH
820,106,333030,Jan,IRONS,333030,Morphy Richards 6 Bar Steam Iron,PRODUCT,1,1,POSITIVE_SALES_ACTIVITY,74.47,118.99,74.47,82.5,8.03,9.73,MATCH
821,625,IS5247VI,Jan,IRONS,IS5247VI,BRAUN CARE STYLE 5 STEAM,PRODUCT,4,1,POSITIVE_SALES_ACTIVITY,103.66,195.49,103.66,149.17,45.51,30.51,MATCH
822,1303,WA850RE,Jan,IT ACCESSORIES,WA850RE,300Mbps Wall-plug Wireless N,PRODUCT,5,1,POSITIVE_SALES_ACTIVITY,9.27,20.49,9.27,13.33,4.06,30.46,MATCH
823,1222,TL-SG1005DV5-PORT,Jan,IT ACCESSORIES,TL-SG1005DV5-port,"Desktop Gigabit Switch, 5",PRODUCT,2,1,POSITIVE_SALES_ACTIVITY,8.75,18.99,8.75,10.83,2.08,19.21,MATCH
824,491,FD16GATT4-EPNY,Jan,IT ACCESSORIES,FD16GATT4-EPNY,USB Sliding design - Black read,PRODUCT,2,2,POSITIVE_SALES_ACTIVITY,2.92,7.99,5.84,13.32,7.48,56.16,MATCH
825,260,ARCHERC50VAC1200,Jan,IT ACCESSORIES,ARCHERC50VAC1200,Wireless Dual Band Gigabit,PRODUCT,1,1,POSITIVE_SALES_ACTIVITY,21.96,39.99,21.96,27.49,5.53,20.12,MATCH
826,490,FD128ATT431PNY,Jan,IT ACCESSORIES,FD128ATT431PNY,128GB USB 3.1 Memory Stick,PRODUCT,1,1,POSITIVE_SALES_ACTIVITY,7.79,25.49,7.79,11.66,3.87,33.19,MATCH
827,886,P-SDU32GU18PNY,Jan,IT ACCESSORIES,P-SDU32GU18PNY,Elite microSDHC card 32G,PRODUCT,3,6,POSITIVE_SALES_ACTIVITY,3.33,5.99,19.98,29.92,9.94,33.22,MATCH
828,887,P-SDUX64U18PNY,Jan,IT ACCESSORIES,P-SDUX64U18PNY,Elite Micro Class 10 SD adapter,PRODUCT,7,1,POSITIVE_SALES_ACTIVITY,3.74,7.99,3.74,6.66,2.92,43.84,MATCH
829,1198,TAPOP1102P,Jan,IT ACCESSORIES,TAPOP1102P,TP LINK SMART WIFI SOCKET 2,PRODUCT,1,1,POSITIVE_SALES_ACTIVITY,14.81,25.49,14.81,16.66,1.85,11.1,MATCH
830,551,GVMA107WE,Jan,IT ACCESSORIES,GVMA107WE,GROOVE USBC MAINS CHARGER,PRODUCT,2,1,POSITIVE_SALES_ACTIVITY,6.72,12.99,6.72,10.83,4.11,37.95,MATCH
831,41,20460,Jan,KETTLES,20460,RUSSELLHOBBS QUIET BOIL,PRODUCT,2,1,POSITIVE_SALES_ACTIVITY,28.12,44.99,28.12,25.0,-3.12,-12.48,MATCH
832,674,KBIN3001.BK,Jan,KETTLES,KBIN3001.BK,Delonghi Black Distinta Kettle,PRODUCT,0,1,POSITIVE_SALES_ACTIVITY,57.01,127.49,57.01,70.83,13.82,19.51,MATCH
833,706,KLF03CRUK,Jan,KETTLES,KLF03CRUK,Smeg Cream Retro Kettle 3D Logo,PRODUCT,1,1,POSITIVE_SALES_ACTIVITY,96.72,169.95,93.72,108.83,15.11,13.88,SOURCE_ADJUSTMENT
834,710,KLF03WHUK,Jan,KETTLES,KLF03WHUK,SMEG WHITE 3D LOGO KETTLE,PRODUCT,2,1,POSITIVE_SALES_ACTIVITY,96.72,169.95,96.72,124.17,27.45,22.11,MATCH
835,57,23211,Jan,KETTLES,23211,Luna Moonlight Grey Quiet Boil Kettle,PRODUCT,3,1,POSITIVE_SALES_ACTIVITY,36.28,64.95,36.28,45.83,9.55,20.84,MATCH
836,77,25113,Jan,KETTLES,25113,Eclipse Kettle - Copper Sunset,PRODUCT,5,1,POSITIVE_SALES_ACTIVITY,36.28,59.49,36.28,36.67,0.39,1.06,MATCH
837,673,KBI3001.M,Jan,KETTLES,KBI3001.M,DeLonghi Distinta X Matt Silver Kettle,PRODUCT,1,1,POSITIVE_SALES_ACTIVITY,51.82,84.99,51.82,70.83,19.01,26.84,MATCH
838,9,102785,Jan,KETTLES,102785,"MR Equip Metallic Red, 1.5 litre, 3kw",PRODUCT,3,1,POSITIVE_SALES_ACTIVITY,0.0,33.99,0.0,21.67,21.67,100.0,MATCH
839,1434,ZJP11.A0PU,Jan,KETTLES,ZJP11.A0PU,Kenwood Elegancy Purple 1.7 Kettle,PRODUCT,-1,1,POSITIVE_SALES_ACTIVITY,25.91,50.99,25.91,37.49,11.58,30.89,MATCH
840,42,20462,Jan,KETTLES,20462,Russell Hobbs Black Quiet Boil Kettle,PRODUCT,3,1,POSITIVE_SALES_ACTIVITY,28.5,46.99,28.5,28.33,-0.17,-0.6,MATCH
841,84,26420,Jan,KETTLES,26420,Russell Hobbs Distinctions Kettle,PRODUCT,0,1,POSITIVE_SALES_ACTIVITY,36.28,59.49,36.28,36.66,0.38,1.04,MATCH
842,707,KLF03EGMUKSMEG,Jan,KETTLES,KLF03EGMUKSmeg,Emerald Green Matte Kettle,PRODUCT,1,1,POSITIVE_SALES_ACTIVITY,125.17,219.95,125.17,125.17,0.0,0.0,MATCH
843,1118,SKE735SFB4,Jan,KETTLES,SKE735SFB4,Sage Saffron Luxe Kettle,PRODUCT,-1,1,POSITIVE_SALES_ACTIVITY,67.37,110.49,67.37,74.17,6.8,9.17,MATCH
844,705,KLF03BLMUK,Jan,KETTLES,KLF03BLMUK,KLF03BLMUK Kettle in Matte Black,PRODUCT,0,1,POSITIVE_SALES_ACTIVITY,125.17,219.95,118.72,132.5,13.78,10.4,SOURCE_ADJUSTMENT
845,86,26750,Jan,KETTLES,26750,Russell Hobbs Bronte Kettle Black,PRODUCT,2,1,POSITIVE_SALES_ACTIVITY,37.49,59.99,37.49,33.33,-4.16,-12.48,MATCH
846,237,980599,Jan,KETTLES,980599,Morphy Richards Colour Boutique,PRODUCT,2,1,POSITIVE_SALES_ACTIVITY,29.13,49.99,29.13,37.49,8.36,22.3,MATCH
847,1111,SK3605ZC-N1ASUS,Jan,LAPTOPS,SK3605ZC-N1Asus,"VivoBook 16"" C-i7 12650H RTX",PRODUCT,0,1,POSITIVE_SALES_ACTIVITY,625.53,938.49,625.53,707.5,81.97,11.59,MATCH
848,1028,RHMM701R,Jan,MICROWAVE OVENS,RHMM701R,Russell Hobbs Red Microwave 17L,PRODUCT,-4,1,POSITIVE_SALES_ACTIVITY,71.87,110.99,71.87,64.99,-6.88,-10.59,MATCH
849,227,980539,Jan,MICROWAVE OVENS,980539,Dimplex Black 23L 900 Watts,PRODUCT,0,1,POSITIVE_SALES_ACTIVITY,82.9,127.49,82.9,91.67,8.77,9.57,MATCH
850,226,980538,Jan,MICROWAVE OVENS,980538,DIMPLEX 23 LITRE 900 WATT,PRODUCT,0,1,POSITIVE_SALES_ACTIVITY,82.9,161.49,82.9,82.5,-0.4,-0.48,MATCH
851,234,980585,Jan,MICROWAVE OVENS,980585,Dimplex 26L 900W Combi Microwave,PRODUCT,0,1,POSITIVE_SALES_ACTIVITY,110.5,212.49,110.5,88.11,-22.39,-25.41,MATCH
852,231,980575,Jan,MICROWAVE OVENS,980575,Dimplex Black 20L 800W Microwave,PRODUCT,1,2,POSITIVE_SALES_ACTIVITY,55.25,84.49,110.5,123.33,12.83,10.4,MATCH
853,902,P22720CPMB,Jan,MICROWAVE OVENS,P22720CPMB,Powerpoint 20L Black 700W F/S,PRODUCT,1,1,POSITIVE_SALES_ACTIVITY,42.5,62.99,42.5,49.99,7.49,14.98,MATCH
854,904,P22720CPMS,Jan,MICROWAVE OVENS,P22720CPMS,Powerpoint Silver 20L 700W,PRODUCT,4,1,POSITIVE_SALES_ACTIVITY,44.2,64.99,44.2,49.99,5.79,11.58,MATCH
855,799,MS23K3523ASSAMSUNG,Jan,MICROWAVE OVENS,MS23K3523ASSamsung,Silver 23L Microwave,PRODUCT,0,1,POSITIVE_SALES_ACTIVITY,68.06,107.49,68.06,83.33,15.27,18.32,MATCH
856,796,MS23K3515A,Jan,MICROWAVE OVENS,MS23K3515A,Samsung White 23L Microwave,PRODUCT,2,1,POSITIVE_SALES_ACTIVITY,68.06,107.49,68.06,83.33,15.27,18.32,MATCH
857,767,M,Jan,MISC,M,MISCELANEOUS,PRODUCT,-22,4,POSITIVE_SALES_ACTIVITY,0.01,0.49,0.04,-4104.19,-4104.23,100.0,MATCH
858,1422,XP3200,Jan,PRINTERS,XP3200,Epson Expression Home XP-3200,PRODUCT,1,1,POSITIVE_SALES_ACTIVITY,44.23,67.99,44.23,41.66,-2.57,-6.17,MATCH
859,1436,ZOOMBOXFMCD,Jan,RADIOS,ZOOMBOXFMCD,"Boombox, FM/AM Radio, Stereo",PRODUCT,2,1,POSITIVE_SALES_ACTIVITY,37.22,59.49,37.22,45.83,8.61,18.79,MATCH
860,884,ORTUSFMW,Jan,RADIOS,ORTUSFMW,"FM Radio, Dual alarm Radio/Buzzer",PRODUCT,4,1,POSITIVE_SALES_ACTIVITY,18.6,34.95,18.6,20.0,1.4,7.0,MATCH
861,501,FH110EBK,Jan,RANGE COOKERS,FH110EBK,BELLING FARMHOUSE 110CM ALL,PRODUCT,0,1,POSITIVE_SALES_ACTIVITY,879.75,1486.99,879.75,1000.0,120.25,12.03,MATCH
862,1226,TOLP110DFF,Jan,RANGE COOKERS,TOLP110DFF,Rangemaster Toledo 110 Ind St/St,PRODUCT,0,1,POSITIVE_SALES_ACTIVITY,2435.13,3653.49,2435.13,1666.67,-768.46,-46.11,MATCH
863,1277,URC7115,Jan,REMOTE CONTROLS,URC7115,One for All Evolve TV Operate for 1,PRODUCT,1,1,POSITIVE_SALES_ACTIVITY,8.98,22.99,8.98,9.58,0.6,6.26,MATCH
864,1377,WM2621,Jan,REMOTE CONTROLS,WM2621,OFA WALL MOUNT TILT FOR,PRODUCT,2,3,POSITIVE_SALES_ACTIVITY,11.05,29.99,33.15,81.65,48.5,59.4,MATCH
865,1276,URC4911,Jan,REMOTE CONTROLS,URC4911,LG TV Replacement Remote Control,PRODUCT,4,1,POSITIVE_SALES_ACTIVITY,10.63,21.49,10.63,18.33,7.7,42.01,MATCH
866,1273,URC1919,Jan,REMOTE CONTROLS,URC1919,One for All Toshiba Remote Control,PRODUCT,5,1,POSITIVE_SALES_ACTIVITY,8.5,21.49,8.5,17.91,9.41,52.54,MATCH
867,1167,T2351V11,Jan,ROBOT CLEANING,T2351V11,Eufy Robot Vaccum X10 Pro Omni,PRODUCT,6,4,POSITIVE_SALES_ACTIVITY,399.02,704.99,1596.08,1660.83,64.75,3.9,MATCH
868,1169,T2353V11,Jan,ROBOT CLEANING,T2353V11,eufy Robot Vacuum Omni E25,PRODUCT,0,1,POSITIVE_SALES_ACTIVITY,437.8,773.49,437.8,549.17,111.37,20.28,MATCH
869,79,25800,Jan,SANDWICH TOASTERS,25800,George Foreman Fit Grill Small,PRODUCT,4,1,POSITIVE_SALES_ACTIVITY,18.74,29.99,18.74,18.74,0.0,0.0,MATCH
870,80,25810,Jan,SANDWICH TOASTERS,25810,George Foreman Fit Grill Medium,PRODUCT,1,2,POSITIVE_SALES_ACTIVITY,0.0,46.99,0.0,26.25,26.25,100.0,MATCH
871,266,B0BZWQP9Z1BATTERY,Jan,SECURITY,B0BZWQP9Z1Battery,Video Doorbell - SN - EU,PRODUCT,-2,1,POSITIVE_SALES_ACTIVITY,62.38,99.99,62.38,83.33,20.95,25.14,MATCH
872,1177,T88923W1,Jan,SECURITY,T88923W1,EufyCam S3 Pro 2-Cam Kit,PRODUCT,0,2,POSITIVE_SALES_ACTIVITY,288.31,509.49,576.62,274.17,-302.45,-110.31,MATCH
873,1176,T8223312,Jan,SECURITY,T8223312,Eufy Video doorbell C31,PRODUCT,2,1,POSITIVE_SALES_ACTIVITY,57.27,101.49,57.27,45.83,-11.44,-24.96,MATCH
874,483,F2002,Jan,SHAVERS,F2002,Remington F2 Series Foil Shaver,PRODUCT,3,1,POSITIVE_SALES_ACTIVITY,15.62,22.99,15.62,18.33,2.71,14.78,MATCH
875,560,H7464BPBL,Jan,SINGLE OVENS,H7464BPBL,Miele Black 11093600 Pyro Single,PRODUCT,1,2,POSITIVE_SALES_ACTIVITY,1291.17,2209.49,2582.34,2683.34,101.0,3.76,MATCH
876,594,HQA534BB3B,Jan,SINGLE OVENS,HQA534BB3B,Bosch Black Single Oven,PRODUCT,0,1,POSITIVE_SALES_ACTIVITY,281.66,432.99,281.66,299.17,17.51,5.85,MATCH
877,284,B6ACH7AG7BNEFF,Jan,SINGLE OVENS,B6ACH7AG7BNeff,N50 Graphite Single Oven,PRODUCT,0,1,POSITIVE_SALES_ACTIVITY,599.91,912.49,599.91,615.83,15.92,2.59,MATCH
878,268,B2ACH7AG7BNEFF,Jan,SINGLE OVENS,B2ACH7AG7BNeff,N50 Graphite Grey Single Oven,PRODUCT,2,-1,NEGATIVE_SALES_ACTIVITY,509.06,781.99,-509.06,-615.83,-106.77,17.34,MATCH
879,793,MRG11072SGFRANKIE,Jan,SINKS,MRG11072SGFrankie,Maris Slate Grey Sink 110-72,PRODUCT,0,1,POSITIVE_SALES_ACTIVITY,450.91,695.49,450.91,494.0,43.09,8.72,MATCH
880,792,MRG11072PWFRANKIE,Jan,SINKS,MRG11072PWFrankie,Maris Sink Polar White,PRODUCT,0,1,POSITIVE_SALES_ACTIVITY,450.91,695.49,450.91,494.0,43.09,8.72,MATCH
881,1278,US40T.DGBRLLG,Jan,SPEAKERS,US40T.DGBRLLG,2.1Ch Bluetooth Soundbar with,PRODUCT,2,1,POSITIVE_SALES_ACTIVITY,168.33,296.99,168.33,124.17,-44.16,-35.56,MATCH
882,641,JBLGO4RED,Jan,SPEAKERS,JBLGO4RED,"JBL GO4, compact portable speaker",PRODUCT,0,1,POSITIVE_SALES_ACTIVITY,24.4,42.49,24.4,24.99,0.59,2.36,MATCH
883,801,MT-103GD-USMUSE,Jan,SPEAKERS,MT-103GD-USMUSE,Vintage Turntable (no plug),PRODUCT,2,1,POSITIVE_SALES_ACTIVITY,47.28,77.49,47.28,82.5,35.22,42.69,MATCH
884,646,JBLPBCLUB1,Jan,SPEAKERS,JBLPBCLUB1,JBL Party speaker with replacable,PRODUCT,1,1,POSITIVE_SALES_ACTIVITY,190.7,331.49,190.7,224.17,33.47,14.93,MATCH
885,1054,S6003UK,Jan,STEAM CLEANERS,S6003UK,Shark Klik N' Flip Steam Pocket Mop,PRODUCT,1,1,POSITIVE_SALES_ACTIVITY,99.16,178.49,99.16,83.33,-15.83,-19.0,MATCH
886,1055,S6005UK,Jan,STEAM CLEANERS,S6005UK,Shark Floor & Handheld Steam,PRODUCT,2,4,POSITIVE_SALES_ACTIVITY,127.49,203.49,511.69,481.65,-30.04,-6.24,SOURCE_ADJUSTMENT
887,1069,SD200UK,Jan,STEAM CLEANERS,SD200UK,Shark SteamPickUp Hard Floor,PRODUCT,2,1,POSITIVE_SALES_ACTIVITY,140.96,203.49,140.96,165.0,24.04,14.57,MATCH
888,632,IZ400UKT,Jan,STICK VACS,IZ400UKT,Shark Tru Pet Cordless Stick,PRODUCT,2,1,POSITIVE_SALES_ACTIVITY,293.68,484.49,293.68,199.17,-94.51,-47.45,MATCH
889,633,IZ420UKT,Jan,STICK VACS,IZ420UKT,Shark True Pet Anti Hair Wrap Stick,PRODUCT,2,1,POSITIVE_SALES_ACTIVITY,318.74,552.49,318.74,247.5,-71.24,-28.78,MATCH
890,29,12377940,Jan,STICK VACS,12377940,Miele Duoflex HX1 Cat&Dog,PRODUCT,1,1,POSITIVE_SALES_ACTIVITY,234.0,369.0,234.0,287.49,53.49,18.61,MATCH
891,136,447033-01,Jan,STICK VACS,447033-01,Dyson V15 Detect Absolute,PRODUCT,1,2,POSITIVE_SALES_ACTIVITY,514.58,649.99,1029.16,790.0,-239.16,-30.27,MATCH
892,627,IW1511UK,Jan,STICK VACS,IW1511UK,Shark Detect Pro Cordless Vacuum,PRODUCT,1,1,POSITIVE_SALES_ACTIVITY,240.82,373.49,240.82,265.0,24.18,9.12,MATCH
893,317,BU3521UK,Jan,STICK VACS,BU3521UK,Shark Clean & Empty Cordless,PRODUCT,1,1,POSITIVE_SALES_ACTIVITY,240.81,347.99,240.81,165.83,-74.98,-45.21,MATCH
894,145,492637-01,Jan,STICK VACS,492637-01,New V8 Advanced,PRODUCT,4,1,POSITIVE_SALES_ACTIVITY,261.24,329.99,261.24,191.66,-69.58,-36.3,MATCH
895,628,IW4621UKT,Jan,STICK VACS,IW4621UKT,Shark Vacuum Cleaner,PRODUCT,-1,1,POSITIVE_SALES_ACTIVITY,304.33,430.99,304.33,240.83,-63.5,-26.37,MATCH
896,629,IZ380UK,Jan,STICK VACS,IZ380UK,Shark PowerPro Stick Vac,PRODUCT,2,1,POSITIVE_SALES_ACTIVITY,166.32,259.99,166.32,149.17,-17.15,-11.5,MATCH
897,1289,VS15A6031R4SAMSUNG,Jan,STICK VACS,VS15A6031R4Samsung,Jet 60 Cordless Vacuum,PRODUCT,3,3,POSITIVE_SALES_ACTIVITY,120.4,257.49,361.2,361.2,0.0,0.0,MATCH
898,1134,SM-X230NZS,Jan,TABLETS,SM-X230NZS,Samsung Galaxy Tab A11+ 128GB,PRODUCT,0,1,POSITIVE_SALES_ACTIVITY,182.2,248.99,182.2,207.5,25.3,12.19,MATCH
899,216,8483A1-2ALC,Jan,TABLETS,8483A1-2ALC,TCL 10L GEN 4 4GB 64GB INC,PRODUCT,2,1,POSITIVE_SALES_ACTIVITY,71.49,112.49,71.49,58.33,-13.16,-22.56,MATCH
900,954,PRO3,Jan,TAPS,PRO3,Quooker PRO3-EQ B Tank,PRODUCT,5,1,POSITIVE_SALES_ACTIVITY,347.5,695.0,347.5,459.17,111.67,24.32,MATCH
901,333,CFNRPTB,Jan,TAPS,CFNRPTB,Quooker Tap Classic Fusion Round,PRODUCT,0,1,POSITIVE_SALES_ACTIVITY,597.5,1195.0,597.5,713.33,115.83,16.24,MATCH
902,1153,SP01Z01Z321,Jan,TELEPHONES,SP01Z01Z321,Nokia C22 - 2+64GB Black,PRODUCT,2,-1,NEGATIVE_SALES_ACTIVITY,58.81,90.49,-58.81,-74.99,-16.18,21.58,MATCH
903,1126,SM-A266BZKCGALAXY,Jan,TELEPHONES,SM-A266BZKCGalaxy,A26 5G 256GB Black,PRODUCT,1,1,POSITIVE_SALES_ACTIVITY,225.09,313.99,225.09,207.5,-17.59,-8.48,MATCH
904,1123,SM-A176BZKASAMSUNG,Jan,TELEPHONES,SM-A176BZKASamsung,Galaxy A17 5G Black,PRODUCT,1,1,POSITIVE_SALES_ACTIVITY,147.51,205.99,147.51,140.83,-6.68,-4.74,MATCH
905,814,MZB0JSEEU,Jan,TELEPHONES,MZB0JSEEU,Redmi A5 Black,PRODUCT,2,1,POSITIVE_SALES_ACTIVITY,59.19,85.49,59.19,74.99,15.8,21.07,MATCH
906,815,MZB0KOAEU,Jan,TELEPHONES,MZB0KOAEU,Redmi 15C 4G Black,PRODUCT,2,2,POSITIVE_SALES_ACTIVITY,82.61,119.99,165.22,199.98,34.76,17.38,MATCH
907,1242,TSF01CRUK,Jan,TOASTERS,TSF01CRUK,Smeg 2 Slice Cream Toaster,PRODUCT,4,1,POSITIVE_SALES_ACTIVITY,96.72,169.95,82.21,99.17,16.96,17.1,SOURCE_ADJUSTMENT
908,1245,TSF01WHUK,Jan,TOASTERS,TSF01WHUK,SMEG WHITE 2 SLICE TOASTER,PRODUCT,1,1,POSITIVE_SALES_ACTIVITY,96.72,169.95,96.72,115.83,19.11,16.5,MATCH
909,58,23221,Jan,TOASTERS,23221,Luna Moonlight Grey 2 Slice Toaster,PRODUCT,2,1,POSITIVE_SALES_ACTIVITY,31.09,50.99,31.09,45.83,14.74,32.16,MATCH
910,67,24380,Jan,TOASTERS,24380,Russell Hobbs White 4 Slice Toaster,PRODUCT,2,1,POSITIVE_SALES_ACTIVITY,36.24,54.99,36.24,35.83,-0.41,-1.14,MATCH
911,1206,TCP05.C0DG,Jan,TOASTERS,TCP05.C0DG,Kenwood Abbey Rose Gold Toaster,PRODUCT,0,1,POSITIVE_SALES_ACTIVITY,16.58,42.49,16.58,20.83,4.25,20.4,MATCH
912,1243,TSF01EGMUKSMEG,Jan,TOASTERS,TSF01EGMUKSmeg,Emerald Green Matte 2 Slice,PRODUCT,1,1,POSITIVE_SALES_ACTIVITY,125.17,219.95,125.17,137.5,12.33,8.97,MATCH
913,1159,STA735SFB4,Jan,TOASTERS,STA735SFB4,Sage Saffron Luxe Toaster,PRODUCT,1,1,POSITIVE_SALES_ACTIVITY,67.37,110.49,67.37,67.5,0.13,0.19,MATCH
914,1241,TSF01BLMUK,Jan,TOASTERS,TSF01BLMUK,TSF01BLMUK Two Slice Toaster in,PRODUCT,0,1,POSITIVE_SALES_ACTIVITY,125.17,219.95,118.72,120.83,2.11,1.75,SOURCE_ADJUSTMENT
915,1216,TFP09.000CR,Jan,TOASTERS,TFP09.000CR,Kenwood Cream Dawn 4 Slice,PRODUCT,2,1,POSITIVE_SALES_ACTIVITY,22.03,42.99,22.03,28.33,6.3,22.24,MATCH
916,1213,TEH785WP,Jan,TUMBLE DRYERS,TEH785WP,Miele 11871830 9kg Heat Pump,PRODUCT,1,2,POSITIVE_SALES_ACTIVITY,854.34,1410.49,1708.68,1915.0,206.32,10.77,MATCH
917,393,DV90DB8845,Jan,TUMBLE DRYERS,DV90DB8845,Samsung Series 8 9kg Heat Pump,PRODUCT,1,1,POSITIVE_SALES_ACTIVITY,672.3,1020.49,672.3,749.17,76.87,10.26,MATCH
918,833,NTSM1192SK,Jan,TUMBLE DRYERS,NTSM1192SK,Hotpoint 9kg White Heat Pump Dryer,PRODUCT,0,1,POSITIVE_SALES_ACTIVITY,367.07,566.99,367.07,374.99,7.92,2.11,MATCH
919,1397,WTH85225IE,Jan,TUMBLE DRYERS,WTH85225IE,Bosch Series 4 8kg Heat Pump Dryer,PRODUCT,1,1,POSITIVE_SALES_ACTIVITY,348.3,601.49,348.3,415.83,67.53,16.24,MATCH
920,395,DV90DG52A0,Jan,TUMBLE DRYERS,DV90DG52A0,Samsung Series 5 Tumble Dryer,PRODUCT,1,1,POSITIVE_SALES_ACTIVITY,0.0,0.49,0.0,562.5,562.5,100.0,MATCH
921,121,43LQ60006LA.LG,Jan,TV 33 - 43,43LQ60006LA.LG,"43"" Smart TV",PRODUCT,-1,1,POSITIVE_SALES_ACTIVITY,187.0,288.49,187.0,155.83,-31.17,-20.0,MATCH
922,1256,UE43U8000FKSAMSUNG,Jan,TV 33 - 43,UE43U8000FKSamsung,"43"" UHD Smart Television",PRODUCT,1,1,POSITIVE_SALES_ACTIVITY,231.77,331.49,231.77,207.5,-24.27,-11.7,MATCH
923,970,QE50QEF1AUSAMSUNG,Jan,TV 44 - 50,QE50QEF1AUSamsung,"50"" QLED Smart Television",PRODUCT,0,1,POSITIVE_SALES_ACTIVITY,360.6,522.49,360.6,290.83,-69.77,-23.99,MATCH
924,150,50NANO81A6,Jan,TV 44 - 50,50NANO81A6,LG 50in NANO TV,PRODUCT,0,1,POSITIVE_SALES_ACTIVITY,283.62,503.73,283.62,315.83,32.21,10.2,MATCH
925,670,K55S38B.UKASONY,Jan,TV 51 - 59,K55S38B.UKASony,"55"" Bravia 3 TV",PRODUCT,1,1,POSITIVE_SALES_ACTIVITY,655.49,995.49,655.49,538.33,-117.16,-21.76,MATCH
926,977,QE55QN70FA,Jan,TV 51 - 59,QE55QN70FA,"Samsung 55"" Neo QLED Television",PRODUCT,1,1,POSITIVE_SALES_ACTIVITY,684.3,1078.49,684.3,624.99,-59.31,-9.49,MATCH
927,975,QE55QEF1AUSAMSUNG,Jan,TV 51 - 59,QE55QEF1AUSamsung,"55"" QLED Smart Television",PRODUCT,3,1,POSITIVE_SALES_ACTIVITY,429.23,621.99,429.23,332.5,-96.73,-29.09,MATCH
928,170,55NANO81A6,Jan,TV 51 - 59,55NANO81A6,LG 55 NANO TV,PRODUCT,-2,2,POSITIVE_SALES_ACTIVITY,334.08,512.43,668.16,665.0,-3.16,-0.48,MATCH
929,175,55QNED82A6,Jan,TV 51 - 59,55QNED82A6,LG 55in QNED TV,PRODUCT,0,1,POSITIVE_SALES_ACTIVITY,475.89,729.93,475.89,440.83,-35.06,-7.95,MATCH
930,856,OLED55G54L,Jan,TV 51 - 59,OLED55G54L,LG 55in G5 OLED TV,PRODUCT,1,1,POSITIVE_SALES_ACTIVITY,1269.33,2130.63,1269.33,1249.17,-20.16,-1.61,MATCH
931,1262,UE55U7000FKSAMSUNG,Jan,TV 51 - 59,UE55U7000FKSamsung,55 in Smart Television,PRODUCT,1,2,POSITIVE_SALES_ACTIVITY,344.12,532.49,688.24,498.34,-189.9,-38.11,MATCH
932,189,65NANO81A6,Jan,TV 60 - 70,65NANO81A6,LG 65in NANO TV,PRODUCT,3,1,POSITIVE_SALES_ACTIVITY,441.09,677.73,441.09,495.83,54.74,11.04,MATCH
933,202,65UA75006LA.LG,Jan,TV 60 - 70,65UA75006LA.LG,65in UA 65UA TV,PRODUCT,0,1,POSITIVE_SALES_ACTIVITY,433.26,669.03,433.26,374.17,-59.09,-15.79,MATCH
934,863,OLED65B56LALG,Jan,TV 60 - 70,OLED65B56LALG,65in B5 OLED TV,PRODUCT,0,1,POSITIVE_SALES_ACTIVITY,1260.63,1939.23,1260.63,832.5,-428.13,-51.43,MATCH
935,214,75UA75006LA.LG,Jan,TV 75+,75UA75006LA.LG,75in UA 75UA TV,PRODUCT,1,1,POSITIVE_SALES_ACTIVITY,592.47,912.63,592.47,495.84,-96.63,-19.49,MATCH
936,1161,SV1240,Jan,TV ACCESSORIES,SV1240,One For All Total Control Amplified,PRODUCT,3,0,ZERO_UNIT_FINANCIAL_ADJUSTMENT,11.73,33.99,0.0,0.01,0.01,100.0,MATCH
937,1375,WM2451,Jan,TV BRACKETS,WM2451,"One for All Tilt & Turn 180 Deg 13"" to",PRODUCT,6,1,POSITIVE_SALES_ACTIVITY,17.1,29.99,17.1,24.99,7.89,31.57,MATCH
938,98,28086T,Jan,TV BRACKETS,28086T,TV BRACKET 200 VESA SINGLE,PRODUCT,0,1,POSITIVE_SALES_ACTIVITY,15.29,29.99,15.29,29.16,13.87,47.57,MATCH
939,1374,WM2421,Jan,TV BRACKETS,WM2421,"One for All Tilt for Screens 32"" to 55""",PRODUCT,5,1,POSITIVE_SALES_ACTIVITY,10.88,29.99,10.88,24.17,13.29,54.99,MATCH
940,1379,WM4452,Jan,TV BRACKETS,WM4452,One For All Solid Wall Mount,PRODUCT,4,1,POSITIVE_SALES_ACTIVITY,31.09,63.99,31.09,62.49,31.4,50.25,MATCH
941,950,PLB44SEB,Jan,TV BRACKETS,PLB44SEB,"iTech 32 to 55"" TV Bracket 40kg",PRODUCT,2,1,POSITIVE_SALES_ACTIVITY,14.99,50.99,14.99,40.83,25.84,63.29,MATCH
942,1376,WM2470,Jan,TV BRACKETS,WM2470,One for All Universal TV Pedestal,PRODUCT,0,1,POSITIVE_SALES_ACTIVITY,36.35,59.49,36.35,22.91,-13.44,-58.66,MATCH
943,313,BR110WH,Jan,U/C FRIDGE,BR110WH,Belling 55cm U/C Fridge with Icebox,PRODUCT,0,1,POSITIVE_SALES_ACTIVITY,129.9,199.95,129.9,156.67,26.77,17.09,MATCH
944,1037,RS70F64KEF,Jan,USA F/F,RS70F64KEF,Samsung Black St/St USA FF,PRODUCT,1,1,POSITIVE_SALES_ACTIVITY,990.98,1493.49,990.98,915.83,-75.15,-8.21,MATCH
945,1041,RS70F65KET,Jan,USA F/F,RS70F65KET,Samsung Silver St/St USA Fridge,PRODUCT,0,1,POSITIVE_SALES_ACTIVITY,808.95,1244.49,808.95,749.17,-59.78,-7.98,MATCH
946,534,GSLC40PYPE.LG,Jan,USA F/F,GSLC40PYPE.LG,Silver USA Fridge Freezer,PRODUCT,2,1,POSITIVE_SALES_ACTIVITY,738.4,1260.63,738.4,665.83,-72.57,-10.9,MATCH
947,1060,SBB,Jan,VACUUM ACCESSORIES,SBB,Parquet Twister floor head (7155710),PRODUCT,0,1,POSITIVE_SALES_ACTIVITY,26.97,55.49,26.97,41.66,14.69,35.26,MATCH
948,503,FJM,Jan,VACUUM BAGS,FJM,BAGS Miele FJM Vacuum Cleaner Bags,PRODUCT,18,1,POSITIVE_SALES_ACTIVITY,7.39,14.49,7.39,12.08,4.69,38.82,MATCH
949,525,GN BAGS,Jan,VACUUM BAGS,GN BAGS,BAGS 400/600/800 SERIES AND S5,PRODUCT,14,2,POSITIVE_SALES_ACTIVITY,7.59,13.99,15.18,23.32,8.14,34.91,MATCH
950,1168,T2351V11-81,Jan,VACUUM BAGS,T2351V11-81,Dust Bags * 2 - for X10 Pro Omni,PRODUCT,8,1,POSITIVE_SALES_ACTIVITY,4.87,8.99,4.87,7.49,2.62,34.98,MATCH
951,477,EWDE861483,Jan,WASHER DRYERS,EWDE861483,Indesit 8kg/6kg 1400 Spin Washer,PRODUCT,0,1,POSITIVE_SALES_ACTIVITY,287.94,374.49,287.94,315.0,27.06,8.59,MATCH
952,1384,WNC254ARG,Jan,WASHER DRYERS,WNC254ARG,Bosch Graphite 10.5/6kg Washer,PRODUCT,0,1,POSITIVE_SALES_ACTIVITY,716.6,1019.49,716.6,716.68,0.08,0.01,MATCH
953,1320,WEK365WCS,Jan,WASHING MACHINES,WEK365WCS,Miele (12392780) 10kg 1400 Spin,PRODUCT,1,3,POSITIVE_SALES_ACTIVITY,797.56,1359.49,2392.68,2832.49,439.81,15.53,MATCH
954,1408,WW90CGC04,Jan,WASHING MACHINES,WW90CGC04,Samsung 9kg Eco Bubble Washer,PRODUCT,1,1,POSITIVE_SALES_ACTIVITY,351.47,509.49,351.47,316.66,-34.81,-10.99,MATCH
955,1402,WW11DB8B95SAMSUNG,Jan,WASHING MACHINES,WW11DB8B95Samsung,Blk Stl Series 8 11Kg 1400,PRODUCT,0,1,POSITIVE_SALES_ACTIVITY,771.66,1231.99,771.66,599.17,-172.49,-28.79,MATCH
956,1339,WGG254Z0GB*BOSCH,Jan,WASHING MACHINES,WGG254Z0GB*Bosch,Series 6 10kg 1400 Spin,PRODUCT,0,1,POSITIVE_SALES_ACTIVITY,398.65,602.99,398.65,380.83,-17.82,-4.68,MATCH
957,803,MTWC71485,Jan,WASHING MACHINES,MTWC71485,Indesit 7kg 1400 Spin Washing,PRODUCT,1,2,POSITIVE_SALES_ACTIVITY,190.03,280.49,380.06,440.0,59.94,13.62,MATCH
958,498,FFB9469WVUWHIRLPOOL,Jan,WASHING MACHINES,FFB9469WVUWhirlpool,9kg 1400 Spin Washing,PRODUCT,1,2,POSITIVE_SALES_ACTIVITY,316.73,467.49,633.46,633.46,0.0,0.0,MATCH
959,588,HNR9W64BSI,Jan,WASHING MACHINES,HNR9W64BSI,Hotpoint Black 9kg 1400 Spin,PRODUCT,1,1,POSITIVE_SALES_ACTIVITY,270.66,398.99,270.66,270.66,0.0,0.0,MATCH
960,486,F4Y510WBLN,Jan,WASHING MACHINES,F4Y510WBLN,LG 10kg White Steam Washing,PRODUCT,0,1,POSITIVE_SALES_ACTIVITY,346.15,422.49,346.15,374.17,28.02,7.49,MATCH
961,1341,WGG254Z1GBBOSCH,Jan,WASHING MACHINES,WGG254Z1GBBosch,Series 6 10kg 1400 Spin,PRODUCT,0,1,POSITIVE_SALES_ACTIVITY,488.46,773.49,488.46,457.5,-30.96,-6.77,MATCH
962,1342,WGH254ARG,Jan,WASHING MACHINES,WGH254ARG,Bosch 10kg 1400Spin Cast Iron Gray,PRODUCT,0,1,POSITIVE_SALES_ACTIVITY,579.7,893.99,579.7,665.83,86.13,12.94,MATCH
963,1306,WCA132WCS,Jan,WASHING MACHINES,WCA132WCS,Miele 12946120 8kg 1400Spin,PRODUCT,2,1,POSITIVE_SALES_ACTIVITY,440.46,902.99,440.46,482.5,42.04,8.71,MATCH
964,358,CWF,Jan,WATER FILTERS,CWF,Quooker Cold Water Filter,PRODUCT,1,1,POSITIVE_SALES_ACTIVITY,147.5,295.0,147.5,195.0,47.5,24.36,MATCH
965,23,11891600,Jan,WHITES ACCESSORIES,11891600,Miele Ultra Phase 1 WA UP1 1402 L,PRODUCT,2,2,POSITIVE_SALES_ACTIVITY,8.58,14.99,17.16,24.98,7.82,31.31,MATCH
966,24,11891800,Jan,WHITES ACCESSORIES,11891800,Miele Ultra Phase 2 WA UP2 1402,PRODUCT,7,1,POSITIVE_SALES_ACTIVITY,8.58,14.99,8.58,12.49,3.91,31.31,MATCH
